"year","harvest_rate","harvest_rate_pct","proportion_in_window","proportion_outside_window","exploitation_rate","exploitation_rate_pct"
"2017",0.1,10,0.0373734989148019,0.962626501085198,0.0962626501085198,9.62626501085198
"2017",0.2,20,0.0373734989148019,0.962626501085198,0.19252530021704,19.252530021704
"2017",0.3,30,0.0373734989148019,0.962626501085198,0.28878795032556,28.878795032556
"2017",0.4,40,0.0373734989148019,0.962626501085198,0.385050600434079,38.5050600434079
"2017",0.5,50,0.0373734989148019,0.962626501085198,0.481313250542599,48.1313250542599
"2018",0.1,10,0.0975935673170001,0.902406432683,0.0902406432683,9.02406432683
"2018",0.2,20,0.0975935673170001,0.902406432683,0.1804812865366,18.04812865366
"2018",0.3,30,0.0975935673170001,0.902406432683,0.2707219298049,27.07219298049
"2018",0.4,40,0.0975935673170001,0.902406432683,0.3609625730732,36.09625730732
"2018",0.5,50,0.0975935673170001,0.902406432683,0.4512032163415,45.12032163415
"2019",0.1,10,0.242282127190444,0.757717872809556,0.0757717872809556,7.57717872809556
"2019",0.2,20,0.242282127190444,0.757717872809556,0.151543574561911,15.1543574561911
"2019",0.3,30,0.242282127190444,0.757717872809556,0.227315361842867,22.7315361842867
"2019",0.4,40,0.242282127190444,0.757717872809556,0.303087149123823,30.3087149123822
"2019",0.5,50,0.242282127190444,0.757717872809556,0.378858936404778,37.8858936404778
"2020",0.1,10,0.132172704306031,0.867827295693969,0.0867827295693969,8.67827295693969
"2020",0.2,20,0.132172704306031,0.867827295693969,0.173565459138794,17.3565459138794
"2020",0.3,30,0.132172704306031,0.867827295693969,0.260348188708191,26.0348188708191
"2020",0.4,40,0.132172704306031,0.867827295693969,0.347130918277588,34.7130918277588
"2020",0.5,50,0.132172704306031,0.867827295693969,0.433913647846984,43.3913647846984
"2021",0.1,10,0.150936532651985,0.849063467348015,0.0849063467348015,8.49063467348015
"2021",0.2,20,0.150936532651985,0.849063467348015,0.169812693469603,16.9812693469603
"2021",0.3,30,0.150936532651985,0.849063467348015,0.254719040204405,25.4719040204405
"2021",0.4,40,0.150936532651985,0.849063467348015,0.339625386939206,33.9625386939206
"2021",0.5,50,0.150936532651985,0.849063467348015,0.424531733674008,42.4531733674008
