year,fish_id,oto_num,DOY,natal_iso,dominant_group,prop_in_dominant_group_of_grouped,prop_in_dominant_group_of_all,prop_outside_regional_groups,n_groups_with_mass,n_stream_edges_retained
2017,2017_kk_003,3.0,158,0.70600907181429,Group 5,0.5161046482718584,0.5139029482411561,0.0042659953520561905,4,2200
2017,2017_kk_004,4.0,160,0.710117568506365,Group 2,0.8976171922599583,0.8976171922599583,0.0,3,1025
2017,2017_kk_005,5.0,161,0.707596792619475,Group 4,0.6032187320926945,0.602993886973807,0.00037274226897350424,5,3040
2017,2017_kk_006,6.0,161,0.709543326475051,Group 2,0.830813903008453,0.830813903008453,0.0,5,2415
2017,2017_kk_007,7.0,162,0.706484312028203,Group 5,0.6562189509259612,0.6542522116297614,0.0029970778707694573,4,2400
2017,2017_kk_008,8.0,162,0.710382216170228,Group 2,0.6161188801939669,0.6161188801939669,0.0,2,420
2017,2017_kk_009,9.0,162,0.706022314415563,Group 5,0.516832895108966,0.5146430610819139,0.004237025250860738,4,2215
2017,2017_kk_012,12.0,162,0.707330978309171,Group 4,0.3994187009414951,0.3990685942973953,0.0008765404405817825,5,2555
2017,2017_kk_010,10.0,163,0.70848310596625,Group 4,0.5862739633067926,0.5826147993888716,0.006241389089295529,4,2320
2017,2017_kk_011,11.0,163,0.707120471119712,Group 5,0.487147852437373,0.486612338672717,0.0010992838457085478,5,1970
2017,2017_kk_013,13.0,164,0.708741589799907,Group 2,0.373350782649119,0.37082619138729894,0.006761981972842611,4,2215
2017,2017_kk_014,14.0,164,0.708889917241919,Group 2,0.4564957829037111,0.4536102104438077,0.0063211371670262575,5,2175
2017,2017_kk_015,15.0,165,0.710528972776237,Group 1,0.637569249949363,0.637569249949363,0.0,2,295
2017,2017_kk_016,16.0,165,0.709511760180499,Group 2,0.8174591432812688,0.8174591432812688,0.0,5,2475
2017,2017_kk_017,17.0,165,0.707635242646549,Group 4,0.6127647442255778,0.6125445352034232,0.0003593696018411674,5,3100
2017,2017_kk_019,19.0,166,0.709350903385635,Group 2,0.7576612569161344,0.756863203644107,0.0010533114432638132,5,2595
2017,2017_kk_020,20.0,166,0.70517061567713,Group 6,0.6799720076051463,0.6792962676206373,0.0009937761804179612,4,1160
2017,2017_kk_021,21.0,166,0.709009589312167,Group 2,0.551150930807115,0.5482296774001142,0.0053002784604261905,5,2350
2017,2017_kk_022,22.0,166,0.709397467736169,Group 2,0.7810584758222513,0.7802718859312054,0.0010070819476325052,5,2555
2017,2017_kk_023,23.0,166,0.708852862795917,Group 2,0.43273154555209065,0.42990243816559137,0.006537788648825768,5,2155
2017,2017_kk_024,24.0,167,0.705815667167934,Group 6,0.40245005569910197,0.40049298815490947,0.004862883024808718,4,1800
2017,2017_kk_025,25.0,167,0.709040302451606,Group 2,0.5631650840969474,0.5602774255315905,0.005127552554127742,5,2345
2017,2017_kk_026,26.0,167,0.707874819099247,Group 4,0.6924110019238996,0.6922205403272388,0.0002750701478335952,5,3405
2017,2017_kk_027,27.0,167,0.710804413781463,Group 1,0.9952739231884679,0.9952739231884679,0.0,2,210
2017,2017_kk_028,28.0,167,0.707124350416323,Group 5,0.4815117850643262,0.48098305978872397,0.0010980526167839548,5,1975
2017,2017_kk_029,29.0,167,0.70948113348033,Group 2,0.8104232092128364,0.8104232092128364,0.0,5,2475
2017,2017_kk_030,30.0,169,0.708156417545874,Group 4,0.6935430835417634,0.6914161529369893,0.003066760602545873,4,3095
2017,2017_kk_031,31.0,169,0.707165245404197,Group 5,0.459903323000022,0.45940792330667596,0.001077182243682274,5,2040
2017,2017_kk_032,32.0,169,0.708962772879498,Group 2,0.5149692386010312,0.5120685805505876,0.005632682174033509,5,2315
2017,2017_kk_033redo,33.0,170,0.705171003927553,Group 6,0.6799712852999209,0.6792955611364974,0.0009937539687803682,4,1160
2017,2017_kk_034,34.0,170,0.709331866678254,Group 2,0.73907552900545,0.738290569785648,0.0010620825463648943,5,2640
2017,2017_kk_035,35.0,170,0.708652234470392,Group 4,0.4658286536525893,0.4626408874784289,0.006843216167929766,4,2215
2017,2017_kk_036redo,36.0,170,0.70548130879749,Group 6,0.5986618258172481,0.5982345883917008,0.0007136540315796334,4,1480
2017,2017_kk_036redoa,36.0,170,0.705608794770743,Group 6,0.5205831637698214,0.5176528623561993,0.005628882410261076,4,1460
2017,2017_kk_037redo,37.0,170,0.708304870213465,Group 4,0.6788978992170456,0.6760843532838064,0.00414428434155395,4,2595
2017,2017_kk_037redoa,37.0,170,0.708016189375436,Group 4,0.7017844764203035,0.7009363278960842,0.0012085598252978846,4,3370
2017,2017_kk_038,38.0,170,0.706869061565151,Group 5,0.5938682108871683,0.5935509326533153,0.0005342569749256115,5,2090
2017,2017_kk_039,39.0,170,0.707367803979433,Group 4,0.43025465655392503,0.4298966727492525,0.000832027728740476,5,2670
2017,2017_kk_040,40.0,170,0.70601510449092,Group 5,0.5149935543605382,0.5128058861708128,0.004247952564070138,4,2210
2017,2017_kk_041redo,41.0,170,0.705397665096392,Group 6,0.6247270252262537,0.6242571051379515,0.0007522006721767803,4,1495
2017,2017_kk_041redoa,41.0,170,0.705468563445446,Group 6,0.6050625798153043,0.604632118884836,0.0007114320812893124,4,1505
2017,2017_kk_042redo,42.0,170,0.709445688573054,Group 2,0.7992416429543184,0.7984741914720428,0.0009602245942025708,5,2505
2017,2017_kk_043,43.0,170,0.706077631879752,Group 5,0.5303060634050705,0.5281352545972439,0.004093501767428322,4,2285
2017,2017_kk_045,45.0,170,0.707986517549233,Group 4,0.7035411701934442,0.7033692180671829,0.00024440947246058504,4,3385
2017,2017_kk_047,47.0,170,0.707777744046661,Group 4,0.6643356865303839,0.6641338427363402,0.0003038280166730239,5,3365
2017,2017_kk_048,48.0,170,0.707420982785751,Group 4,0.47355144190537696,0.4731826599439682,0.000778757973843222,5,2795
2017,2017_kk_048redo,48.0,170,0.705914290825491,Group 5,0.4698174648374465,0.4677085938629976,0.004488702809672168,4,2060
2017,2017_kk_049redo,49.0,170,0.705347921524726,Group 6,0.6444415401915414,0.6439319501207741,0.000790746776838481,4,1455
2017,2017_kk_050,50.0,171,0.709229498061172,Group 2,0.656762811405192,0.655975283585274,0.0011991053790530123,5,2580
2017,2017_kk_051,51.0,171,0.708897043373624,Group 2,0.4644166057643145,0.4615247175911497,0.0062269267232712595,5,2200
2017,2017_kk_052,52.0,171,0.707993304844912,Group 4,0.7029667912230523,0.7027965765562723,0.0002421375645410652,4,3390
2017,2017_kk_053redo,53.0,171,0.707801375502199,Group 4,0.6665598424673119,0.6663649203396687,0.000292430049373816,5,3440
2017,2017_kk_054,54.0,171,0.709794831136504,Group 2,0.9019302551161914,0.9019302551161914,0.0,5,1825
2017,2017_kk_055,55.0,171,0.705803147875354,Group 6,0.4072938636187896,0.4053199938353026,0.004846303761979746,4,1795
2017,2017_kk_056,56.0,171,0.709891857006149,Group 2,0.923335505391437,0.923335505391437,0.0,5,1660
2017,2017_kk_057redo,57.0,172,0.708780142514614,Group 2,0.3949039767717379,0.39221424276893135,0.006811108930314166,4,2155
2017,2017_kk_058,58.0,172,0.706113776307571,Group 5,0.534372777824841,0.5322477202701,0.0039767324289815015,4,2340
2017,2017_kk_059,59.0,172,0.706126269898569,Group 5,0.5402444489232613,0.5380858915175775,0.003995519824379539,4,2315
2017,2017_kk_060redo,60.0,172,0.705888905152053,Group 5,0.45117629803207376,0.44908989904646496,0.004624354148720075,4,1975
2017,2017_kk_061,61.0,172,0.70804833437811,Group 4,0.70503381064565,0.7032769232015473,0.00249191941943003,4,3340
2017,2017_kk_062redo,62.0,172,0.709930954001571,Group 2,0.9233431779360832,0.9233431779360832,0.0,5,1550
2017,2017_kk_063,63.0,172,0.707240663309564,Group 5,0.40098549296063196,0.40058915381605276,0.0009884126771093297,5,2265
2017,2017_kk_064,64.0,172,0.707863617958114,Group 4,0.6883725338244054,0.6881812896866607,0.0002778206978745929,5,3410
2017,2017_kk_066,66.0,172,0.706146820821452,Group 5,0.5436978430071185,0.5415412879452686,0.003966458740984365,4,2315
2017,2017_kk_067redo,67.0,173,0.705088677025595,Group 6,0.6917726388727949,0.6910507699007973,0.0010435061050895586,4,1090
2017,2017_kk_068,68.0,173,0.708454324081284,Group 4,0.5991286494573396,0.5954466259483524,0.006145630846266783,4,2315
2017,2017_kk_069,69.0,173,0.709167379027486,Group 2,0.6250538106783218,0.6242361971506667,0.0013080690233179346,5,2465
2017,2017_kk_070,70.0,173,0.709771175129829,Group 2,0.8981588791153998,0.8981588791153998,0.0,5,1895
2017,2017_kk_071,71.0,173,0.707257299167951,Group 5,0.3860737844784372,0.38569979739447796,0.0009686932886793285,5,2315
2017,2017_kk_072,72.0,173,0.737036610913975,Group 1,1.0,1.0,0.0,1,10
2017,2017_kk_073,73.0,173,0.705708837262608,Group 6,0.4526569076050714,0.45036796652209976,0.005056679892685195,4,1595
2017,2017_kk_074redo,74.0,173,0.709909233461346,Group 2,0.9239589028091468,0.9239589028091468,0.0,5,1620
2017,2017_kk_075,75.0,173,0.709473910120995,Group 2,0.8098815638244249,0.8098815638244249,0.0,5,2475
2017,2017_kk_076,76.0,174,0.706398947932956,Group 5,0.6230595644623419,0.6209924656509829,0.0033176584218603,4,2370
2017,2017_kk_077,77.0,174,0.709194685254219,Group 2,0.6377114415583139,0.6369103145607424,0.00125625313482534,5,2525
2017,2017_kk_078,78.0,174,0.709456148808902,Group 2,0.8051472216863742,0.8043801745445471,0.0009526793624407086,5,2485
2017,2017_kk_079,79.0,174,0.709385225638134,Group 2,0.7743604931937006,0.7735709752613665,0.0010195741379803976,5,2565
2017,2017_kk_080,80.0,174,0.709161566672724,Group 2,0.6225949179442047,0.6217770535974807,0.0013136380062731463,5,2465
2017,2017_kk_081,81.0,174,0.709662953306928,Group 2,0.8685833443392851,0.8685833443392851,0.0,5,2210
2017,2017_kk_082redo,82.0,174,0.709198314618158,Group 2,0.6414375370536198,0.6406340648227259,0.0012526118047044314,5,2525
2017,2017_kk_083,83.0,174,0.70824502070702,Group 4,0.6877706834331082,0.685229206993471,0.003695238108945052,4,2785
2017,2017_kk_084,84.0,174,0.709046986583303,Group 2,0.5655649113762385,0.5626976088457604,0.005069802727861946,5,2355
2017,2017_kk_085redo,85.0,175,0.705909986389429,Group 5,0.46484197006848205,0.4627400601292629,0.004521773149936302,4,2040
2017,2017_kk_086,86.0,175,0.709629695328747,Group 2,0.8469354441515063,0.8469354441515063,0.0,5,2300
2017,2017_kk_087,87.0,175,0.705727297915573,Group 6,0.4433365697584913,0.4411285501780157,0.004980458935924064,4,1650
2017,2017_kk_088redo,88.0,175,0.710018641768085,Group 2,0.9298912457245362,0.9298912457245362,0.0,4,1215
2017,2017_kk_089redo,89.0,175,0.708855831031363,Group 2,0.4333022107993227,0.43048574168300174,0.006500010953383712,5,2165
2017,2017_kk_090,90.0,175,0.709817195283127,Group 2,0.9032275419600332,0.9032275419600332,0.0,5,1800
2017,2017_kk_091,91.0,175,0.708040014620614,Group 4,0.7012860512928432,0.7004088866804301,0.0012507943239367242,4,3370
2017,2017_kk_092,92.0,175,0.707711501794986,Group 4,0.640317330600573,0.6401105461619757,0.00032294056199192426,5,3330
2017,2017_kk_093,93.0,175,0.706625916319604,Group 5,0.6578185368619283,0.6575638828124568,0.0003871189928551668,4,2340
2017,2017_kk_094,94.0,175,0.709317111121566,Group 2,0.7273787611890726,0.726598177013002,0.0010731467809077066,5,2660
2017,2017_kk_095,95.0,175,0.706978891183215,Group 5,0.547577332001968,0.5469938691555101,0.0010655350620975394,5,1870
2017,2017_kk_096,96.0,175,0.708897744073429,Group 2,0.4645015241773541,0.46161071146352517,0.006223473042308331,5,2200
2017,2017_kk_097,97.0,175,0.706930511887207,Group 5,0.5546516175407493,0.5543289699226874,0.0005817122097153576,5,1965
2017,2017_kk_098redo,98.0,175,0.707986465931134,Group 4,0.703539184573577,0.7033672223070765,0.00024442457544814966,4,3385
2017,2017_kk_099,99.0,175,0.708820919315509,Group 2,0.41648005088153045,0.4136981294971027,0.006679602969072464,5,2150
2017,2017_kk_100,100.0,175,0.706509274945621,Group 5,0.6677314629689916,0.6657797465512103,0.002922906177137775,4,2385
2017,2017_kk_101,101.0,175,0.706356668620406,Group 5,0.6131319483550987,0.6110131592385645,0.003455682128811545,4,2360
2017,2017_kk_102redo,102.0,175,0.708991494616074,Group 2,0.5380678429975069,0.5351700870556722,0.0053854843390969374,5,2360
2017,2017_kk_102redoa,102.0,175,0.70879498424211,Group 2,0.4029021638486578,0.40020396801143215,0.006696900834315605,4,2180
2017,2017_kk_103,103.0,175,0.708991181088188,Group 2,0.5380262579213843,0.5351277736566532,0.005387254287419231,5,2360
2017,2017_kk_105,105.0,175,0.708135500415216,Group 4,0.6939366999933836,0.6919167738093893,0.0029108219582759495,4,3195
2017,2017_kk_107,107.0,175,0.709625851757984,Group 2,0.845253860652782,0.845253860652782,0.0,5,2305
2017,2017_kk_108,108.0,175,0.706077219552191,Group 5,0.5302588167182054,0.5280880130271355,0.004093856853725034,4,2285
2017,2017_kk_104redo,104.0,176,0.70564432356158,Group 6,0.4897122519372246,0.4869498776569453,0.005640811046388518,4,1500
2017,2017_kk_106,106.0,176,0.705661699586683,Group 6,0.4786224625156728,0.47590113980222964,0.005685739651957999,4,1505
2017,2017_kk_111,111.0,176,0.707130163597423,Group 5,0.4809165425816433,0.4803899514199527,0.0010949741068663813,5,1985
2017,2017_kk_112,112.0,176,0.70771300459706,Group 4,0.641270661866926,0.6410635445475505,0.00032297956493519925,5,3325
2017,2017_kk_113,113.0,176,0.705033987222969,Group 6,0.693359107024723,0.6926024721437446,0.0010912597430576504,4,1020
2017,2017_kk_114,114.0,176,0.709178276021225,Group 2,0.6296280064454247,0.6288177572131906,0.0012868697452142748,5,2490
2017,2017_kk_115,115.0,176,0.709980173495489,Group 2,0.9332705663475244,0.9332705663475244,0.0,4,1330
2017,2017_kk_116redo,116.0,176,0.705431975919623,Group 6,0.6269690826731481,0.626506567402916,0.0007377002838164311,4,1490
2017,2017_kk_110redo,110.0,177,0.707248213153075,Group 5,0.39481624967941176,0.39442773820383853,0.0009840311179914803,5,2275
2017,2017_kk_118,118.0,177,0.708882877072902,Group 2,0.4507888450939849,0.4479188624961022,0.006366578563594132,5,2170
2017,2017_kk_119,119.0,177,0.707005636245077,Group 5,0.5256315414142099,0.5250593756842441,0.0010885300536308835,5,1865
2017,2017_kk_120redo,120.0,177,0.707941173615175,Group 4,0.70025174870705,0.7000720226527525,0.0002566592009650149,5,3400
2017,2017_kk_121,121.0,177,0.705904917851463,Group 5,0.46203355845898175,0.45994624132682493,0.004517674298634602,4,2040
2017,2017_kk_124redo,124.0,178,0.707361261608133,Group 4,0.42763975060351594,0.42728175705139004,0.000837138155703997,5,2660
2017,2017_kk_125redo,125.0,178,0.705367339171648,Group 6,0.6409008223087966,0.6404033287253085,0.0007762411377409225,4,1470
2017,2017_kk_126,126.0,178,0.708121109970878,Group 4,0.6954494698786196,0.6934800993174375,0.0028317953301853094,4,3230
2017,2017_kk_127,127.0,178,0.710255631374378,Group 2,0.8306865166655908,0.8306865166655908,0.0,2,660
2017,2017_kk_129,129.0,178,0.706086542381775,Group 5,0.5375349943271062,0.5353428923309045,0.004078063789959956,4,2290
2017,2017_kk_130,130.0,178,0.706028795951234,Group 5,0.5204248493469394,0.518225501734458,0.0042260618708757185,4,2220
2017,2017_kk_133,133.0,178,0.707042415936285,Group 5,0.4983250560575813,0.49779009546684627,0.0010735173442156627,5,1950
2017,2017_kk_134redo,134.0,178,0.708152878515618,Group 4,0.6947950030368725,0.692681825992671,0.003041439611633546,4,3110
2017,2017_kk_135,135.0,178,0.708459545909164,Group 4,0.5968481872741254,0.5931551673589478,0.006187536452182242,4,2305
2017,2017_kk_136,136.0,178,0.70574627431377,Group 6,0.4294568693173817,0.4273501148588773,0.0049056252420715705,4,1705
2017,2017_kk_137,137.0,178,0.705466325548112,Group 6,0.6035464235904284,0.6031174303813911,0.0007107874262352089,4,1510
2017,2017_kk_138,138.0,178,0.709440928415107,Group 2,0.7975937429197479,0.7968241600701734,0.0009648807508911549,5,2510
2017,2017_kk_139,139.0,178,0.705619796309606,Group 6,0.509692862138026,0.5068409588763192,0.005595336865703503,4,1485
2017,2017_kk_140,140.0,178,0.709610668999144,Group 2,0.8419596012861182,0.8419596012861182,0.0,5,2325
2017,2017_kk_141,141.0,178,0.709324243968889,Group 2,0.7324923037422043,0.7317159228750821,0.0010599167570168027,5,2675
2017,2017_kk_142redo,142.0,178,0.71020896254555,Group 2,0.884123119088364,0.884123119088364,0.0,2,850
2017,2017_kk_142redoa,142.0,178,0.710335771842826,Group 2,0.6986880891302314,0.6986880891302314,0.0,2,515
2017,2017_kk_143,143.0,178,0.707043675761315,Group 5,0.5003547274879655,0.499817211496077,0.0010742698376951401,5,1950
2017,2017_kk_144,144.0,178,0.709205133050897,Group 2,0.6445809706864464,0.6437793059236837,0.00124369908393189,5,2530
2017,2017_kk_145,145.0,179,0.705901706337929,Group 5,0.4613861826882349,0.45929457586699723,0.004533310488517668,4,2030
2017,2017_kk_146,146.0,179,0.709294151618093,Group 2,0.7051966906931648,0.7044305711556345,0.0010863912829444987,5,2700
2017,2017_kk_147,147.0,179,0.705618250765112,Group 6,0.5126621466877018,0.5097808954712219,0.005620175460770198,4,1475
2017,2017_kk_148,148.0,179,0.708082116350587,Group 4,0.7009201498294452,0.699064890750909,0.0026468907749156454,4,3290
2017,2017_kk_149,149.0,179,0.706438886532487,Group 5,0.6413390928690801,0.6393091606494485,0.0031651465538308707,4,2390
2017,2017_kk_150,150.0,179,0.705977615671762,Group 5,0.511631475300321,0.5094132659933719,0.004335560679974103,4,2160
2017,2017_kk_151,151.0,179,0.708666971730023,Group 4,0.4565554878111805,0.4534654935504988,0.006768058523391538,4,2245
2017,2017_kk_152,152.0,179,0.707418409811758,Group 4,0.47101652063012966,0.47064971510296516,0.0007787529971852915,5,2800
2017,2017_kk_153redo,153.0,179,0.709374436238532,Group 2,0.7681766562872003,0.7673865369967462,0.001028564567781894,5,2580
2017,2017_kk_154redo,154.0,179,0.709155841270406,Group 2,0.6170029556004365,0.6161823524262418,0.0013299825661225555,5,2440
2017,2017_kk_155,155.0,179,0.70627011676231,Group 5,0.5855348697975623,0.5834173504737525,0.0036163846647456655,4,2405
2017,2017_kk_156,156.0,179,0.708020097647214,Group 4,0.7015448376920497,0.7006911174431204,0.0012169147331164746,4,3365
2017,2017_kk_158,158.0,179,0.708723493230083,Group 4,0.403033158376576,0.40029811435757406,0.006786151367839638,4,2220
2017,2017_kk_159,159.0,179,0.70796586842515,Group 4,0.703567764596086,0.703391368590981,0.0002507164398107773,4,3380
2017,2017_kk_161,161.0,180,0.705682660318084,Group 6,0.46875433653611553,0.46608535438020976,0.005693775924567112,4,1525
2017,2017_kk_162,162.0,180,0.709261067260132,Group 2,0.682279190579458,0.6815049922712032,0.0011347236130670173,5,2665
2017,2017_kk_163,163.0,180,0.705557099371768,Group 6,0.5554392289473923,0.5524383194288071,0.0054027684077558,4,1460
2017,2017_kk_164,164.0,180,0.710146527790235,Group 2,0.9005265787373717,0.9005265787373717,0.0,2,995
2017,2017_kk_165redo,165.0,180,0.7084849601326,Group 4,0.5859748036910372,0.5823136586004154,0.0062479565120553094,4,2320
2017,2017_kk_166redo,166.0,180,0.707795829645874,Group 4,0.6648752998344054,0.6646792291283451,0.00029489846608692967,5,3425
2017,2017_kk_167,167.0,180,0.705177061702406,Group 6,0.6799594916709115,0.6792840229087211,0.0009933955926263503,4,1160
2017,2017_kk_168redo,168.0,180,0.706772817405588,Group 5,0.6542623345347033,0.6539514106286809,0.00047522819152267317,5,2200
2017,2017_kk_169redo,169.0,180,0.70554560870311,Group 6,0.5593630977428035,0.5563536451512491,0.005380141456771957,4,1450
2017,2017_kk_170,170.0,180,0.709224124623206,Group 2,0.6543826933057907,0.6535906098071563,0.0012104285561602812,5,2565
2017,2017_kk_171,171.0,180,0.707060276961532,Group 5,0.5086744340453568,0.5081174131094167,0.0010950440963001914,5,1925
2017,2017_kk_172a,172.0,181,0.707837940852602,Group 4,0.6811337611102539,0.6809409116571444,0.00028313007535417546,5,3435
2017,2017_kk_173,173.0,181,0.708817214633763,Group 2,0.41564821693723414,0.4128713359394322,0.006680844244355976,5,2155
2017,2017_kk_174,174.0,181,0.708785255653754,Group 2,0.39474333531026434,0.3920663695825458,0.006781534957681909,4,2160
2017,2017_kk_175,175.0,181,0.707835787793533,Group 4,0.6801592016720645,0.679966461633861,0.00028337488889311854,5,3440
2017,2017_kk_176redo,176.0,181,0.706337433912371,Group 5,0.6007103241170768,0.5986207982128084,0.003478425158314778,4,2385
2017,2017_kk_177redo,177.0,181,0.710934264365243,Group 1,0.9960113407827733,0.9960113407827733,0.0,2,220
2017,2017_kk_178,178.0,181,0.710351116876842,Group 2,0.6725613358545351,0.6725613358545351,0.0,2,475
2017,2017_kk_179,179.0,181,0.707538791642859,Group 4,0.5682160744158927,0.567824457321551,0.0006892045332304194,5,2925
2017,2017_kk_180,180.0,181,0.705084595703749,Group 6,0.6893954220043015,0.6886709855189853,0.0010508286858216332,4,1080
2017,2017_kk_182,182.0,182,0.708108105948146,Group 4,0.6940752693042936,0.6921505242531413,0.0027731070912260826,4,3245
2017,2017_kk_183redo,183.0,182,0.705942052920602,Group 5,0.4915992710745761,0.4894666768718998,0.004338074379188442,4,2155
2017,2017_kk_184,184.0,182,0.705097277624275,Group 6,0.690535581612593,0.6898197410227707,0.0010366454805278028,4,1100
2017,2017_kk_185,185.0,182,0.705833038475227,Group 5,0.40441411697145846,0.40242863457394523,0.004909527917526631,4,1795
2017,2017_kk_186redo,186.0,182,0.707275036752229,Group 5,0.37304263193330556,0.37268556720834045,0.0009571686836825495,5,2340
2017,2017_kk_187,187.0,182,0.708126162245023,Group 4,0.6950471315275109,0.6930633840880894,0.0028541193099548786,4,3225
2017,2017_kk_188,188.0,182,0.706152043808828,Group 5,0.5449020737672838,0.5427487781499251,0.003951711180821067,4,2320
2017,2017_kk_189,189.0,182,0.709191149572794,Group 2,0.6360395370344826,0.6352356985279168,0.0012638184574399708,5,2515
2017,2017_kk_190,190.0,182,0.706420230430293,Group 5,0.6321739774177434,0.6301022851939839,0.003277091904702705,4,2345
2017,2017_kk_191,191.0,182,0.704759347340255,Group 6,0.6844730008618568,0.6836688397792213,0.0011748616550586145,3,805
2017,2017_kk_192,192.0,183,0.706081808303476,Group 5,0.5353404322638419,0.5331470745721666,0.0040971269111881444,4,2280
2017,2017_kk_193,193.0,183,0.705532958022747,Group 6,0.5651140584494957,0.5621408622768,0.005261232008372355,4,1470
2017,2017_kk_194,194.0,183,0.706767034584379,Group 5,0.655636848996012,0.6553280544000443,0.0004709841987079945,4,2210
2017,2017_kk_195a,195.0,184,0.706200162213165,Group 5,0.5677506752462242,0.565572858068885,0.0038358689338321692,4,2345
2017,2017_kk_196,196.0,184,0.706372528894339,Group 5,0.6115596742850679,0.6094670376297404,0.003421802880926958,4,2350
2017,2017_kk_197,197.0,184,0.709679829577209,Group 2,0.8742766441335921,0.8742766441335921,0.0,5,2165
2017,2017_kk_198redo,198.0,184,0.706799812946358,Group 5,0.639071615355686,0.6387559972433767,0.0004938697083794753,5,2160
2017,2017_kk_199,199.0,184,0.707803779021572,Group 4,0.6679495990583239,0.6677546871661342,0.00029180628667869123,5,3440
2017,2017_kk_201,201.0,184,0.709202866324076,Group 2,0.6436878382537929,0.6428845106113442,0.0012480081099992568,5,2525
2017,2017_kk_202,202.0,184,0.708376387397998,Group 4,0.6395454295749335,0.6365732761772329,0.004647290497683781,4,2410
2017,2017_kk_203,203.0,185,0.70500288676691,Group 6,0.6868272250789677,0.6860590014092728,0.0011185108010337364,4,980
2017,2017_kk_204,204.0,185,0.708603989757828,Group 4,0.5063642291030699,0.5030517838378435,0.006541625720864495,4,2320
2017,2017_kk_205,205.0,185,0.705657073874344,Group 6,0.48571152999359873,0.4829350691159226,0.005716275414982809,4,1490
2017,2017_kk_206,206.0,185,0.70986316206095,Group 2,0.9232298566870902,0.9232298566870902,0.0,5,1695
2017,2017_kk_207,207.0,185,0.705633807767354,Group 6,0.4974529407526034,0.49464289948805296,0.005648858483576509,4,1485
2017,2017_kk_208,208.0,185,0.709503400134239,Group 2,0.8174266385465491,0.8174266385465491,0.0,5,2485
2017,2017_kk_209,209.0,185,0.710264533330566,Group 2,0.8212409346645001,0.8212409346645001,0.0,2,625
2017,2017_kk_210,210.0,186,0.707081592578139,Group 5,0.5035858288732986,0.5030301962086139,0.0011033524631299243,5,1930
2017,2017_kk_211,211.0,186,0.707162827379528,Group 5,0.4581777792616615,0.4576844002800281,0.0010768286983023595,5,2040
2017,2017_kk_212,212.0,186,0.707879440073358,Group 4,0.6943891987724066,0.6941986322163298,0.00027443767330153853,5,3395
2017,2017_kk_213,213.0,186,0.70558085178282,Group 6,0.5423399683404696,0.5393518932646123,0.005509597762083749,4,1460
2017,2017_kk_214redo,214.0,186,0.708752290291544,Group 2,0.38298781430570955,0.3803782159760109,0.0068137894528821075,4,2185
2017,2017_kk_217,217.0,187,0.709478821875592,Group 2,0.8102501485960244,0.8102501485960244,0.0,5,2475
2017,2017_kk_218,218.0,187,0.705860260023578,Group 5,0.4225472945291786,0.4204937918926711,0.004859817263285493,4,1840
2017,2017_kk_219,219.0,187,0.705730726375333,Group 6,0.4407749443484601,0.43858572624304293,0.004966748072881526,4,1660
2017,2017_kk_220,220.0,188,0.708934975518801,Group 2,0.49691009968755645,0.49401669422191985,0.0058227946412357685,5,2295
2017,2017_kk_221,221.0,188,0.70867883182034,Group 4,0.44597146472005106,0.4429368925688466,0.006804408782318239,4,2230
2017,2017_kk_222,222.0,188,0.705340741159969,Group 6,0.64561177428388,0.6450965457902531,0.0007980469287418739,4,1445
2017,2017_kk_225redo,225.0,188,0.705930332044494,Group 5,0.4790314739662374,0.4769436456220398,0.004358436674131374,4,2140
2017,2017_kk_226redo,226.0,188,0.708627006349792,Group 4,0.48999191007878,0.48675124716763957,0.006613706970426219,4,2300
2017,2017_kk_226redoa,226.0,188,0.708372788242229,Group 4,0.6402448447142004,0.6372914137551803,0.004612971089737629,4,2425
2017,2017_kk_227,227.0,188,0.707941475968673,Group 4,0.7010933260787089,0.70091323303453,0.0002568745664520077,5,3395
2017,2017_kk_223redo,223.0,189,0.705894904734976,Group 5,0.4545786136702466,0.4524910288022115,0.0045923516972785185,4,1995
2017,2017_kk_229,229.0,189,0.707474884876969,Group 4,0.5139139842125963,0.5135255682855174,0.000755799489819288,5,2780
2017,2017_kk_230,230.0,189,0.7102502483899,Group 2,0.8470646575595557,0.8470646575595557,0.0,2,675
2017,2017_kk_231,231.0,189,0.705901674513908,Group 5,0.4613812380020178,0.459289666605485,0.004533282292947708,4,2030
2017,2017_kk_233,233.0,190,0.707842554649758,Group 4,0.6847088911565865,0.6845149722744069,0.00028321361776383844,5,3415
2017,2017_kk_234,234.0,190,0.706979764017288,Group 5,0.5445624371226808,0.5439779874450993,0.001073246404341953,5,1855
2017,2017_kk_235,235.0,190,0.709431483288638,Group 2,0.7942977833791783,0.7935240679825667,0.0009740873168751269,5,2520
2017,2017_kk_237,237.0,190,0.705570733243421,Group 6,0.5441773349727477,0.5412283772112564,0.005419111697547861,4,1475
2017,2017_kk_238,238.0,190,0.706020305701019,Group 5,0.5156708842074034,0.5134814589319409,0.004245780288386262,4,2210
2017,2017_kk_239redo,239.0,190,0.708667561874148,Group 4,0.4564716336016171,0.4533822075620213,0.0067680570098515224,4,2245
2017,2017_kk_236,236.0,191,0.705222162710807,Group 6,0.6750266908238027,0.6743702690385832,0.000972438266727513,4,1185
2017,2017_kk_240redo,240.0,192,0.705203197700685,Group 6,0.6739866686935068,0.6733276055535096,0.0009778578280706142,4,1180
2017,2017_kk_240redoa,240.0,192,0.705033444452981,Group 6,0.6909157009676196,0.6901558483075301,0.0010997762230982653,4,1010
2017,2017_kk_241,241.0,192,0.708706848955988,Group 4,0.4235037912186491,0.42060322643009945,0.006848970065186938,4,2205
2017,2017_kk_242,242.0,192,0.705949280054541,Group 5,0.4994817445674246,0.4973263449750701,0.004315272011034545,4,2170
2017,2017_kk_243redo,243.0,192,0.706924713845826,Group 5,0.5545521666855074,0.554231814154172,0.0005776779004401527,5,1975
2017,2017_kk_244,244.0,192,0.708112646461005,Group 4,0.6945816594169809,0.6926389654796158,0.002796926626303177,4,3235
2017,2017_kk_245,245.0,192,0.710560255000673,Group 1,0.7227570907738559,0.7227570907738559,0.0,2,265
2017,2017_kk_246,246.0,192,0.705013955773021,Group 6,0.689573582965086,0.6888064209879465,0.0011125164827816138,4,990
2017,2017_kk_247,247.0,192,0.705781751881373,Group 6,0.4170168734973788,0.4149938694766716,0.004851132290501735,4,1770
2017,2017_kk_248,248.0,193,0.706657297724279,Group 5,0.6540609774273197,0.6537931681000405,0.0004094562074817872,4,2285
2017,2017_kk_249redo,249.0,193,0.70545338979081,Group 6,0.6077916679311625,0.6073587359373422,0.0007123032720963268,4,1525
2017,2017_kk_253,253.0,193,0.705765330385203,Group 6,0.4245352539787875,0.42245512091203924,0.004899788762542143,4,1730
2017,2017_kk_254,254.0,193,0.70761182982012,Group 4,0.6089769255374131,0.6087531953871831,0.0003673869088431405,5,3065
2017,2017_kk_255,255.0,193,0.705515662717714,Group 6,0.5771832211109803,0.575789013499707,0.002415537320349832,4,1475
2017,2017_kk_251,251.0,194,0.707130630707005,Group 5,0.4808607487550392,0.48033416406001656,0.0010950877075868574,5,1985
2017,2017_kk_252,252.0,194,0.705877927103323,Group 5,0.4410493646614334,0.43897668730836287,0.004699422602414629,4,1930
2017,2017_kk_256,256.0,195,0.705963875497542,Group 5,0.5065798516343796,0.504388269593622,0.0043262321501472524,4,2165
2017,2017_kk_257redo,257.0,195,0.70991912905969,Group 2,0.9231890805341141,0.9231890805341141,0.0,5,1605
2017,2017_kk_258redo,258.0,195,0.706019377868043,Group 5,0.5155509487865361,0.5133618265375232,0.0042461802352716455,4,2210
2017,2017_kk_259redo,259.0,195,0.705734506092105,Group 6,0.4392758758575803,0.43709427586724725,0.004966355109016701,4,1665
2017,2017_kk_260redo,260.0,195,0.708386779828997,Group 4,0.6372669991798714,0.634280813453022,0.004685925570745848,4,2405
2017,2017_kk_261,261.0,196,0.705976815852071,Group 5,0.5105295611882091,0.5083203514758774,0.004327290484785908,4,2165
2017,2017_kk_262redo,262.0,196,0.707069658871963,Group 5,0.5067428812473599,0.5061890912971335,0.0010928420915619057,5,1940
2017,2017_kk_263redo,263.0,196,0.710076501926747,Group 2,0.9057459135780048,0.9057459135780048,0.0,3,1085
2017,2017_kk_264redo,264.0,196,0.708456834063717,Group 4,0.5972845362898004,0.5935950035673708,0.006177177707208229,4,2305
2017,2017_kk_266,266.0,199,0.705769460875641,Group 6,0.42104435992522365,0.4189912848276771,0.004876149149489071,4,1745
2017,2017_kk_267redo,267.0,199,0.707942140181902,Group 4,0.7011276790385047,0.7009477115666266,0.0002566828799640428,5,3395
2017,2017_kk_268,268.0,199,0.707103952642524,Group 5,0.4888606001871211,0.48832353984109866,0.0010985960942994182,5,1960
2017,2017_kk_269redo,269.0,200,0.710329646919803,Group 2,0.7215314698105126,0.7215314698105126,0.0,2,525
2017,2017_kk_270redo,270.0,200,0.705853099157825,Group 5,0.4166554785423594,0.414626628387289,0.00486937112207961,4,1830
2017,2017_kk_271redo,271.0,200,0.705231109164846,Group 6,0.6715009477527895,0.6708553863376024,0.0009613708176398661,4,1200
2017,2017_kk_272redo,272.0,200,0.708492940648958,Group 4,0.5833441593240661,0.5797028117721328,0.006242194241136611,4,2335
2018,2018_kk_001_redo,1.0,152,0.705719281,Group 6,0.4475087317923245,0.4452751154555102,0.004991224032363391,4,1635
2018,2018_kk_001,1.0,152,0.70593205,Group 5,0.48131791295945797,0.4792278320174405,0.004342412542193318,4,2150
2018,2018_kk_002,2.0,153,0.707788742,Group 4,0.664595629126775,0.6643972595110246,0.00029848167375257084,5,3400
2018,2018_kk_003_redo,3.0,154,0.710070859,Group 2,0.9068871738297685,0.9068871738297685,0.0,3,1095
2018,2018_kk_003,3.0,154,0.710381501,Group 2,0.616345668271197,0.616345668271197,0.0,2,420
2018,2018_kk_005,5.0,156,0.710201871,Group 2,0.8877419108014459,0.8877419108014459,0.0,2,875
2018,2018_kk_006,6.0,156,0.709317189,Group 2,0.7273881647357203,0.7266076370068352,0.0010730553048918,5,2660
2018,2018_kk_008,8.0,157,0.709536243,Group 2,0.8295443220037032,0.8295443220037032,0.0,5,2430
2018,2018_kk_011,11.0,158,0.709367257,Group 2,0.7666449786599382,0.7658519233109622,0.0010344492836335418,5,2590
2018,2018_kk_012,12.0,158,0.709111431,Group 2,0.5894540065799624,0.5886233915741098,0.0014091260668016782,5,2355
2018,2018_kk_013_redo,13.0,160,0.710540735,Group 1,0.6649911691076255,0.6649911691076255,0.0,2,290
2018,2018_kk_015,15.0,160,0.709541434,Group 2,0.8309620102211762,0.8309620102211762,0.0,5,2420
2018,2018_kk_016_redo,16.0,160,0.706925609,Group 5,0.5545337948922103,0.5542133121527922,0.000577931845398717,5,1975
2018,2018_kk_019_redo,19.0,161,0.70592273,Group 5,0.47169177237858617,0.46961361015759917,0.0044057631332162246,4,2110
2018,2018_kk_021,21.0,161,0.70972144,Group 2,0.8915714210760581,0.8915714210760581,0.0,5,2050
2018,2018_kk_023,23.0,161,0.709775316,Group 2,0.8976122537170247,0.8976122537170247,0.0,5,1880
2018,2018_kk_024,24.0,162,0.705518579,Group 6,0.5769724140494031,0.575576435040605,0.0024194900393950114,4,1475
2018,2018_kk_025,25.0,162,0.707156128,Group 5,0.46010174712293694,0.459607783825332,0.0010735957876572375,5,2045
2018,2018_kk_028_redo,28.0,162,0.712423709,Group 1,0.9999999999999997,0.9999999999999997,0.0,1,345
2018,2018_kk_029,29.0,162,0.709208786,Group 2,0.6456701090085205,0.644870781048704,0.0012379819797510836,5,2535
2018,2018_kk_031_redo,31.0,162,0.709545818,Group 2,0.8309807474125709,0.8309807474125709,0.0,5,2415
2018,2018_kk_033,33.0,163,0.707000765,Group 5,0.5279552387862902,0.5273849506637545,0.00108018271368382,5,1875
2018,2018_kk_035,35.0,163,0.706456418,Group 5,0.6461799586830002,0.6441905387900614,0.0030787397012334676,4,2415
2018,2018_kk_036,36.0,163,0.705780493,Group 6,0.41716769333902715,0.4151452828128593,0.004847955770448987,4,1770
2018,2018_kk_038_redo,38.0,163,0.709275777,Group 2,0.6912516783106785,0.6904842437198686,0.0011102100940794657,5,2690
2018,2018_kk_039,39.0,163,0.718931521,Group 1,1.0000000000000002,1.0000000000000002,0.0,1,80
2018,2018_kk_040,40.0,163,0.707301012,Group 4,0.3745266898114942,0.3741770502555215,0.0009335504397527612,5,2395
2018,2018_kk_043,43.0,163,0.709445454,Group 2,0.7992225391346233,0.7984548631730609,0.0009605284185222614,5,2505
2018,2018_kk_047_redo,47.0,164,0.705573629,Group 6,0.5454767329985875,0.5425054707731024,0.005447092507780243,4,1470
2018,2018_kk_047,47.0,164,0.709000978,Group 2,0.5472938211047402,0.544370827233035,0.005340812848581144,5,2355
2018,2018_kk_049_redo,49.0,164,0.70902249,Group 2,0.5526532569744965,0.5497758911209266,0.005206457787513997,5,2360
2018,2018_kk_051_redo,51.0,164,0.709811513,Group 2,0.8995165196847679,0.8995165196847679,0.0,5,1815
2018,2018_kk_052,52.0,164,0.709342629,Group 2,0.7475257633606921,0.7467404172175597,0.0010505940820040686,5,2635
2018,2018_kk_053,53.0,164,0.709838693,Group 2,0.908338642539054,0.908338642539054,0.0,5,1775
2018,2018_kk_054,54.0,164,0.706049635,Group 5,0.5227239395446197,0.5205534057675062,0.00415235196422099,4,2260
2018,2018_kk_055,55.0,164,0.709010431,Group 2,0.551263081047388,0.5483439356962797,0.0052953761125486,5,2350
2018,2018_kk_057_redo,57.0,164,0.705834273,Group 5,0.40458933676793557,0.4026020186657102,0.004911938901062169,4,1795
2018,2018_kk_058_redo,58.0,165,0.705089745,Group 6,0.690385535425736,0.6896703230456135,0.0010359608413312439,4,1100
2018,2018_kk_061,61.0,165,0.707597107,Group 4,0.6032572189087033,0.6030323954867982,0.0003726825222445705,5,3040
2018,2018_kk_062_redo,62.0,165,0.709797718,Group 2,0.9000427031209659,0.9000427031209659,0.0,5,1830
2018,2018_kk_064_redo,64.0,165,0.70869086,Group 4,0.43886991278804405,0.43590873192491103,0.006747286101982422,4,2250
2018,2018_kk_066,66.0,165,0.708967415,Group 2,0.5155912516953175,0.512700245444934,0.005607166996875199,5,2315
2018,2018_kk_067,67.0,165,0.708798503,Group 2,0.4033133043335728,0.40061723498415086,0.006684801419771862,4,2180
2018,2018_kk_069_redo,69.0,165,0.704865255,Group 6,0.69124121316249,0.6903955774970945,0.001223358285491549,4,825
2018,2018_kk_072_redo,72.0,165,0.709186604,Group 2,0.6348053113214457,0.6339988702754406,0.0012703753916715058,5,2510
2018,2018_kk_073,73.0,165,0.711260577,Group 1,0.9999999999999994,0.9999999999999994,0.0,1,230
2018,2018_kk_074,74.0,165,0.705882814,Group 5,0.44726863225433056,0.44516838066182496,0.004695727446657337,4,1935
2018,2018_kk_076,76.0,166,0.709064666,Group 2,0.5728792427644851,0.5710224548148746,0.0032411506841309727,5,2360
2018,2018_kk_080_redo,80.0,166,0.709399087,Group 2,0.7812070691109736,0.7804219483816554,0.0010050097603594662,5,2555
2018,2018_kk_082,82.0,166,0.704966276,Group 6,0.6879717973279945,0.6871939390228802,0.0011306543496920859,4,955
2018,2018_kk_083,83.0,166,0.711572294,Group 1,1.0000000000000004,1.0000000000000004,0.0,1,205
2018,2018_kk_088,88.0,166,0.705560542,Group 6,0.5520742339979511,0.5490995195463703,0.005388250833658358,4,1470
2018,2018_kk_091,91.0,166,0.709610826,Group 2,0.8419697040911734,0.8419697040911734,0.0,5,2325
2018,2018_kk_092_redo,92.0,166,0.708602941,Group 4,0.5074546582688294,0.5041296896437587,0.006552247714926252,4,2315
2018,2018_kk_094,94.0,166,0.709092348,Group 2,0.5788509449831208,0.577016299686083,0.0031694606581169514,5,2340
2018,2018_kk_095,95.0,166,0.70801268,Group 4,0.7028739939124202,0.7020288728298902,0.001202379217113624,4,3370
2018,2018_kk_096_redo,96.0,166,0.710323333,Group 2,0.7219423474215791,0.7219423474215791,0.0,2,540
2018,2018_kk_097,97.0,166,0.709484638,Group 2,0.8109865350461789,0.8109865350461789,0.0,5,2480
2018,2018_kk_098_redo,98.0,166,0.708937408,Group 2,0.498134444535851,0.49524547645389533,0.005799575021654142,5,2300
2018,2018_kk_101,101.0,167,0.708801139,Group 2,0.4055570925127333,0.40284973305848243,0.00667565554698285,4,2180
2018,2018_kk_102,102.0,167,0.708916514,Group 2,0.48338472876982747,0.4804825126457431,0.006003946652328655,5,2255
2018,2018_kk_110,110.0,167,0.709016644,Group 2,0.5526742887929067,0.5497829114110079,0.005231611892447329,5,2365
2018,2018_kk_111,111.0,167,0.705422083,Group 6,0.6217604311121085,0.6213050150628866,0.0007324622578625174,4,1515
2018,2018_kk_114_redo,114.0,167,0.707134493,Group 5,0.4794932725045662,0.4789709993987247,0.001089218839533403,5,2000
2018,2018_kk_116_redo,116.0,167,0.706768163,Group 5,0.65498366541793,0.6546742894656228,0.0004723414775691578,4,2205
2018,2018_kk_103_redo,103.0,168,0.709151571,Group 2,0.6144949848040536,0.6136711616858361,0.0013406506783455545,5,2425
2018,2018_kk_106_redo,106.0,168,0.709177373,Group 2,0.6288984329771091,0.6280872509104247,0.0012898459022141866,5,2485
2018,2018_kk_107,107.0,168,0.704951126,Group 6,0.6853082528802533,0.6845204384343153,0.0011495767672822584,4,930
2018,2018_kk_109,109.0,168,0.706855822,Group 5,0.6058721195788953,0.6055604072593184,0.0005144853336272041,5,2165
2018,2018_kk_121,121.0,168,0.70813225,Group 4,0.6930745604137086,0.6910681142531305,0.002894993230425797,4,3200
2018,2018_kk_118,118.0,169,0.707080815,Group 5,0.5036559306684951,0.5031004063529118,0.0011029837668068401,5,1930
2018,2018_kk_125,125.0,169,0.708285771,Group 4,0.6865804540802029,0.6838223020838827,0.004017230580814087,4,2640
2018,2018_kk_127,127.0,169,0.710797842,Group 1,0.9952478958830715,0.9952478958830715,0.0,2,210
2018,2018_kk_128,128.0,169,0.705207946,Group 6,0.6750831726847002,0.6744255916770607,0.000974074061162459,4,1185
2018,2018_kk_129_redo,129.0,169,0.706814694,Group 5,0.6330120645993702,0.6326956300664448,0.0004998870489550106,5,2160
2018,2018_kk_122,122.0,170,0.70799627,Group 4,0.700583485901819,0.7004150534170832,0.0002404174350739143,4,3405
2018,2018_kk_123,123.0,170,0.709325784,Group 2,0.7326765482923266,0.731901301543207,0.0010581023112129942,5,2675
2018,2018_kk_132,132.0,171,0.707412334,Group 4,0.4664188300417223,0.4660538152852176,0.0007825900949839163,5,2795
2018,2018_kk_134,134.0,171,0.71489861,Group 1,1.0,1.0,0.0,1,5
2018,2018_kk_136,136.0,171,0.708508374,Group 4,0.5746590852662302,0.5710807701597213,0.006226848575536244,4,2365
2018,2018_kk_137,137.0,171,0.706091388,Group 5,0.5408298753555361,0.5386229818875753,0.004080568712129564,4,2285
2018,2018_kk_138_redo,138.0,171,0.704873172,Group 6,0.6912564792154263,0.6904076965655981,0.001227883825105877,4,825
2018,2018_kk_138,138.0,171,0.704790784,Group 6,0.6829447203885399,0.6821342037028952,0.0011867969126162108,3,815
2018,2018_kk_139,139.0,172,0.70929918,Group 2,0.7084404208429075,0.707673643911185,0.0010823449780154348,5,2695
2018,2018_kk_140,140.0,172,0.708360141,Group 4,0.6445157595886923,0.6415876685367992,0.004543086818795344,4,2445
2018,2018_kk_141,141.0,172,0.70713272,Group 5,0.4785339670059533,0.4780096902473271,0.0010955894351793926,5,1985
2018,2018_kk_145,145.0,173,0.704352742,Group 6,0.5230127825745939,0.5230127825745939,0.0,3,185
2018,2018_kk_146,146.0,173,0.705780172,Group 6,0.418180714685867,0.41614902008490623,0.004858412953086498,4,1765
2018,2018_kk_149_redo,149.0,173,0.709888366,Group 2,0.9233989061377312,0.9233989061377312,0.0,5,1660
2018,2018_kk_151_redo,151.0,173,0.708545494,Group 4,0.5435911457604632,0.5401374339599077,0.006353510036893594,4,2355
2018,2018_kk_152,152.0,173,0.709536112,Group 2,0.829535456360206,0.829535456360206,0.0,5,2430
2018,2018_kk_155_redo,155.0,173,0.705797893,Group 6,0.4098334765451085,0.4078431341399842,0.004856466147916629,4,1785
2018,2018_kk_157,157.0,174,0.706635461,Group 5,0.6598862121167982,0.6596255786784878,0.0003949672436317002,4,2315
2018,2018_kk_161,161.0,174,0.709757823,Group 2,0.8981269027435248,0.8981269027435248,0.0,5,1950
2018,2018_kk_164,164.0,174,0.706321922,Group 5,0.596172938122018,0.594089717459133,0.003494322753809183,4,2405
2018,2018_kk_167,167.0,174,0.71089501,Group 1,0.9958309062424174,0.9958309062424174,0.0,2,220
2018,2018_kk_171,171.0,174,0.708088337,Group 4,0.7028803342850936,0.7009921632751566,0.002686333530525575,4,3265
2018,2018_kk_172,172.0,174,0.70936333,Group 2,0.7647151393684962,0.7639203013560635,0.001039390972551147,5,2590
2018,2018_kk_174,174.0,174,0.70902835,Group 2,0.5537972996107768,0.5509130382375397,0.0052081535523273124,5,2340
2018,2018_kk_175_redo,175.0,174,0.705946509,Group 5,0.4971234322014502,0.49497035561022545,0.004331070417843906,4,2160
2018,2018_kk_176,176.0,174,0.708025844,Group 4,0.7032716936620188,0.7024097330345522,0.001225643851778406,4,3370
2018,2018_kk_177,177.0,174,0.705681618,Group 6,0.4688580632039527,0.46619006940834595,0.005690408259964514,4,1525
2018,2018_kk_178,178.0,174,0.709245225,Group 2,0.6704300186824601,0.6696495783379751,0.0011640892005681247,5,2630
2018,2018_kk_179_redo,179.0,174,0.708010369,Group 4,0.7024449013626535,0.7016021472189661,0.0011997441252011706,4,3365
2018,2018_kk_181,181.0,174,0.706675859,Group 5,0.6530011521896845,0.6527261779414067,0.0004210930522184869,4,2265
2018,2018_kk_183_redo,183.0,174,0.707839605,Group 4,0.6824942701661495,0.6823006626608882,0.0002836763819484102,5,3420
2018,2018_kk_187_redo,187.0,175,0.709268588,Group 2,0.6862931228247822,0.6855234975052918,0.0011214236219103013,5,2680
2018,2018_kk_191,191.0,175,0.70569526,Group 6,0.46151740261281604,0.4589195975540688,0.005628834457899357,4,1560
2018,2018_kk_192,192.0,175,0.70667142,Group 5,0.6542551376827751,0.6539805073247251,0.0004197603384860841,4,2260
2018,2018_kk_193_redo,193.0,175,0.708151301,Group 4,0.6960117288221578,0.6939072251071543,0.003023661280198447,4,3125
2018,2018_kk_193,193.0,175,0.708169188,Group 4,0.6936796591633623,0.69149315449293,0.003152038035927623,4,3050
2018,2018_kk_194,194.0,175,0.705593194,Group 6,0.5350715208748164,0.5320353223555644,0.005674378846192177,4,1425
2018,2018_kk_196,196.0,175,0.706748068,Group 5,0.6615358944526754,0.6612348300881102,0.0004550990612750149,4,2255
2018,2018_kk_197,197.0,175,0.705350526,Group 6,0.6443221980332711,0.6438133525329336,0.0007897376528244091,4,1455
2018,2018_kk_199,199.0,175,0.709196662,Group 2,0.640175624131448,0.639373954359912,0.0012522653804942863,5,2530
2018,2018_kk_201,201.0,175,0.709450897,Group 2,0.802502120379978,0.8017357428179187,0.0009549850929944834,5,2500
2018,2018_kk_203,203.0,175,0.706682377,Group 5,0.6576462267249312,0.6573682900116826,0.00042262344396431644,4,2275
2018,2018_kk_204,204.0,175,0.707038923,Group 5,0.5027818580851011,0.5022431789205479,0.0010713973781886267,5,1950
2018,2018_kk_205_redo,205.0,175,0.705855896,Group 5,0.41967048057729656,0.41763402265870536,0.00485251646908743,4,1840
2018,2018_kk_206,206.0,175,0.705098176,Group 6,0.690553403676984,0.6898374897996834,0.0010367248550055125,4,1100
2018,2018_kk_208,208.0,176,0.707768079,Group 4,0.6618176103251626,0.6616146377125852,0.0003066896519687166,5,3360
2018,2018_kk_211,211.0,176,0.705967171,Group 5,0.5070729404321803,0.5048873565550186,0.004310196231924669,4,2175
2018,2018_kk_212_redo,212.0,176,0.706975082,Group 5,0.5503551923274229,0.5497653500009198,0.0010717484539553286,5,1850
2018,2018_kk_213,213.0,176,0.705119827,Group 6,0.6965661501473887,0.6958560157300915,0.0010194787919954437,4,1125
2018,2018_kk_215,215.0,176,0.708156024,Group 4,0.6939511648438664,0.6918268015716991,0.0030612575924493586,4,3100
2018,2018_kk_216,216.0,176,0.707911718,Group 4,0.7018971793082139,0.7017104654573588,0.00026601310898426584,5,3385
2018,2018_kk_217,217.0,176,0.707700203,Group 4,0.6379973744438682,0.6377884080282121,0.0003275349147606969,5,3305
2018,2018_kk_222_redo,222.0,176,0.706271961,Group 5,0.5856197820382741,0.5835043509731006,0.0036122944102241275,4,2405
2018,2018_kk_223_redo,223.0,176,0.707687702,Group 4,0.6341596386867693,0.6339480620686102,0.00033363305586132805,5,3265
2018,2018_kk_225,225.0,176,0.709021288,Group 2,0.5524966353136167,0.5496161881907112,0.005213510705400796,5,2360
2018,2018_kk_230,230.0,176,0.707437677,Group 4,0.4891466327614307,0.4887694696151343,0.0007710635646558351,5,2795
2018,2018_kk_231_redo,231.0,176,0.70897145,Group 2,0.5187281930233792,0.5158465454687132,0.005555216765586651,5,2330
2018,2018_kk_233,233.0,176,0.706598708,Group 5,0.6600695200588187,0.6598236361537365,0.0003725121333586923,4,2355
2018,2018_kk_234,234.0,176,0.705928239,Group 5,0.4796429845144605,0.47754891902447955,0.004365883704315535,4,2135
2018,2018_kk_235,235.0,176,0.708977922,Group 2,0.5273089772922983,0.5243933799538285,0.0055292010263910734,5,2325
2018,2018_kk_236,236.0,176,0.705737335,Group 6,0.436800649241721,0.43463816357779894,0.0049507382090116,4,1675
2018,2018_kk_239,239.0,176,0.707035216,Group 5,0.5094483635176441,0.5088990659183942,0.0010782203626233783,5,1930
2018,2018_kk_240,240.0,176,0.70489105,Group 6,0.6902689633964523,0.6894503539097351,0.0011859282832147868,4,870
2018,2018_kk_241,241.0,177,0.708420843,Group 4,0.618501025199002,0.6148476215223483,0.005906867616716125,4,2365
2018,2018_kk_242,242.0,177,0.70903956,Group 2,0.563067595615074,0.5601779245474442,0.005132014504356783,5,2345
2018,2018_kk_243,243.0,177,0.708081547,Group 4,0.7009106262097979,0.6990568617845282,0.0026447942946649784,4,3290
2018,2018_kk_248_redo,248.0,177,0.708786504,Group 2,0.3956877846109625,0.3930163883741727,0.006751272949748258,4,2170
2018,2018_kk_249,249.0,177,0.705936043,Group 5,0.4848755129798787,0.48277319323727813,0.004335792768086847,4,2155
2018,2018_kk_252,252.0,177,0.70700221,Group 5,0.5267326705361228,0.5261643749865291,0.0010789069700485397,5,1880
2018,2018_kk_253,253.0,177,0.706111454,Group 5,0.5368576480348873,0.5347174063330985,0.003986609317428938,4,2335
2018,2018_kk_255,255.0,177,0.709532437,Group 2,0.8271697556671198,0.8271697556671198,0.0,5,2450
2018,2018_kk_257,257.0,177,0.705115353,Group 6,0.6975599852604427,0.6968514955917617,0.0010156684495262849,4,1130
2018,2018_kk_258_redo,258.0,177,0.708700872,Group 4,0.431074202660373,0.42811335533701445,0.006868532853707594,4,2200
2018,2018_kk_258,258.0,177,0.708559945,Group 4,0.5349417776860291,0.5315194460003898,0.006397577883042174,4,2350
2018,2018_kk_260,260.0,177,0.705936055,Group 5,0.4848773827868362,0.4827750525130873,0.004335797767397919,4,2155
2018,2018_kk_262_redo,262.0,177,0.708569644,Group 4,0.5323014920805021,0.5289040694343162,0.006382515729773926,4,2365
2018,2018_kk_263,263.0,177,0.706268652,Group 5,0.5834820174648966,0.5813771638389038,0.003607401021779368,4,2415
2018,2018_kk_266,266.0,177,0.70603556,Group 5,0.5212855253489084,0.5190844460070314,0.004222406406553775,4,2220
2018,2018_kk_267,267.0,178,0.706612047,Group 5,0.6592436046485685,0.6589935212475875,0.0003793489981814905,4,2350
2018,2018_kk_269_redo,269.0,178,0.705979426,Group 5,0.5119114789164654,0.509692059485785,0.004335553161218571,4,2160
2018,2018_kk_283,283.0,178,0.710121716,Group 2,0.8968132434579762,0.8968132434579762,0.0,3,1020
2018,2018_kk_284,284.0,178,0.705580613,Group 6,0.5423589705399597,0.5393713608498112,0.0055085466497847195,4,1460
2018,2018_kk_285,285.0,178,0.705854582,Group 5,0.41687235555461555,0.4148413810010601,0.004871933882143388,4,1830
2018,2018_kk_286,286.0,178,0.706545008,Group 5,0.6677434217266506,0.6656440245756113,0.00314401772107413,4,2380
2018,2018_kk_274,274.0,179,0.704623107,Group 6,0.6809850154568611,0.6809850154568611,0.0,3,605
2018,2018_kk_276,276.0,179,0.705229458,Group 6,0.6715171518980123,0.6708714162264402,0.0009616071156886039,4,1200
2018,2018_kk_279,279.0,179,0.708796172,Group 2,0.4030412856540749,0.40034380100146966,0.00669282465251075,4,2180
2018,2018_kk_281_redo,281.0,179,0.705931347,Group 5,0.48020079966406554,0.4781116927340884,0.004350486153789564,4,2145
2018,2018_kk_296,296.0,179,0.710735778,Group 1,0.9747648835546557,0.9747648835546557,0.0,2,200
2018,2018_kk_297,297.0,179,0.706612257,Group 5,0.6592397189174057,0.6589895727280384,0.00037944647779741933,4,2350
2018,2018_kk_298,298.0,179,0.70782328,Group 4,0.6747919571101414,0.6745987223706522,0.0002863619482316954,5,3445
2018,2018_kk_301,301.0,179,0.706277549,Group 5,0.5841807817206444,0.5820778959696132,0.003599717445064441,4,2405
2018,2018_kk_303,303.0,179,0.705193896,Group 6,0.6775666475297681,0.676896685471472,0.0009887766181211795,4,1165
2018,2018_kk_287,287.0,180,0.707918692,Group 4,0.7006915384864372,0.7005069734090531,0.0002634041760839621,5,3395
2018,2018_kk_290,290.0,180,0.706097705,Group 5,0.5377946601353241,0.5356114804796511,0.004059504151870138,4,2295
2018,2018_kk_291,291.0,180,0.707880276,Group 4,0.6944518544551223,0.6942614313752786,0.00027420630907960787,5,3395
2018,2018_kk_292,292.0,180,0.709476017,Group 2,0.810039810368658,0.810039810368658,0.0,5,2475
2018,2018_kk_318,318.0,180,0.70919238,Group 2,0.6367995609256775,0.6359968322858442,0.001260567200558907,5,2520
2018,2018_kk_319,319.0,180,0.704979226,Group 6,0.6879492077335823,0.6871782122786881,0.0011207156665447864,4,970
2018,2018_kk_320_redo,320.0,180,0.709286286,Group 2,0.701443696118136,0.7006684629473973,0.001105196575333092,5,2670
2018,2018_kk_324,324.0,180,0.705249353,Group 6,0.6768413828115463,0.6761970319915162,0.0009519967844660129,4,1210
2018,2018_kk_325,325.0,180,0.707968478,Group 4,0.7024902235636665,0.7023146307637139,0.00024995764220301514,4,3380
2018,2018_kk_326,326.0,180,0.704616267,Group 6,0.6758427847743199,0.6758427847743199,0.0,3,595
2018,2018_kk_327,327.0,180,0.711304886,Group 1,0.9999999999999993,0.9999999999999993,0.0,1,210
2018,2018_kk_304,304.0,181,0.705930755,Group 5,0.4801091977159804,0.47802062390980404,0.00435020577841942,4,2145
2018,2018_kk_307,307.0,181,0.707957508,Group 4,0.7011833194285603,0.7010060300265252,0.0002528431540265225,5,3385
2018,2018_kk_308,308.0,181,0.708494818,Group 4,0.5837880144145632,0.580146635396261,0.006237502189821178,4,2340
2018,2018_kk_311,311.0,181,0.705598114,Group 6,0.5289772597078217,0.5259644282457061,0.005695578414428943,4,1425
2018,2018_kk_314,314.0,181,0.707701719,Group 4,0.6406172959182866,0.6404076961167313,0.0003271841127155385,5,3305
2018,2018_kk_330,330.0,181,0.70540303,Group 6,0.6215961945226639,0.621130153966973,0.0007497480837197424,4,1495
2018,2018_kk_332,332.0,181,0.705942304,Group 5,0.49261848757694676,0.49048553448190896,0.004329827541652433,4,2160
2018,2018_kk_333,333.0,181,0.705998389,Group 5,0.5196159194818553,0.517359790951447,0.004341915722401256,4,2155
2018,2018_kk_336,336.0,182,0.705820629,Group 5,0.3990176927078884,0.39706422986465667,0.004895679762906573,4,1790
2018,2018_kk_338,338.0,182,0.705977725,Group 5,0.5116482677695263,0.5094299852037965,0.004335561567324818,4,2160
2018,2018_kk_341,341.0,182,0.706172875,Group 5,0.5547807022445221,0.5525874733597045,0.003953325838379631,4,2295
2018,2018_kk_342,342.0,182,0.709157084,Group 2,0.6178103895790378,0.6169907954875942,0.001326611052951164,5,2445
2018,2018_kk_343,343.0,182,0.708775976,Group 2,0.3928541762881403,0.39018364463866945,0.006797768257685844,4,2165
2018,2018_kk_347_redo,347.0,182,0.708631572,Group 4,0.48646216911969276,0.4832251797633456,0.006654144066752089,4,2285
2018,2018_kk_348,348.0,182,0.704985366,Group 6,0.6852287843826298,0.6844627184661582,0.0011179710104585198,4,975
2018,2018_kk_349,349.0,182,0.70685053,Group 5,0.6113335608245622,0.6110213869077636,0.0005106441667910568,5,2175
2018,2018_kk_354,354.0,182,0.705892769,Group 5,0.4529176570207434,0.45082571496797164,0.004618813200024874,4,1980
2018,2018_kk_358,358.0,183,0.707786587,Group 4,0.6636015047355438,0.6634025916614243,0.00029974777437968326,5,3390
2018,2018_kk_359,359.0,184,0.704988902,Group 6,0.686581554704235,0.6858164010665163,0.0011144395483335475,4,980
2018,2018_kk_361_redo,361.0,184,0.708406169,Group 4,0.6272388563147627,0.6236163947560008,0.005775250564107459,4,2400
2018,2018_kk_362,362.0,184,0.709083319,Group 2,0.5783537605047823,0.5765060190873632,0.003194829088353121,5,2345
2018,2018_kk_364,364.0,185,0.709941295,Group 2,0.926586727395311,0.926586727395311,0.0,5,1505
2018,2018_kk_366,366.0,185,0.704744237,Group 6,0.6825401376248467,0.6817423354773814,0.0011688721343794367,3,800
2018,2018_kk_367,367.0,185,0.708553858,Group 4,0.5383153458215412,0.5349090537929592,0.006327688881660132,4,2375
2018,2018_kk_368_redo,368.0,185,0.70569436,Group 6,0.46281927431075004,0.46020858662259795,0.005640836138555461,4,1555
2018,2018_kk_369,369.0,185,0.706677047,Group 5,0.6541399930412864,0.6538636848123144,0.00042239922938739613,4,2260
2018,2018_kk_370,370.0,185,0.704937061,Group 6,0.6897350922659548,0.6889354655668957,0.0011593243667392488,4,915
2018,2018_kk_373,373.0,185,0.70887864,Group 2,0.4479722807007677,0.44508934228896735,0.0064355285717467795,5,2150
2018,2018_kk_376,376.0,185,0.706623179,Group 5,0.6579101611531011,0.6576576144711442,0.0003838619569490138,4,2355
2018,2018_kk_379,379.0,186,0.705505976,Group 6,0.5850848956382403,0.58367551179004,0.002408853584680193,4,1470
2018,2018_kk_382,382.0,186,0.705856477,Group 5,0.4206956925798847,0.4186493022195053,0.0048643007201477455,4,1835
2018,2018_kk_384,384.0,186,0.7052394,Group 6,0.6736238305437074,0.6729813897163487,0.0009537085807078918,4,1210
2018,2018_kk_386_redo,386.0,186,0.708000835,Group 4,0.7012174779018508,0.7010494257829291,0.00023965763007593245,4,3395
2018,2018_kk_387,387.0,186,0.70627089,Group 5,0.5865666541779937,0.5844428153256794,0.0036207971203044216,4,2400
2018,2018_kk_389,389.0,186,0.70567493,Group 6,0.4734738038353675,0.4707826909592847,0.005683762975445483,4,1520
2018,2018_kk_391,391.0,186,0.70762115,Group 4,0.6106228499865062,0.6103999326918337,0.00036506543225068666,5,3070
2018,2018_kk_392,392.0,186,0.704844789,Group 6,0.6798021372078078,0.6789746400667936,0.0012172617526814557,4,820
2018,2018_kk_393,393.0,186,0.71063907,Group 1,0.8737572738769335,0.8737572738769335,0.0,2,215
2018,2018_kk_395,395.0,187,0.705100731,Group 6,0.6906040046688768,0.6898878842686461,0.001036947940338296,4,1100
2018,2018_kk_398,398.0,187,0.707170997,Group 5,0.4611969198766351,0.46069977014582264,0.0010779554445971625,5,2040
2018,2018_kk_400,400.0,187,0.705950412,Group 5,0.4996573483131579,0.49750104374809095,0.004315566602485919,4,2170
2018,2018_kk_401,401.0,187,0.70569774,Group 6,0.46006703119747383,0.4574807048283698,0.005621629444675303,4,1565
2018,2018_kk_402,402.0,187,0.707894987,Group 4,0.6988238994793996,0.6986342500100079,0.0002713837771333109,5,3375
2018,2018_kk_405,405.0,187,0.709948201,Group 2,0.9271525730458519,0.9271525730458519,0.0,5,1455
2018,2018_kk_406,406.0,187,0.705818898,Group 6,0.4006580263737376,0.39870246891210975,0.004880864310462191,4,1795
2018,2018_kk_408,408.0,188,0.705978737,Group 5,0.5127381306687778,0.5105193561738564,0.0043273054259248015,4,2165
2018,2018_kk_409,409.0,188,0.707036852,Group 5,0.5039698318492911,0.5034316564554958,0.0010678722411229132,5,1955
2018,2018_kk_411_redo,411.0,188,0.706764728,Group 5,0.6575094105748813,0.657200396512611,0.0004699766380532479,4,2210
2018,2018_kk_414,414.0,189,0.709054647,Group 2,0.5670962086328436,0.5642618262354402,0.004998062681879939,5,2370
2018,2018_kk_419,419.0,190,0.708165943,Group 4,0.6910589943371929,0.68888925690197,0.0031397282330487804,4,3050
2018,2018_kk_421_redo,421.0,190,0.706374895,Group 5,0.6126367268505918,0.6105411100647516,0.0034206515770172164,4,2345
2018,2018_kk_417_redo,417.0,191,0.705388678,Group 6,0.6280618385030468,0.6275868705779533,0.0007562438855154219,4,1495
2018,2018_kk_417,417.0,191,0.705690767,Group 6,0.467038398726,0.46440217957665236,0.005644544766637587,4,1550
2018,2018_kk_426,426.0,191,0.705802255,Group 6,0.40834312483685004,0.406360473266642,0.0048553568056281145,4,1790
2018,2018_kk_422,422.0,192,0.706023062,Group 5,0.5169300636328108,0.514739991020954,0.0042366903493011995,4,2215
2018,2018_kk_423,423.0,192,0.705266048,Group 6,0.6763149274459617,0.6756920853436494,0.0009209350215947456,4,1255
2018,2018_kk_433,433.0,194,0.705649992,Group 6,0.48911281542937185,0.48632899092311394,0.00569157956700461,4,1490
2018,2018_kk_429,429.0,195,0.706654346,Group 5,0.6553332844204987,0.6550668041686188,0.00040663317157065373,4,2295
2018,2018_kk_428,428.0,196,0.70835143,Group 4,0.6498833006769709,0.6469973436345837,0.004440731188785678,4,2495
2018,2018_kk_435,435.0,197,0.706688787,Group 5,0.6575400497119299,0.6572602314616818,0.0004255531664888227,4,2275
2018,2018_kk_436,436.0,198,0.706187697,Group 5,0.5611872305931058,0.5590103819277489,0.003879006054817442,4,2330
2019,2019_kk_006,6.0,152,0.708244122158032,Group 4,0.6872682485885195,0.6847383826218462,0.0036810458970992807,4,2795
2019,2019_kk_007,7.0,152,0.708755159153809,Group 2,0.38528727473781044,0.38266497374990655,0.006806092907398461,4,2185
2019,2019_kk_009,9.0,154,0.706665418465558,Group 5,0.6538299002039306,0.6535582586350691,0.0004154621389704,4,2270
2019,2019_kk_011,11.0,154,0.709552757583921,Group 2,0.832806151830785,0.832806151830785,0.0,5,2410
2019,2019_kk_013,13.0,154,0.709022108063696,Group 2,0.5526035018887842,0.5497251570117543,0.005208698220680322,5,2360
2019,2019_kk_014,14.0,155,0.709004671265727,Group 2,0.5495309622147185,0.546607704885965,0.0053195498156686965,5,2355
2019,2019_kk_015,15.0,155,0.709175582312146,Group 2,0.6286480529962724,0.6278360941655824,0.001291595236507859,5,2485
2019,2019_kk_016,16.0,156,0.709048577197787,Group 2,0.5655454524147467,0.5626935066465768,0.005042823270866816,5,2365
2019,2019_kk_017,17.0,156,0.70874070264799,Group 2,0.37202773759898694,0.36950650887295605,0.006776991259583258,4,2210
2019,2019_kk_019,19.0,156,0.709362870830124,Group 2,0.7646702219293853,0.7638749908909407,0.0010399660084030868,5,2590
2019,2019_kk_021,21.0,156,0.708801069180095,Group 2,0.40554892015420574,0.40284151667247325,0.0066758986331489365,4,2180
2019,2019_kk_023,23.0,157,0.709185867560131,Group 2,0.6347006539535718,0.633893881813703,0.0012711065205990748,5,2510
2019,2019_kk_026,26.0,157,0.706705769664956,Group 5,0.6585406922098287,0.6582564239252098,0.0004316639624272079,4,2285
2019,2019_kk_029,29.0,157,0.709222259537113,Group 2,0.6515095639553075,0.6507209323725512,0.0012104681594670625,5,2570
2019,2019_kk_030,30.0,157,0.709353321218447,Group 2,0.7586547226301922,0.7578603559935635,0.0010470726839670568,5,2605
2019,2019_kk_030a,30.0,157,0.70949774745601,Group 2,0.8151348460901556,0.8151348460901556,0.0,5,2480
2019,2019_kk_031_sld25,31.0,158,0.709108313604996,Group 2,0.5876148662174888,0.58678242680328,0.001416641174460598,5,2345
2019,2019_kk_031,31.0,158,0.707544393999452,Group 4,0.572693028616766,0.5723024091373994,0.0006820747937337392,5,2945
2019,2019_kk_034_sld25,34.0,159,0.709411489831203,Group 2,0.7856784191143411,0.7848964336447105,0.0009952996679127074,5,2535
2019,2019_kk_034,34.0,159,0.709895324674934,Group 2,0.9232720186142638,0.9232720186142638,0.0,5,1660
2019,2019_kk_035,35.0,159,0.706050492241375,Group 5,0.5228281433475671,0.5206574754497004,0.004151780896813093,4,2260
2019,2019_kk_036,36.0,159,0.70732133527068,Group 4,0.38918661011436845,0.388836316745096,0.0009000653161461469,5,2485
2019,2019_kk_038,38.0,159,0.70510076039934,Group 6,0.6906045861784779,0.6898884634183119,0.0010369504843990827,4,1100
2019,2019_kk_041,41.0,159,0.709079343733935,Group 2,0.5785471293055278,0.5766941162902458,0.0032028730615365195,5,2350
2019,2019_kk_045,45.0,159,0.708008725937742,Group 4,0.7017207206306303,0.7007143188077155,0.0014341914002629437,4,3370
2019,2019_kk_046,46.0,159,0.707596576625647,Group 4,0.603192289506583,0.6029674294879286,0.00037278331067247365,5,3040
2019,2019_kk_047,47.0,159,0.710163675676815,Group 2,0.896627236566839,0.896627236566839,0.0,2,970
2019,2019_kk_048,48.0,160,0.708697955217723,Group 4,0.4328921258488818,0.429934643884368,0.006831914437608035,4,2215
2019,2019_kk_050,50.0,160,0.709461698827795,Group 2,0.8060872400216041,0.8060872400216041,0.0,5,2480
2019,2019_kk_051,51.0,160,0.709349457407164,Group 2,0.7551782698546298,0.7543839265215796,0.0010518620102815015,5,2605
2019,2019_kk_052_sld24,52.0,160,0.709045163734482,Group 2,0.5653249635933283,0.5624527201800906,0.005080694464615695,5,2355
2019,2019_kk_052_sld32,52.0,160,0.709171093888252,Group 2,0.6278308108410567,0.6270131665966575,0.0013023321415269922,5,2470
2019,2019_kk_053,53.0,160,0.706938455848136,Group 5,0.5537243269593514,0.5533927888925841,0.0005987421007630709,5,1905
2019,2019_kk_054,54.0,160,0.707766476497877,Group 4,0.6620657782288325,0.6618626985307515,0.00030673643731332016,5,3365
2019,2019_kk_054a,54.0,160,0.709492148943219,Group 2,0.8147253843079484,0.8147253843079484,0.0,5,2480
2019,2019_kk_056,56.0,160,0.705591737419919,Group 6,0.5351777517302669,0.5321443522928264,0.005668022311528062,4,1425
2019,2019_kk_057,57.0,160,0.709184434843119,Group 2,0.6333145766627214,0.6325060619556031,0.0012766399778428527,5,2500
2019,2019_kk_058,58.0,160,0.705042215432472,Group 6,0.688121643971576,0.687375360742278,0.0010845222437573558,4,1030
2019,2019_kk_061,61.0,160,0.706423423235683,Group 5,0.6322029686900449,0.6301378667383082,0.003266517327521705,4,2345
2019,2019_kk_062,62.0,160,0.706850503941313,Group 5,0.6113344579614147,0.61102228936852,0.0005106347087576972,5,2175
2019,2019_kk_064,64.0,160,0.708677111560542,Group 4,0.44558430557629664,0.44256928154708786,0.006766450235066747,4,2245
2019,2019_kk_065,65.0,160,0.705697162888233,Group 6,0.46012372089611053,0.45753787169704113,0.005619899782678793,4,1565
2019,2019_kk_066,66.0,160,0.709905610853719,Group 2,0.9242186093014024,0.9242186093014024,0.0,5,1625
2019,2019_kk_067,67.0,160,0.70664866808027,Group 5,0.6561110261383208,0.6558478301788646,0.00040114546009886677,4,2315
2019,2019_kk_070,70.0,160,0.706505345226811,Group 5,0.6661037904813225,0.6641474070415969,0.002937054957023912,4,2385
2019,2019_kk_071,71.0,160,0.70499919697259,Group 6,0.6867628393948829,0.6859954188797087,0.0011174461854261937,4,980
2019,2019_kk_072,72.0,160,0.706009468151515,Group 5,0.516159925676303,0.5139580563380962,0.004265866505079132,4,2200
2019,2019_kk_073,73.0,160,0.709133884405258,Group 2,0.6071999910663997,0.6063621273952142,0.0013798809017009314,5,2375
2019,2019_kk_074,74.0,160,0.708890666261262,Group 2,0.4604166277349479,0.4575079336551649,0.006317526137343361,5,2175
2019,2019_kk_076,76.0,160,0.709084638144992,Group 2,0.578533478313149,0.5766877724921596,0.0031903180890603517,5,2345
2019,2019_kk_078,78.0,160,0.70883513064957,Group 2,0.4217010295214839,0.4189345850945661,0.006560203161128202,5,2175
2019,2019_kk_080,80.0,160,0.710553123971816,Group 1,0.6989176355974338,0.6989176355974338,0.0,2,275
2019,2019_kk_082,82.0,161,0.704981209393909,Group 6,0.6879885698768706,0.6872171095601142,0.0011213272291637829,4,970
2019,2019_kk_083,83.0,161,0.709190131511732,Group 2,0.6358947504802565,0.6350904515573029,0.0012648302605834264,5,2515
2019,2019_kk_085,85.0,161,0.709118333810418,Group 2,0.5921028069328346,0.5912719569409571,0.001403219140576726,5,2355
2019,2019_kk_085a,85.0,161,0.709563435833624,Group 2,0.8370931224322178,0.8370931224322178,0.0,5,2385
2019,2019_kk_087,87.0,161,0.707296749717736,Group 4,0.37529037746325566,0.37493844164644585,0.0009377693592591001,5,2385
2019,2019_kk_171,171.0,161,0.706039327324109,Group 5,0.5207189441217498,0.5185335131800409,0.004196949172638223,4,2235
2019,2019_kk_088,88.0,162,0.709365578733006,Group 2,0.766839892832348,0.7660462370863197,0.0010349692986066955,5,2595
2019,2019_kk_089,89.0,162,0.709490867213382,Group 2,0.8117523390119239,0.8117523390119239,0.0,5,2485
2019,2019_kk_090,90.0,162,0.707456519815053,Group 4,0.5019482151488217,0.5015646661043749,0.0007641207456691774,5,2785
2019,2019_kk_091,91.0,162,0.709158385908437,Group 2,0.6209026411049253,0.6200824244620622,0.0013210068512568833,5,2455
2019,2019_kk_093,93.0,162,0.709565338554659,Group 2,0.8366811494983488,0.8366811494983488,0.0,5,2375
2019,2019_kk_094,94.0,162,0.708874286117886,Group 2,0.4464048392820734,0.44351737508160255,0.006468263662003808,5,2145
2019,2019_kk_095,95.0,162,0.709141518604789,Group 2,0.6088384382382713,0.6080110201341039,0.0013590109497054745,5,2405
2019,2019_kk_096,96.0,162,0.708000134056995,Group 4,0.7023800094657878,0.7022115351421925,0.0002398620708517272,4,3395
2019,2019_kk_098,98.0,163,0.709101727674119,Group 2,0.5842891910338385,0.5834567848113081,0.0014246476493216113,5,2340
2019,2019_kk_098a,98.0,163,0.706407663932405,Group 5,0.6274968143418227,0.6254182344619118,0.0033124947129668856,4,2350
2019,2019_kk_099,99.0,163,0.710650347600097,Group 1,0.8753264328032964,0.8753264328032964,0.0,2,215
2019,2019_kk_101,101.0,163,0.710955852591314,Group 1,0.996108705819204,0.996108705819204,0.0,2,220
2019,2019_kk_101a,101.0,163,0.709705333524573,Group 2,0.8874723883727292,0.8874723883727292,0.0,5,2115
2019,2019_kk_103,103.0,163,0.707923465144337,Group 4,0.6992210836614899,0.6990389295422994,0.0002605100496064277,5,3420
2019,2019_kk_109,109.0,164,0.707629162160243,Group 4,0.6123198081861242,0.6120984244057119,0.0003615492712346449,5,3090
2019,2019_kk_111,111.0,164,0.70640392109826,Group 5,0.6252833379016237,0.6232116805159855,0.0033131498315474447,4,2360
2019,2019_kk_112,112.0,164,0.708304420201164,Group 4,0.6800117390510585,0.6771902480816385,0.004149179797039063,4,2590
2019,2019_kk_113,113.0,164,0.705959632189513,Group 5,0.5059090957092168,0.50372073204703,0.004325606479003925,4,2165
2019,2019_kk_114,114.0,164,0.707786858857348,Group 4,0.6640239762812794,0.6638252183845563,0.00029932337358686754,5,3395
2019,2019_kk_115,115.0,165,0.708542379832352,Group 4,0.5467199315010087,0.5432565994661461,0.006334746248145916,4,2360
2019,2019_kk_117,117.0,165,0.70952123527224,Group 2,0.8200463722508275,0.8200463722508275,0.0,5,2480
2019,2019_kk_118,118.0,165,0.710291087631377,Group 2,0.7754906553674259,0.7754906553674259,0.0,2,580
2019,2019_kk_119,119.0,165,0.71056873129079,Group 1,0.7604968082920355,0.7604968082920355,0.0,2,250
2019,2019_kk_120,120.0,165,0.709354385022512,Group 2,0.759931173483095,0.7591352528966779,0.0010473587795709488,5,2600
2019,2019_kk_122,122.0,165,0.708542856211607,Group 4,0.5466395412294623,0.5431760846136182,0.006335905756203292,4,2360
2019,2019_kk_123,123.0,165,0.710159926695716,Group 2,0.8974560330230926,0.8974560330230926,0.0,2,975
2019,2019_kk_125,125.0,165,0.709223008054845,Group 2,0.6521647374695019,0.6513770616721638,0.0012077865485250953,5,2575
2019,2019_kk_126,126.0,165,0.707296554265041,Group 4,0.37417550395713367,0.3738239855816215,0.0009394478574750101,5,2380
2019,2019_kk_127,127.0,165,0.710381143519345,Group 2,0.6202733186754816,0.6202733186754816,0.0,2,425
2019,2019_kk_129,129.0,166,0.708029649721011,Group 4,0.701830746533857,0.7009647779140924,0.001233871020956883,4,3365
2019,2019_kk_131,131.0,166,0.709439064051993,Group 2,0.796184928563403,0.7954159879375133,0.0009657814388387331,5,2515
2019,2019_kk_132,132.0,166,0.709583392939289,Group 2,0.8384656447198856,0.8384656447198856,0.0,5,2355
2019,2019_kk_134,134.0,167,0.709082418589917,Group 2,0.5782310022817158,0.5763818712956168,0.003197910486989091,5,2345
2019,2019_kk_135,135.0,167,0.705204779511067,Group 6,0.6739796181178986,0.6733206586763488,0.0009777141976338789,4,1180
2019,2019_kk_138a,138.0,167,0.707120172534437,Group 5,0.4861058404814219,0.4855703930426165,0.0011015038171009535,5,1965
2019,2019_kk_140,140.0,167,0.707800931601272,Group 4,0.6661290758997687,0.665933975441174,0.00029288686780582987,5,3435
2019,2019_kk_142,142.0,167,0.70878506627386,Group 2,0.39472091284783634,0.39204385828935495,0.0067821452356474875,4,2160
2019,2019_kk_143,143.0,167,0.70780109669084,Group 4,0.6661443817209816,0.6659493053263473,0.0002928440139812498,5,3435
2019,2019_kk_144,144.0,167,0.709236686296834,Group 2,0.6619923744503552,0.6612097351516353,0.0011822482084777252,5,2605
2019,2019_kk_147,147.0,167,0.706366998816872,Group 5,0.6097458435235505,0.6076602858703042,0.003420372070425973,4,2365
2019,2019_kk_148,148.0,167,0.709595461654778,Group 2,0.8417820062281632,0.8417820062281632,0.0,5,2340
2019,2019_kk_149_sld25,149.0,167,0.709040903827351,Group 2,0.563244016983937,0.5603579882570833,0.005123940316859244,5,2345
2019,2019_kk_149,149.0,167,0.705697913336928,Group 6,0.4600500012205688,0.4574635315754425,0.005622148980032816,4,1565
2019,2019_kk_152_sld26,152.0,168,0.705514905431711,Group 6,0.5788596501005937,0.5774580689453214,0.002421279761041788,4,1470
2019,2019_kk_152,152.0,168,0.705622076151917,Group 6,0.510838135598347,0.5079831402319235,0.005588845404189544,4,1490
2019,2019_kk_155,155.0,168,0.705762647662616,Group 6,0.42484259580980294,0.422764035415598,0.004892542354993831,4,1730
2019,2019_kk_159,159.0,168,0.70896661832863,Group 2,0.5154846040024494,0.5125919404005932,0.005611542186510137,5,2315
2019,2019_kk_161_sld29,161.0,168,0.708546569155363,Group 4,0.5442293672485654,0.540776376651547,0.00634473404931365,4,2360
2019,2019_kk_161,161.0,168,0.704610632739763,Group 6,0.675561612085408,0.675561612085408,0.0,3,580
2019,2019_kk_163,163.0,168,0.707059359663543,Group 5,0.5087514042638086,0.5081945427257714,0.001094565112489663,5,1925
2019,2019_kk_167,167.0,168,0.709175969155597,Group 2,0.6287021667623247,0.6278903756173462,0.0012912173488427512,5,2485
2019,2019_kk_170,170.0,168,0.709114637433391,Group 2,0.5898879266758416,0.5890583141015304,0.0014063901578494453,5,2355
2019,2019_kk_173,173.0,168,0.706702316400474,Group 5,0.6591841333421702,0.6589011023280665,0.0004293656351657551,4,2290
2019,2019_kk_176,176.0,169,0.709367275862604,Group 2,0.7666468344764755,0.7658537954367646,0.0010344255060448465,5,2590
2019,2019_kk_177,177.0,169,0.708101939841326,Group 4,0.6970378328684832,0.6951159829843832,0.0027571672490016093,4,3235
2019,2019_kk_180,180.0,169,0.7086930450342,Group 4,0.439359870340998,0.4363904574650717,0.006758498161476765,4,2245
2019,2019_kk_182,182.0,169,0.705175076747468,Group 6,0.6799634645952425,0.6792879103759448,0.0009935154673343864,4,1160
2019,2019_kk_183,183.0,169,0.707296920180239,Group 4,0.37531185147949486,0.37495990974087196,0.0009377314817944105,5,2385
2019,2019_kk_184,184.0,169,0.707969381119202,Group 4,0.7033609977953325,0.70318516375234,0.00024999117600158464,4,3375
2019,2019_kk_186,186.0,169,0.707327584087911,Group 4,0.394059445269402,0.3937107702887103,0.0008848283802799186,5,2530
2019,2019_kk_188,188.0,169,0.704428889856078,Group 6,0.6597628641834349,0.6597628641834349,0.0,3,300
2019,2019_kk_190,190.0,169,0.707661361101366,Group 4,0.6182396714781122,0.6180239888215738,0.00034886576596204115,5,3155
2019,2019_kk_191,191.0,169,0.708234865414148,Group 4,0.6858577083828692,0.6834108981724917,0.003567518714846348,4,2870
2019,2019_kk_192,192.0,169,0.710203968931618,Group 2,0.8864036309865576,0.8864036309865576,0.0,2,865
2019,2019_kk_194,194.0,169,0.706277825833039,Group 5,0.5841937330559809,0.5820911674732412,0.003599089589237679,4,2405
2019,2019_kk_196,196.0,170,0.709845481735245,Group 2,0.9115742965311623,0.9115742965311623,0.0,5,1745
2019,2019_kk_197,197.0,170,0.706075369580837,Group 5,0.5300467222305492,0.5278759453611644,0.004095444379411793,4,2285
2019,2019_kk_199,199.0,170,0.709125520423489,Group 2,0.6019861991351639,0.6011495707583557,0.0013897799949736276,5,2370
2019,2019_kk_200,200.0,170,0.708308753220902,Group 4,0.6791471385577601,0.676300846762423,0.004190979588578554,4,2570
2019,2019_kk_211,211.0,171,0.708387844497745,Group 4,0.6364709966975541,0.633481512484627,0.0046969684847205815,4,2400
2019,2019_kk_212,212.0,171,0.709100354062381,Group 2,0.5826623420253514,0.5818287055653991,0.0014307368089972968,5,2330
2019,2019_kk_213,213.0,171,0.707428052336816,Group 4,0.47972725066979627,0.4793557415962051,0.0007744172820544809,5,2800
2019,2019_kk_215,215.0,171,0.707806766539362,Group 4,0.6693841294913518,0.6691899990167275,0.00029001356033327673,5,3455
2019,2019_kk_218,218.0,171,0.705948263395717,Group 5,0.49836155701984947,0.4962070089780232,0.004323262923228334,4,2165
2019,2019_kk_222,222.0,171,0.70507594052743,Group 6,0.6932561379561103,0.6925201564895616,0.0010616299319304605,4,1065
2019,2019_kk_229,229.0,171,0.706436870675135,Group 5,0.641316023408739,0.6392817734075398,0.0031719931000425863,4,2390
2019,2019_kk_232,232.0,171,0.708462381446942,Group 4,0.595324452339366,0.5916410131489317,0.006187280189752088,4,2310
2019,2019_kk_236,236.0,172,0.70586427441768,Group 5,0.42571518189641583,0.4236526487571487,0.00484486630258102,4,1850
2019,2019_kk_239,239.0,172,0.705497212259082,Group 6,0.5851855354322091,0.583791047635507,0.002382984049105288,4,1480
2019,2019_kk_242,242.0,172,0.705934581719481,Group 5,0.48364943921836867,0.48154868734980916,0.004343542446683133,4,2150
2019,2019_kk_248,248.0,172,0.706118043720962,Group 5,0.5347705332745029,0.5326467788009701,0.003971337875571796,4,2340
2019,2019_kk_253,253.0,172,0.705947469857055,Group 5,0.49727198378339676,0.49511812991913545,0.004331339658176956,4,2160
2019,2019_kk_254,254.0,172,0.709351080161675,Group 2,0.7576796031136745,0.7568816968333667,0.0010530919362602138,5,2595
2019,2019_kk_255,255.0,172,0.708084379391468,Group 4,0.7030588505611229,0.7011897670213565,0.002658502255216214,4,3285
2019,2019_kk_261,261.0,172,0.70548035849684,Group 6,0.5987206230253412,0.5982929916026254,0.0007142420125016791,4,1480
2019,2019_kk_263,263.0,172,0.709526193266989,Group 2,0.820131051984905,0.820131051984905,0.0,5,2475
2019,2019_kk_264,264.0,172,0.70596831218359,Group 5,0.5081922317456993,0.506005918146728,0.004302138959230084,4,2180
2019,2019_kk_268_left,268.0,173,0.706323734498853,Group 5,0.595222837881249,0.5931491393029256,0.0034839029122353004,4,2410
2019,2019_kk_268_right,268.0,173,0.707981511727364,Group 4,0.7025206314556869,0.7023481064968107,0.0002455799177294358,4,3390
2019,2019_kk_268,268.0,173,0.707467967398405,Group 4,0.5079017670347736,0.5075143487003835,0.0007627820171841633,5,2765
2019,2019_kk_281,281.0,173,0.709123067660507,Group 2,0.5965358913579565,0.5957055440531108,0.0013919486100919588,5,2370
2019,2019_kk_282,282.0,173,0.706514174572359,Group 5,0.6676456376617536,0.6657059329460124,0.002905290780502138,4,2385
2019,2019_kk_294,294.0,173,0.709916211351047,Group 2,0.9232487482134362,0.9232487482134362,0.0,5,1605
2019,2019_kk_296,296.0,173,0.706713670449825,Group 5,0.6578449564725939,0.6575581735045277,0.0004359430976015568,4,2280
2019,2019_kk_308,308.0,174,0.708077585790806,Group 4,0.701206112844015,0.6993640590303737,0.0026269791148428524,4,3295
2019,2019_kk_309,309.0,174,0.705862547278912,Group 5,0.42417501560336485,0.42211657787352247,0.004852802862314689,4,1845
2019,2019_kk_312,312.0,174,0.708714470653738,Group 4,0.415207592973009,0.41238961943010655,0.0067869027219010425,4,2225
2019,2019_kk_314,314.0,174,0.707703217605966,Group 4,0.6407966545963192,0.6405872188790538,0.0003268364710758201,5,3305
2019,2019_kk_321,321.0,174,0.708762819081689,Group 2,0.38775292910440773,0.385112001039429,0.006810852650626018,4,2175
2019,2019_kk_324,324.0,174,0.705888993606068,Group 5,0.4511897054493907,0.44910320115977437,0.004624450124672374,4,1975
2019,2019_kk_329,329.0,175,0.707945829258258,Group 4,0.7009669089895965,0.7007875173884432,0.00025592021371143763,5,3390
2019,2019_kk_330,330.0,175,0.706412725113488,Group 5,0.6271216981025844,0.6250617500443597,0.0032847660421531357,4,2360
2019,2019_kk_332,332.0,175,0.707809818897593,Group 4,0.6704358526302113,0.6702423994344323,0.0002885484047730444,5,3465
2019,2019_kk_344,344.0,175,0.704964798512949,Group 6,0.687943298962428,0.6871658109652029,0.0011301629049918088,4,955
2019,2019_kk_345,345.0,175,0.708250278541486,Group 4,0.6870338356524498,0.6844775682492322,0.0037207299998405045,4,2780
2019,2019_kk_346,346.0,175,0.705908874681957,Group 5,0.4635805989051688,0.4614805444694612,0.004530074038187172,4,2035
2019,2019_kk_351,351.0,176,0.707956785451723,Group 4,0.7011509004119588,0.7009734723809762,0.00025305256097992774,5,3385
2019,2019_kk_352,352.0,176,0.706771178488242,Group 5,0.654293846234777,0.653983370297141,0.00047452064454331095,4,2200
2019,2019_kk_354,354.0,176,0.707721028365019,Group 4,0.6411850325201655,0.6409806424677571,0.00031876921955745105,5,3355
2019,2019_kk_357,357.0,176,0.708619371074389,Group 4,0.49577350582056534,0.4925040950695379,0.0065945652856462655,4,2305
2019,2019_kk_359,359.0,176,0.708558696803799,Group 4,0.5351459538817379,0.5317237222895204,0.006394949952240144,4,2350
2019,2019_kk_360,360.0,176,0.707781163377123,Group 4,0.6638701049455188,0.6636692295991081,0.00030258230475242883,5,3370
2019,2019_kk_362,362.0,176,0.709160870524364,Group 2,0.6224970997732844,0.6216789501854684,0.0013143026499464088,5,2465
2019,2019_kk_365,365.0,177,0.706782127620851,Group 5,0.6503641333751178,0.6500524697337927,0.000479214066906849,5,2200
2019,2019_kk_367,367.0,177,0.705976451789327,Group 5,0.5114081344929042,0.5091993356916295,0.004319052929153982,4,2170
2019,2019_kk_370,370.0,177,0.70920884750936,Group 2,0.6462439367696644,0.6454452132682725,0.0012359473813934483,5,2540
2019,2019_kk_372,372.0,177,0.711272536890343,Group 1,1.0000000000000007,1.0000000000000007,0.0,1,220
2019,2019_kk_373,373.0,177,0.707647582877569,Group 4,0.6156287782075135,0.6154116542013581,0.00035268657645860134,5,3145
2019,2019_kk_375,375.0,177,0.708659860459695,Group 4,0.45931331249213764,0.45619304215410794,0.006793337473934254,4,2235
2019,2019_kk_378,378.0,177,0.709317596514827,Group 2,0.7274373633994942,0.726657131034078,0.0010725766982465847,5,2660
2019,2019_kk_380,380.0,177,0.707592664550578,Group 4,0.6016537998613167,0.6014284717179146,0.0003745146186296854,5,3030
2019,2019_kk_382,382.0,177,0.704673874935824,Group 6,0.6879706431458827,0.6870958890704929,0.0012714991316922486,3,680
2019,2019_kk_384,384.0,177,0.705982352305268,Group 5,0.5113847214563182,0.5091718473779782,0.004327219773086271,4,2165
2019,2019_kk_391_sld32,391.0,178,0.707901001115921,Group 4,0.7012744613262188,0.7010851147398144,0.00027000353905153924,5,3370
2019,2019_kk_391,391.0,178,0.707037378852376,Group 5,0.5039343907885606,0.5033960906417739,0.0010681949012138945,5,1955
2019,2019_kk_393,393.0,178,0.706579918275291,Group 5,0.6615152836767437,0.6601409907073529,0.002077492392545282,4,2355
2019,2019_kk_394,394.0,178,0.708481053391643,Group 4,0.5873456621042323,0.5836906041725346,0.006223010005050725,4,2325
2019,2019_kk_396,396.0,178,0.705720681573368,Group 6,0.44596960637068733,0.4437359965081926,0.005008435172683321,4,1630
2019,2019_kk_398,398.0,178,0.709316120770488,Group 2,0.7268446020245829,0.7260625597849282,0.0010759414563667872,5,2655
2019,2019_kk_400,400.0,178,0.708983407825102,Group 2,0.530186074759557,0.5272863615367877,0.005469236860067348,5,2340
2019,2019_kk_404,404.0,178,0.70862070721671,Group 4,0.49466059899046866,0.4914038463555431,0.006583812500070065,4,2310
2019,2019_kk_405,405.0,178,0.705899630566951,Group 5,0.45756375356492807,0.4554690048237829,0.004578047812626644,4,2005
2019,2019_kk_419,419.0,179,0.705759134985211,Group 6,0.42524469857545616,0.42316821380459135,0.004883035056805836,4,1730
2019,2019_kk_423,423.0,179,0.705883286253484,Group 5,0.44734167064488817,0.4452408168664603,0.004696306908764541,4,1935
2019,2019_kk_425,425.0,179,0.70560097866844,Group 6,0.5272562369551294,0.5242552788651331,0.005691650244531118,4,1430
2019,2019_kk_440,440.0,179,0.707500331928583,Group 4,0.5415966501500995,0.5411996835037834,0.0007329562437398253,5,2820
2019,2019_kk_441,441.0,179,0.707836856733215,Group 4,0.6810427207334133,0.6808496997680267,0.00028341976136057645,5,3435
2019,2019_kk_446,446.0,179,0.707807020272583,Group 4,0.6694077936583898,0.6692137004987516,0.00028994756481313044,5,3455
2019,2019_kk_429,429.0,180,0.705758258492417,Group 6,0.42534497497721685,0.4232690110185976,0.00488065941940528,4,1730
2019,2019_kk_430,430.0,180,0.705812075373834,Group 6,0.4033654880734982,0.4014159823610695,0.004833099930635354,4,1810
2019,2019_kk_432,432.0,180,0.706076526164092,Group 5,0.5301793435514908,0.5280085491729424,0.004094452952480169,4,2285
2019,2019_kk_437,437.0,180,0.709910589972172,Group 2,0.9237434405187736,0.9237434405187736,0.0,5,1615
2019,2019_kk_448,448.0,180,0.7080874827443,Group 4,0.7036060646949566,0.7017228358024509,0.0026765387437673034,4,3275
2019,2019_kk_455,455.0,180,0.70589066380511,Group 5,0.4525925352430017,0.4505030933465862,0.004616607066428146,4,1980
2019,2019_kk_456,456.0,180,0.707970208049334,Group 4,0.7033941997259825,0.7032185268756981,0.00024975021169187385,4,3375
2019,2019_kk_457,457.0,180,0.706097543332851,Group 5,0.5377772196516332,0.5355940188572378,0.004059675111953728,4,2295
2019,2019_kk_459,459.0,180,0.707031931099222,Group 5,0.5139726298491228,0.5134171609492698,0.0010807363419645553,5,1920
2019,2019_kk_471,471.0,180,0.706011819373786,Group 5,0.5135930529243602,0.511414755825931,0.0042412900369779615,4,2215
2019,2019_kk_453,453.0,181,0.70685493922639,Group 5,0.6078021618676648,0.6074896465988938,0.0005141726837738363,5,2165
2019,2019_kk_454,454.0,181,0.705887589518183,Group 5,0.44982172825452743,0.4477379006745294,0.004632563189163908,4,1970
2019,2019_kk_460,460.0,181,0.706441662687996,Group 5,0.6421015164182184,0.6400888787749249,0.003134453963791321,4,2410
2019,2019_kk_461,461.0,181,0.705814220379484,Group 6,0.4030840900586996,0.40113407117269695,0.004837747095695857,4,1810
2019,2019_kk_462,462.0,181,0.70587801252996,Group 5,0.44106270636354994,0.4389899161128342,0.004699536416953842,4,1930
2019,2019_kk_464,464.0,181,0.706064893113818,Group 5,0.527978647219896,0.5258078782584876,0.0041114711226272384,4,2280
2019,2019_kk_466,466.0,181,0.709721666807194,Group 2,0.8915767923132363,0.8915767923132363,0.0,5,2050
2019,2019_kk_467,467.0,181,0.709322781117208,Group 2,0.7308050526510514,0.7300292010205368,0.0010616396639570333,5,2675
2019,2019_kk_479,479.0,181,0.704470412827988,Group 6,0.6497708026972199,0.6497708026972199,0.0,3,355
2019,2019_kk_480,480.0,181,0.707785936924102,Group 4,0.6635409684781092,0.663341961400859,0.00029991678992575963,5,3390
2019,2019_kk_481,481.0,181,0.70555079203329,Group 6,0.5622257801450157,0.5591701294062282,0.0054349175130306605,4,1440
2019,2019_kk_482,482.0,181,0.708789116962393,Group 2,0.3991098509695586,0.3964239939686407,0.006729618410553298,4,2175
2019,2019_kk_486,486.0,181,0.708069216445667,Group 4,0.7030039405974464,0.7011832871719562,0.0025898196586820114,4,3305
2019,2019_kk_487,487.0,181,0.708169780837159,Group 4,0.6932605040256026,0.691070846200327,0.0031584921000990317,4,3045
2019,2019_kk_474,474.0,182,0.709082206521168,Group 2,0.5789319440315193,0.5770833452282284,0.003193119368086346,5,2350
2019,2019_kk_476,476.0,182,0.70555448010923,Group 6,0.5556244286264277,0.5526291761199337,0.005390786207688186,4,1460
2019,2019_kk_478,478.0,182,0.707875799212949,Group 4,0.692486004395294,0.6922957094965779,0.00027479963134005635,5,3405
2019,2019_kk_488,488.0,182,0.708600247195395,Group 4,0.509670492835885,0.5063449004887584,0.006524985051856671,4,2325
2019,2019_kk_489,489.0,182,0.70729024254793,Group 4,0.371839354039167,0.3714876838038339,0.0009457585151035462,5,2365
2019,2019_kk_490,490.0,184,0.704625102864558,Group 6,0.6811526076325846,0.6811526076325846,0.0,3,605
2019,2019_kk_491,491.0,184,0.70513249514051,Group 6,0.69292404858784,0.6922249759655148,0.0010088733732792818,4,1140
2019,2019_kk_493,493.0,185,0.705514639247612,Group 6,0.5788778543067757,0.5774764406286105,0.002420914304699845,4,1470
2019,2019_kk_494,494.0,185,0.705449954251799,Group 6,0.6135477997348078,0.613109613974646,0.0007141835735556205,4,1525
2020,2020_kk_004,4.0,153,0.707748274942453,Group 4,0.6540760604574001,0.6538714385559696,0.000312841141575151,5,3345
2020,2020_kk_005_redo,5.0,156,0.709709245420623,Group 2,0.888389818132023,0.888389818132023,0.0,5,2090
2020,2020_kk_006,6.0,158,0.709363867374516,Group 2,0.7651303857412851,0.7643368549848567,0.0010371183411564692,5,2595
2020,2020_kk_007,7.0,158,0.709920403823209,Group 2,0.9231628963496183,0.9231628963496183,0.0,5,1605
2020,2020_kk_008_redo,8.0,158,0.709769890132936,Group 2,0.898549766523535,0.898549766523535,0.0,5,1905
2020,2020_kk_009,9.0,158,0.71028349263713,Group 2,0.7859252783582892,0.7859252783582892,0.0,2,585
2020,2020_kk_010,10.0,158,0.710263964564231,Group 2,0.8225256456301854,0.8225256456301854,0.0,2,630
2020,2020_kk_011_redo,11.0,159,0.709499354257505,Group 2,0.81554578110419,0.81554578110419,0.0,5,2485
2020,2020_kk_012,12.0,159,0.709129237895465,Group 2,0.6041967494315733,0.6033590628831654,0.0013864466321542427,5,2370
2020,2020_kk_013,13.0,159,0.709470388250181,Group 2,0.8093141641468486,0.8093141641468486,0.0,5,2470
2020,2020_kk_014_redo,14.0,159,0.706124247385355,Group 5,0.5400686711453829,0.5379093470233438,0.003998239922822477,4,2315
2020,2020_kk_015,15.0,159,0.706934976916091,Group 5,0.5552321113711346,0.5549043741966496,0.0005902705693220103,5,1935
2020,2020_kk_016,16.0,159,0.706214038533114,Group 5,0.5738092298602551,0.5716235558172782,0.0038090604494269834,4,2345
2020,2020_kk_017,17.0,159,0.709274576260131,Group 2,0.6906188022758368,0.6898500011148894,0.001113206241147812,5,2685
2020,2020_kk_018_redo,18.0,159,0.70902298848261,Group 2,0.5519357341934075,0.5490587195897382,0.005212589845942433,5,2355
2020,2020_kk_019,19.0,160,0.705711898425657,Group 6,0.4537444484135654,0.45145097560093567,0.005054547379364011,4,1600
2020,2020_kk_020_redo,20.0,160,0.706057244440205,Group 5,0.5226080490524256,0.5204524861427952,0.004124626311322196,4,2275
2020,2020_kk_021_redo,21.0,161,0.709411579734643,Group 2,0.7856866002463683,0.7849046978550492,0.0009951835643802586,5,2535
2020,2020_kk_022,22.0,161,0.709542789879993,Group 2,0.830777934848482,0.830777934848482,0.0,5,2415
2020,2020_kk_023,23.0,161,0.709416243980097,Group 2,0.7885723624452778,0.7877898879559408,0.0009922671990565317,5,2525
2020,2020_kk_024,24.0,161,0.710110259549689,Group 2,0.8995024273836884,0.8995024273836884,0.0,3,1040
2020,2020_kk_025,25.0,161,0.709759348874857,Group 2,0.8979544516460722,0.8979544516460722,0.0,5,1945
2020,2020_kk_026,26.0,161,0.709657680182374,Group 2,0.8594595020474887,0.8594595020474887,0.0,5,2245
2020,2020_kk_027,27.0,161,0.708607530451553,Group 4,0.504005792060624,0.5006945560465057,0.006569837224648599,4,2310
2020,2020_kk_028,28.0,161,0.708768580097632,Group 2,0.3919361020792158,0.3892629561045636,0.00682036168771184,4,2165
2020,2020_kk_029,29.0,162,0.709141040768105,Group 2,0.6087735542578401,0.6079459565912189,0.001359450752801153,5,2405
2020,2020_kk_030,30.0,162,0.709830835178585,Group 2,0.9047805874610737,0.9047805874610737,0.0,5,1785
2020,2020_kk_031,31.0,162,0.705787344909642,Group 6,0.4120881114710541,0.41009253538029,0.0048425956372300655,4,1780
2020,2020_kk_032,32.0,162,0.71032242763112,Group 2,0.722182834638032,0.722182834638032,0.0,2,540
2020,2020_kk_033,33.0,162,0.706450910304905,Group 5,0.6428976697102952,0.6409161803450425,0.003082122487931267,4,2430
2020,2020_kk_034_redo,34.0,162,0.705686074573398,Group 6,0.4673383720117645,0.4646934390776347,0.005659567226941001,4,1540
2020,2020_kk_034,34.0,162,0.705586335772514,Group 6,0.5393183784280241,0.536317164828607,0.005564827232783934,4,1450
2020,2020_kk_035,35.0,162,0.711001910192631,Group 1,0.9964422691973692,0.9964422691973692,0.0,2,230
2020,2020_kk_036,36.0,162,0.706425094812137,Group 5,0.6311288320845315,0.6290742785802731,0.003255363088820461,4,2350
2020,2020_kk_037,37.0,162,0.709875227318964,Group 2,0.9243573146446424,0.9243573146446424,0.0,5,1680
2020,2020_kk_038,38.0,162,0.709148079074412,Group 2,0.6116948716407055,0.6108714353209332,0.0013461553430447256,5,2420
2020,2020_kk_039_redo,39.0,163,0.705725568491332,Group 6,0.44323125942055985,0.4410152527546002,0.004999662408415587,4,1640
2020,2020_kk_040,40.0,163,0.709799386035017,Group 2,0.9000618281468014,0.9000618281468014,0.0,5,1830
2020,2020_kk_041,41.0,163,0.706094307866672,Group 5,0.5411532946298853,0.5389466946449134,0.004077587638972002,4,2285
2020,2020_kk_042,42.0,163,0.708018177105118,Group 4,0.7014871293683587,0.700635863375247,0.001213516196481435,4,3365
2020,2020_kk_043,43.0,163,0.706212436097257,Group 5,0.5737154472645835,0.5715283198901436,0.0038122162909641813,4,2345
2020,2020_kk_044_redo,44.0,164,0.708147848668178,Group 4,0.6933413423718334,0.691262023136307,0.0029989834854117848,4,3140
2020,2020_kk_045,45.0,164,0.709373448199007,Group 2,0.7680789924171019,0.7672880129050225,0.0010298153183310275,5,2580
2020,2020_kk_046,46.0,164,0.709794975088215,Group 2,0.9019323998037596,0.9019323998037596,0.0,5,1825
2020,2020_kk_047,47.0,164,0.705131814959123,Group 6,0.6953812335144892,0.6946771913083006,0.0010124549991525325,4,1135
2020,2020_kk_048,48.0,164,0.708511197816094,Group 4,0.5714050552859306,0.5678482040024735,0.006224745914572485,4,2370
2020,2020_kk_049,49.0,164,0.709382266612205,Group 2,0.7728734643833175,0.7720837642796683,0.001021771531875997,5,2570
2020,2020_kk_050,50.0,164,0.710550196392677,Group 1,0.6876685343484458,0.6876685343484458,0.0,2,280
2020,2020_kk_053_redo,53.0,166,0.705780543502019,Group 6,0.41716164376436393,0.4151392093818834,0.004848083261515963,4,1770
2020,2020_kk_054,54.0,166,0.704819384897173,Group 6,0.6865915140031653,0.685758586592934,0.0012131338550559465,4,810
2020,2020_kk_056,56.0,166,0.708557703461559,Group 4,0.5376729995780626,0.5342662450899551,0.006336108546980994,4,2375
2020,2020_kk_058_redo,58.0,166,0.710298221373745,Group 2,0.7666082353671855,0.7666082353671855,0.0,2,580
2020,2020_kk_061_sld6,61.0,167,0.709592005726807,Group 2,0.8415612798998677,0.8415612798998677,0.0,5,2340
2020,2020_kk_061,61.0,167,0.706313776903709,Group 5,0.5901824702595544,0.5881222751719499,0.0034907764825654066,4,2425
2020,2020_kk_062,62.0,167,0.709220668122284,Group 2,0.6497061914221197,0.648918670065079,0.0012121192124042357,5,2570
2020,2020_kk_063_redo,63.0,167,0.709044234351652,Group 2,0.5644441749449518,0.5615682869472787,0.00509507959392709,5,2350
2020,2020_kk_065,65.0,168,0.708830874649377,Group 2,0.41900153990281,0.4162351804892732,0.006602265505225742,5,2165
2020,2020_kk_066,66.0,168,0.709592266513717,Group 2,0.8415779544154637,0.8415779544154637,0.0,5,2340
2020,2020_kk_067_redo,67.0,168,0.705400558130799,Group 6,0.6234948835332723,0.6230253997945455,0.0007529873157358679,4,1490
2020,2020_kk_068_redo,68.0,168,0.709116583573666,Group 2,0.590853511937556,0.5900249445663428,0.0014023228337868689,5,2360
2020,2020_kk_070,70.0,168,0.709323057250541,Group 2,0.7312444437290713,0.7304695328782432,0.0010597151984859312,5,2680
2020,2020_kk_071_redo,71.0,168,0.706071917542098,Group 5,0.5304949440847958,0.5283246789969263,0.004091019362330961,4,2290
2020,2020_kk_073,73.0,169,0.709584160049028,Group 2,0.839915984757826,0.839915984757826,0.0,5,2350
2020,2020_kk_074,74.0,169,0.709206057380243,Group 2,0.6447129230563239,0.6439117034844565,0.0012427540122340753,5,2530
2020,2020_kk_075,75.0,169,0.707625504813723,Group 4,0.6136828824925564,0.6134608386323859,0.00036182182443929886,5,3095
2020,2020_kk_076,76.0,169,0.707963166649453,Group 4,0.7031007796945307,0.7029237392055736,0.0002517995912819126,4,3375
2020,2020_kk_077,77.0,169,0.711239574919885,Group 1,0.9999999999999997,0.9999999999999997,0.0,1,230
2020,2020_kk_078_redo,78.0,169,0.706623768372958,Group 5,0.6573128387937047,0.6570599084166858,0.00038479451806092715,4,2350
2020,2020_kk_079,79.0,170,0.709912658266645,Group 2,0.9237013030752168,0.9237013030752168,0.0,5,1615
2020,2020_kk_080_redo,80.0,170,0.705864397737968,Group 5,0.425733902252762,0.42367119398692993,0.004845064616459434,4,1850
2020,2020_kk_083_redo_a,83.0,170,0.709668250713579,Group 2,0.8745522560988122,0.8745522560988122,0.0,5,2180
2020,2020_kk_083_redo,83.0,170,0.708725717672328,Group 4,0.3972957720724551,0.3945856731125676,0.006821363705308246,4,2205
2020,2020_kk_084,84.0,170,0.709543926911066,Group 2,0.8308541356629744,0.8308541356629744,0.0,5,2415
2020,2020_kk_086,86.0,170,0.708790164464841,Group 2,0.4000095298760049,0.3973138220273262,0.006739109064512443,4,2170
2020,2020_kk_088,88.0,170,0.70881149773629,Group 2,0.4138089122669781,0.41104072653864954,0.006689526605803458,4,2160
2020,2020_kk_089,89.0,170,0.709254225945462,Group 2,0.676250382069113,0.675476869521006,0.0011438256725862582,5,2660
2020,2020_kk_090,90.0,170,0.709179629258216,Group 2,0.6304190061287247,0.6296098883091635,0.0012834603838006258,5,2495
2020,2020_kk_091,91.0,170,0.70760206591567,Group 4,0.6062395305476038,0.6060147704095915,0.0003707447744446596,5,3050
2020,2020_kk_097,97.0,172,0.709018017843711,Group 2,0.5530381096650717,0.5501391880872583,0.005241811598786749,5,2355
2020,2020_kk_100,100.0,172,0.70788489863049,Group 4,0.6979732718191701,0.6977825559733073,0.0002732423340019311,5,3390
2020,2020_kk_101,101.0,172,0.709579504422167,Group 2,0.8382055434123831,0.8382055434123831,0.0,5,2355
2020,2020_kk_104,104.0,173,0.706328807468415,Group 5,0.5970737550876489,0.59500122672213,0.0034711429666083767,4,2410
2020,2020_kk_105,105.0,173,0.706693437147369,Group 5,0.6574720817065142,0.6571909061996787,0.00042766151546019907,4,2275
2020,2020_kk_106_redo,106.0,173,0.706641863205417,Group 5,0.6580515651765844,0.6577910472977722,0.0003958928032369653,4,2330
2020,2020_kk_109,109.0,174,0.706121529019713,Group 5,0.5379234123007122,0.5357782872507687,0.0039877889693789755,4,2325
2020,2020_kk_115_redo,115.0,174,0.707392497651068,Group 4,0.45493530912746694,0.4545705284895285,0.0008018296901114467,5,2750
2020,2020_kk_117,117.0,174,0.707923936781412,Group 4,0.6992499300503737,0.6990678622193695,0.0002603759016338092,5,3420
2020,2020_kk_117a,117.0,174,0.707822404410032,Group 4,0.6754999534543243,0.675306134530024,0.00028692662865368755,5,3440
2020,2020_kk_119,119.0,174,0.707772208068044,Group 4,0.6634061440531441,0.6632033914864602,0.0003056235889604229,5,3360
2020,2020_kk_120,120.0,174,0.708955876196211,Group 2,0.5095442376077496,0.5066601575856937,0.005660117040271861,5,2320
2020,2020_kk_121,121.0,174,0.70922249661095,Group 2,0.6515432606458544,0.6507547488931137,0.0012102216389423585,5,2570
2020,2020_kk_126,126.0,176,0.707842269972641,Group 4,0.6843158089207279,0.6841217215160917,0.00028362256447389675,5,3410
2020,2020_kk_127,127.0,176,0.70880254957206,Group 2,0.4084430275872201,0.4057131834438925,0.006683537137243993,4,2175
2020,2020_kk_128,128.0,176,0.707706449621661,Group 4,0.6404017898732127,0.6401932179798122,0.00032568911689304244,5,3310
2020,2020_kk_129_redo,129.0,176,0.708120298237017,Group 4,0.6954521912642081,0.693484901552089,0.002828792168363158,4,3230
2020,2020_kk_130_redo,130.0,176,0.710447579916432,Group 1,0.5086374391611046,0.5086374391611046,0.0,2,345
2020,2020_kk_131_redo,131.0,176,0.709943102103951,Group 2,0.9263493561671088,0.9263493561671088,0.0,5,1500
2020,2020_kk_133,133.0,176,0.707575654624852,Group 4,0.5911005665278076,0.5907144070646598,0.0006532889410274705,5,3000
2020,2020_kk_136,136.0,176,0.707971153689849,Group 4,0.703432137302943,0.7032566486995925,0.0002494748164666984,4,3375
2020,2020_kk_138,138.0,176,0.70778690110978,Group 4,0.6640279167955518,0.6638291650111217,0.00029931239245070646,5,3395
2020,2020_kk_139,139.0,176,0.707742878917139,Group 4,0.6523687082025784,0.65216447376922,0.00031306595609265054,5,3360
2020,2020_kk_140_redo,140.0,176,0.707737083855547,Group 4,0.651343480944967,0.6511383860851521,0.0003148797306105336,5,3355
2020,2020_kk_143,143.0,177,0.705440704854988,Group 6,0.6228265893007767,0.6223724970706009,0.0007290829228815867,4,1500
2020,2020_kk_144,144.0,177,0.704444912766486,Group 6,0.6580764737994776,0.6580764737994776,0.0,3,325
2020,2020_kk_145_redo,145.0,177,0.707780202951389,Group 4,0.664568931596908,0.6643674402953896,0.00030319097378534094,5,3365
2020,2020_kk_146_redo,146.0,177,0.709328801234318,Group 2,0.7383948334186877,0.7376114498911691,0.001060927693509996,5,2655
2020,2020_kk_146,146.0,177,0.70937782254597,Group 2,0.7724419268213405,0.7716482828070699,0.0010274481313261186,5,2570
2020,2020_kk_148,148.0,177,0.709216788001657,Group 2,0.6496241681350583,0.6488316448631639,0.0012199719634346476,5,2560
2020,2020_kk_150,150.0,177,0.708958584970505,Group 2,0.5117387889589974,0.5088394374038014,0.0056656865138049965,5,2310
2020,2020_kk_152,152.0,177,0.704743669298704,Group 6,0.6808542289014217,0.6800545256029824,0.0011745587594126103,3,795
2020,2020_kk_153,153.0,177,0.708900954643445,Group 2,0.46691404415183596,0.4640264987075774,0.006184319106322559,5,2210
2020,2020_kk_154_redo,154.0,177,0.70712027686839,Group 5,0.4871698898088166,0.48663437831137185,0.001099229465217742,5,1970
2020,2020_kk_154,154.0,177,0.707401076148733,Group 4,0.45935985804350277,0.4589954191770595,0.0007933624587823033,5,2770
2020,2020_kk_155,155.0,177,0.708054226303896,Group 4,0.7049561765105734,0.7031758136075129,0.0025254944383535653,4,3320
2020,2020_kk_156,156.0,177,0.70992495381968,Group 2,0.922292349451175,0.922292349451175,0.0,5,1585
2020,2020_kk_157,157.0,177,0.706144166315946,Group 5,0.5434941615382184,0.54133627541665,0.003970394300945319,4,2315
2020,2020_kk_158,158.0,177,0.70621388753524,Group 5,0.5738003984449738,0.5716145873141742,0.003809357987068497,4,2345
2020,2020_kk_166_redo,166.0,178,0.707746190183851,Group 4,0.653861119377988,0.653656222919379,0.00031336388192643036,5,3345
2020,2020_kk_167_redo,167.0,178,0.709438217461584,Group 2,0.7961142700231847,0.7953445233339018,0.0009668796531689064,5,2515
2020,2020_kk_169,169.0,178,0.707628675067275,Group 4,0.6122607218186572,0.6120392985928651,0.00036164858842230015,5,3090
2020,2020_kk_172,172.0,178,0.706283558076447,Group 5,0.5851609251013481,0.5830660874702941,0.0035799342389296143,4,2410
2020,2020_kk_173,173.0,178,0.706247013596653,Group 5,0.5751074856824815,0.5729959050112753,0.003671627867441897,4,2400
2020,2020_kk_174_redo,174.0,178,0.707192047955519,Group 5,0.4392395503878339,0.438781063629184,0.0010438193879514302,5,2125
2020,2020_kk_175_redo,175.0,178,0.708978800773445,Group 2,0.5273280024437295,0.524425194082072,0.0055047491280669925,5,2335
2020,2020_kk_176,176.0,178,0.707562174960602,Group 4,0.5879854498857447,0.5875939225501903,0.00066587929281338,5,2975
2020,2020_kk_178,178.0,178,0.70847054609764,Group 4,0.5914777662491308,0.5877934638718166,0.006228978648983189,4,2305
2020,2020_kk_184,184.0,179,0.705886263171015,Group 5,0.44729564508281633,0.44521548820354767,0.004650518962427022,4,1960
2020,2020_kk_186_redo,186.0,179,0.706299569236134,Group 5,0.5885473555617183,0.5864588904917133,0.0035485081196428574,4,2405
2020,2020_kk_187,187.0,179,0.708216133755729,Group 4,0.6888077421562294,0.6864268548170278,0.0034565339404410236,4,2910
2020,2020_kk_188,188.0,179,0.707642909363655,Group 4,0.6145740024795823,0.614356374074081,0.0003541126123514905,5,3140
2020,2020_kk_190,190.0,179,0.708471386627259,Group 4,0.5920757054615042,0.5883924144629449,0.006220979791238572,4,2310
2020,2020_kk_191_redo,191.0,179,0.705997803388252,Group 5,0.5185376121524582,0.5162903871820481,0.004333774287041389,4,2160
2020,2020_kk_191,191.0,179,0.706114341226255,Group 5,0.5344255033935663,0.532300616499335,0.003976020756379252,4,2340
2020,2020_kk_193,193.0,180,0.708976929261934,Group 2,0.5271775067467562,0.5242597083622157,0.0055347550819200885,5,2325
2020,2020_kk_196_redo,196.0,181,0.705849303180187,Group 5,0.4147888218612761,0.4127672844278848,0.0048736545606992135,4,1825
2020,2020_kk_196,196.0,181,0.706709988699322,Group 5,0.6590564718011848,0.6587697281613747,0.0004350820484721639,4,2275
2020,2020_kk_201,201.0,181,0.709511775580191,Group 2,0.8174602801084258,0.8174602801084258,0.0,5,2475
2020,2020_kk_203,203.0,181,0.709574772973264,Group 2,0.8367720856546508,0.8367720856546508,0.0,5,2365
2020,2020_kk_204,204.0,181,0.708887814158634,Group 2,0.4562446386852109,0.45335606353305996,0.006331198017965068,5,2175
2020,2020_kk_205,205.0,181,0.707551909248533,Group 4,0.578159059820752,0.5777689165752248,0.0006748026151283055,5,2960
2020,2020_kk_207_redo,207.0,181,0.710853129723673,Group 1,0.9955612531514924,0.9955612531514924,0.0,2,215
2020,2020_kk_209,209.0,181,0.707426727682857,Group 4,0.4780047974433608,0.47763323591847406,0.0007773175643299331,5,2790
2020,2020_kk_210,210.0,181,0.708984696258793,Group 2,0.5321274828956377,0.5292210158339944,0.005461975100078327,5,2340
2020,2020_kk_212_redo,212.0,182,0.704850128398905,Group 6,0.6829618332488399,0.6821364037835466,0.0012086026262504248,4,830
2020,2020_kk_212,212.0,182,0.704881604244045,Group 6,0.6876236171032861,0.6867921900927498,0.001209130969117616,4,845
2020,2020_kk_218,218.0,182,0.706334074280514,Group 5,0.5975600175249138,0.5954867956168887,0.0034694789598079486,4,2400
2020,2020_kk_219,219.0,182,0.706355528695739,Group 5,0.6131216575291185,0.6110009356455011,0.0034588924686886646,4,2360
2020,2020_kk_226_redo,226.0,183,0.709160507369073,Group 2,0.6224460547710023,0.6216277564741481,0.0013146493428338871,5,2465
2020,2020_kk_233,233.0,184,0.709102751821239,Group 2,0.5844275616864484,0.5835954622045575,0.00142378548932524,5,2340
2020,2020_kk_233a,233.0,184,0.708663114068566,Group 4,0.45813361720851903,0.45503879858024165,0.006755275125048864,4,2250
2020,2020_kk_234,234.0,184,0.70845170429739,Group 4,0.6031230544029574,0.5994225590747163,0.006135556087976732,4,2315
2020,2020_kk_234a,234.0,184,0.7082953334299,Group 4,0.683343071867982,0.6805523569132664,0.004083914902490923,4,2615
2020,2020_kk_236,236.0,185,0.708625540005019,Group 4,0.49021080847192056,0.4869693022292309,0.006612474034985188,4,2300
2020,2020_kk_237_redo,237.0,185,0.707221947440219,Group 5,0.41481893487792093,0.41440065761073697,0.0010083369682897503,5,2215
2020,2020_kk_237,237.0,185,0.705246814491349,Group 6,0.6768790499884586,0.6762343604016049,0.00095244429099205,4,1210
2020,2020_kk_237a,237.0,185,0.705378408938794,Group 6,0.6349598191976942,0.6344740729487967,0.0007650031296645775,4,1485
2020,2020_kk_238_redo,238.0,185,0.709115282540806,Group 2,0.5899751165492558,0.5891457063634511,0.001405839267689672,5,2355
2020,2020_kk_238,238.0,185,0.70729679117111,Group 4,0.37529559954074515,0.3749436622833429,0.0009377601491542087,5,2385
2020,2020_kk_239_redo,239.0,185,0.704740065469369,Group 6,0.6807703935919569,0.6799727993737381,0.0011716053249766873,3,795
2020,2020_kk_241_sld18,241.0,185,0.708391824867253,Group 4,0.6362869138534368,0.6332808610345695,0.004724366875097624,4,2390
2020,2020_kk_241_sld18a,241.0,185,0.709139632998908,Group 2,0.6082888942048893,0.6074569790243288,0.0013676317100083173,5,2390
2020,2020_kk_242_sld18,242.0,186,0.706008818984599,Group 5,0.5160693827564783,0.513867790877023,0.004266077300877768,4,2200
2020,2020_kk_242_sld19,242.0,186,0.707837660618583,Group 4,0.6811102305715397,0.6809173367848056,0.000283204946976474,5,3435
2020,2020_kk_244,244.0,186,0.705964336015648,Group 5,0.5066526282944217,0.5044606987059118,0.004326296689486596,4,2165
2020,2020_kk_245,245.0,186,0.70886708891413,Group 2,0.43786579598119885,0.43501933032005596,0.006500771896933297,5,2145
2020,2020_kk_246,246.0,186,0.707754563006143,Group 4,0.6578978352146321,0.657692818285162,0.0003116242651917459,5,3340
2020,2020_kk_247_redo,247.0,186,0.710844130061642,Group 1,0.9955233382168504,0.9955233382168504,0.0,2,215
2020,2020_kk_248,248.0,186,0.707746698334221,Group 4,0.653913519152386,0.6537086895958821,0.0003132364609458063,5,3345
2020,2020_kk_249,249.0,186,0.709737458661752,Group 2,0.8907078992886706,0.8907078992886706,0.0,5,2020
2020,2020_kk_250_redo,250.0,186,0.704927883456826,Group 6,0.6882337886339137,0.6874350096505191,0.0011606215745090563,4,910
2020,2020_kk_250,250.0,186,0.705095834061999,Group 6,0.6905069114088438,0.6897911893122859,0.0010365169192841652,4,1100
2020,2020_kk_251_sld20,251.0,186,0.708432414227268,Group 4,0.6104917734673658,0.6067994718838634,0.006048077540065058,4,2320
2020,2020_kk_251_sld32,251.0,186,0.709015036400277,Group 2,0.5524655167882118,0.5495700562913223,0.0052409795885948645,5,2365
2020,2020_kk_253_sld20,253.0,186,0.70585888629799,Group 5,0.4210521256429476,0.4190023005581861,0.0048683404260965926,4,1835
2020,2020_kk_253_sld32,253.0,186,0.705915708165586,Group 5,0.4681494912206977,0.4660560421386808,0.00447175340628528,4,2070
2020,2020_kk_255,255.0,186,0.705894280387686,Group 5,0.45429248518827847,0.45219783817110487,0.004610789492380602,4,1985
2020,2020_kk_256_redo,256.0,186,0.708148177313269,Group 4,0.6942396883196311,0.6921541175798788,0.003004107622830352,4,3135
2020,2020_kk_257,257.0,187,0.707620504797333,Group 4,0.6105446751664685,0.6103217080291298,0.00036519381203013935,5,3070
2020,2020_kk_258,258.0,187,0.708138080356848,Group 4,0.6944125528469282,0.6923793647514566,0.0029279253192298267,4,3185
2020,2020_kk_259,259.0,187,0.705797500500694,Group 6,0.40893822622203735,0.40695715542557176,0.0048444255621873525,4,1790
2020,2020_kk_261,261.0,188,0.70867206688674,Group 4,0.45202940452824253,0.44897024276968744,0.006767616725614984,4,2245
2020,2020_kk_262,262.0,188,0.705853307058336,Group 5,0.4166858828493227,0.41465673477836784,0.0048697307839647135,4,1830
2020,2020_kk_263,263.0,188,0.704786644866686,Group 6,0.6845177597842845,0.6837115581839458,0.0011777657903176298,3,820
2020,2020_kk_264,264.0,188,0.709094694491825,Group 2,0.5801720550763098,0.5783347017683663,0.00316691107726952,5,2335
2020,2020_kk_266,266.0,188,0.708434470101003,Group 4,0.6094635394930963,0.6057658642812114,0.006067098312329401,4,2315
2020,2020_kk_267_redo,267.0,189,0.705518777178326,Group 6,0.5769578652160345,0.5755617667174552,0.0024197581534946577,4,1475
2020,2020_kk_271,271.0,189,0.709326273315762,Group 2,0.7349547933981451,0.7341752074567276,0.0010607263853781726,5,2665
2020,2020_kk_272,272.0,189,0.70653873056073,Group 5,0.6667343248921968,0.6646177915142979,0.0031744778975359017,4,2370
2020,2020_kk_274,274.0,189,0.706053804644399,Group 5,0.5221983440346992,0.5200432122930693,0.004127036721293759,4,2275
2020,2020_kk_275,275.0,189,0.70550777731664,Group 6,0.5821499457227123,0.5807461641952557,0.0024113744882580945,4,1470
2020,2020_kk_276,276.0,189,0.709242001441557,Group 2,0.6684319965149994,0.6676515879049612,0.0011675213246928353,5,2630
2020,2020_kk_277,277.0,189,0.709132246113803,Group 2,0.6069773077661502,0.6061388466561508,0.0013813714273523165,5,2375
2020,2020_kk_279,279.0,190,0.708041571646132,Group 4,0.7013292614749246,0.7004500953397791,0.0012535711589968456,4,3370
2020,2020_kk_281,281.0,190,0.709463481505268,Group 2,0.8062243363842914,0.8062243363842914,0.0,5,2480
2020,2020_kk_282,282.0,190,0.705843729076983,Group 5,0.4109328491109827,0.40891613604346827,0.004907646278162999,4,1805
2020,2020_kk_283,283.0,190,0.709121821383943,Group 2,0.595675381042181,0.594844165850019,0.0013954163939220955,5,2365
2020,2020_kk_284,284.0,191,0.708595859360371,Group 4,0.5140140902669998,0.5106632791925567,0.006518908990807243,4,2325
2020,2020_kk_285,285.0,191,0.709490555130822,Group 2,0.8117289519870178,0.8117289519870178,0.0,5,2485
2020,2020_kk_287_redo,287.0,191,0.705414675388974,Group 6,0.6246624569488357,0.6241988320539615,0.0007422006712854158,4,1500
2020,2020_kk_287,287.0,191,0.704906282629822,Group 6,0.6886187687071953,0.687804524384175,0.00118243120870625,4,880
2020,2020_kk_289,289.0,191,0.707822071710327,Group 4,0.6754698946068264,0.6752760250716157,0.00028701432404111625,5,3440
2020,2020_kk_290,290.0,191,0.705763881113022,Group 6,0.42470131377577425,0.42262202895561884,0.004895875648864057,4,1730
2020,2020_kk_293,293.0,192,0.707873682559149,Group 4,0.691512105869231,0.6913218977749499,0.000275061119923533,5,3410
2020,2020_kk_296,296.0,193,0.708676028376746,Group 4,0.44679478038644044,0.4437771200554188,0.006754018765419864,4,2250
2020,2020_kk_298,298.0,193,0.707244395871777,Group 5,0.39827520314578013,0.39788384349683886,0.0009826362421012887,5,2280
2020,2020_kk_299,299.0,193,0.708333545899089,Group 4,0.6652574340373213,0.6623712592097537,0.004338433033437884,4,2525
2020,2020_kk_302,302.0,193,0.710041949102319,Group 2,0.9260306594481806,0.9260306594481806,0.0,3,1145
2020,2020_kk_303,303.0,193,0.70778428339073,Group 4,0.6637733700350485,0.6635735359538618,0.00030105769560504663,5,3380
2020,2020_kk_305_redo,305.0,193,0.708044333959019,Group 4,0.7027348641884806,0.7010022528193761,0.002465526413159149,4,3360
2020,2020_kk_306,306.0,194,0.707671009062446,Group 4,0.6263564930046598,0.626140397118014,0.0003450046244579065,5,3175
2020,2020_kk_307,307.0,194,0.706028042496088,Group 5,0.5203290738705465,0.5181299303710226,0.004226447473259997,4,2220
2020,2020_kk_308,308.0,194,0.708445127547683,Group 4,0.6066609113909776,0.602960929207501,0.006098929589831385,4,2320
2020,2020_kk_309,309.0,194,0.708767843396967,Group 2,0.39065569936368566,0.3879852514625252,0.006835809398173831,4,2160
2020,2020_kk_310,310.0,194,0.708348262231801,Group 4,0.6541499612175197,0.6512565742927556,0.004423124812816291,4,2500
2020,2020_kk_311_redo,311.0,194,0.708412026940175,Group 4,0.6230264802794918,0.619381874765385,0.005849840463397186,4,2375
2020,2020_kk_311,311.0,194,0.707513259275862,Group 4,0.5514375896278721,0.5510410303281373,0.0007191372282081725,5,2850
2020,2020_kk_312,312.0,194,0.705823971258648,Group 5,0.40085814024771116,0.398897365384531,0.004891443297043955,4,1795
2020,2020_kk_313,313.0,194,0.706051955606533,Group 5,0.5229233028623854,0.5207606147636122,0.004135765392238337,4,2270
2020,2020_kk_314,314.0,194,0.705519413801753,Group 6,0.5769111206690277,0.5755146382002807,0.002420619777839457,4,1475
2020,2020_kk_315_redo,315.0,195,0.708420784691387,Group 4,0.6185108699838019,0.6148575573423738,0.0059066264130875415,4,2365
2020,2020_kk_316,316.0,195,0.709256825040527,Group 2,0.6776534069149738,0.6768789990002142,0.001142778752172236,5,2655
2020,2020_kk_318_redo,318.0,195,0.70599101023908,Group 5,0.5156070359043619,0.5133719659776357,0.004334832093215963,4,2160
2020,2020_kk_318,318.0,195,0.705980766909294,Group 5,0.5111401445416569,0.5089283038311653,0.004327268625075456,4,2165
2020,2020_kk_319,319.0,195,0.709252509097403,Group 2,0.6739794257140937,0.6732060889737027,0.0011474189135249819,5,2655
2020,2020_kk_320_redo_a,320.0,195,0.706255601305815,Group 5,0.5796815089319715,0.57756704760257,0.0036476259753346076,4,2405
2020,2020_kk_320_redo,320.0,195,0.705961423198575,Group 5,0.506192245976466,0.5040025203890529,0.004325877381209179,4,2165
2020,2020_kk_321,321.0,196,0.706018466867785,Group 5,0.5154331531499906,0.5132443299414723,0.004246570472119603,4,2210
2020,2020_kk_322,322.0,196,0.705595501242212,Group 6,0.5291676089888937,0.5261596206207382,0.005684377344832093,4,1425
2020,2020_kk_323,323.0,196,0.70921121260857,Group 2,0.6482666053504521,0.6474707567058431,0.0012276563963659845,5,2555
2020,2020_kk_324,324.0,196,0.708465476501309,Group 4,0.5948256865489366,0.5911384021300224,0.006198932733229933,4,2310
2020,2020_kk_325,325.0,196,0.708694394689555,Group 4,0.4364550056688704,0.43347757679272203,0.006821846095190076,4,2220
2020,2020_kk_326,326.0,196,0.708021741431552,Group 4,0.7019512571514734,0.7010960203303366,0.0012183706666577534,4,3370
2020,2020_kk_327,327.0,196,0.707702690861738,Group 4,0.6407336168914726,0.6405241234786767,0.00032695867248593187,5,3305
2020,2020_kk_328,328.0,197,0.705830642429567,Group 5,0.40363734974469573,0.40164853607851,0.004927229027352743,4,1785
2020,2020_kk_329,329.0,197,0.70645935846717,Group 5,0.6457017330922697,0.6437269362516884,0.0030583731456380555,4,2425
2020,2020_kk_330,330.0,197,0.705662389986848,Group 6,0.4785580288916523,0.47583595856935407,0.005688067398226647,4,1505
2020,2020_kk_331,331.0,197,0.705536988179618,Group 6,0.5608090015115164,0.5578395943769455,0.005294863539221889,4,1465
2020,2020_kk_332,332.0,198,0.704650966044962,Group 6,0.6802735116436308,0.6802735116436308,0.0,3,645
2020,2020_kk_333,333.0,198,0.707081133831649,Group 5,0.5036271900433493,0.5030716212816441,0.001103134963101245,5,1930
2020,2020_kk_335,335.0,198,0.707406922132059,Group 4,0.46338405090685264,0.463019779009238,0.0007861122904462095,5,2790
2020,2020_kk_336,336.0,199,0.709197074353555,Group 2,0.6402343236890161,0.6394328449725768,0.0012518521528512476,5,2530
2020,2020_kk_337,337.0,199,0.705592969943726,Group 6,0.5350878674369876,0.5320520995504724,0.005673400709039043,4,1425
2020,2020_kk_338,338.0,199,0.705317373939086,Group 6,0.656994367311733,0.6564536662726137,0.0008229918946362803,4,1410
2020,2020_kk_339,339.0,200,0.709223970140715,Group 2,0.6543610863225279,0.65356892291172,0.001210590646916152,5,2565
2020,2020_kk_340,340.0,201,0.705989263991121,Group 5,0.5163278049329333,0.5140852334662794,0.0043433095123458195,4,2155
2021,2021_kk_003_R2,3.0,153,0.706716384268812,Group 5,0.6572535950397552,0.6569672983653528,0.00043559544833680675,4,2290
2021,2021_kk_005_R2,5.0,155,0.709100996742932,Group 2,0.5834709960665776,0.5826379599311572,0.0014277250129591337,5,2335
2021,2021_kk_006_R2,6.0,155,0.705512313272522,Group 6,0.5818516815991226,0.5804449396845007,0.0024176984601224816,4,1470
2021,2021_kk_006_R3,6.0,155,0.705246609145189,Group 6,0.6768820898094318,0.6762373729355082,0.0009524803265293287,4,1210
2021,2021_kk_007_R2,7.0,156,0.709518717352066,Group 2,0.8185568021830572,0.8185568021830572,0.0,5,2485
2021,2021_kk_014_R1,14.0,158,0.709775743652297,Group 2,0.8976200073490036,0.8976200073490036,0.0,5,1880
2021,2021_kk_011_R1,11.0,159,0.709379106880524,Group 2,0.7729187650588327,0.7721271265450653,0.0010242195552168925,5,2575
2021,2021_kk_011_R2,11.0,159,0.709237734573799,Group 2,0.663171280159066,0.6623867616692667,0.0011829801942134462,5,2600
2021,2021_kk_012_R1,12.0,159,0.709596222515094,Group 2,0.8418305309444384,0.8418305309444384,0.0,5,2340
2021,2021_kk_013_R1,13.0,159,0.709509950995511,Group 2,0.8176162724986213,0.8176162724986213,0.0,5,2480
2021,2021_kk_013_R2,13.0,159,0.709703645464231,Group 2,0.8874285206765632,0.8874285206765632,0.0,5,2115
2021,2021_kk_018_R1,18.0,160,0.709218414945595,Group 2,0.6488305270896699,0.6480413128199699,0.0012163642688637864,5,2565
2021,2021_kk_021_R1,21.0,160,0.713685632950033,Group 1,0.9999999999999998,0.9999999999999998,0.0,1,60
2021,2021_kk_022_R1,22.0,160,0.710469510102934,Group 1,0.5357245717288277,0.5357245717288277,0.0,2,330
2021,2021_kk_030,30.0,161,0.709546039331215,Group 2,0.830995555803422,0.830995555803422,0.0,5,2415
2021,2021_kk_031,31.0,161,0.709632068547361,Group 2,0.8485336091250913,0.8485336091250913,0.0,5,2295
2021,2021_kk_033,33.0,161,0.709273999197776,Group 2,0.6905397644668242,0.689770615313119,0.0011138375996334467,5,2685
2021,2021_kk_034a,34.0,161,0.71142176266361,Group 1,0.9999999999999991,0.9999999999999991,0.0,1,190
2021,2021_kk_035,35.0,161,0.709188023239889,Group 2,0.6350068675207627,0.6342010651858159,0.0012689663311720222,5,2510
2021,2021_kk_037,37.0,161,0.709485422963447,Group 2,0.8110453418904181,0.8110453418904181,0.0,5,2480
2021,2021_kk_039,39.0,161,0.705906023870271,Group 5,0.46220198087810715,0.4601134811100005,0.004518586796488443,4,2040
2021,2021_kk_041,41.0,161,0.708187311216615,Group 4,0.6928521681759027,0.6905878209852395,0.003268153431091387,4,2995
2021,2021_kk_043,43.0,161,0.709199728395582,Group 2,0.6422110563155696,0.641408815360609,0.0012491858355150795,5,2530
2021,2021_kk_044_R1,44.0,161,0.709943902323389,Group 2,0.9255369691739984,0.9255369691739984,0.0,5,1480
2021,2021_kk_045,45.0,161,0.711324756599331,Group 1,0.9999999999999991,0.9999999999999991,0.0,1,200
2021,2021_kk_047,47.0,161,0.708466199584963,Group 4,0.5947090428928542,0.5910208634759203,0.00620165349932022,4,2310
2021,2021_kk_036,36.0,162,0.709375077856112,Group 2,0.7694301145589476,0.7686381068373014,0.0010293432849325995,5,2575
2021,2021_kk_038_R1,38.0,162,0.710593928994762,Group 1,0.7953450117358755,0.7953450117358755,0.0,2,245
2021,2021_kk_038,38.0,162,0.710662698619291,Group 1,0.8770323226990655,0.8770323226990655,0.0,2,215
2021,2021_kk_053,53.0,162,0.707777924591122,Group 4,0.6643528167254589,0.6641509988073226,0.0003037812334880737,5,3365
2021,2021_kk_054,54.0,162,0.708522359826769,Group 4,0.5639502187165029,0.5604332636917642,0.006236286303324704,4,2380
2021,2021_kk_055_R1,55.0,162,0.709161939096827,Group 2,0.622647231117216,0.6218295194621198,0.0013132824081284837,5,2465
2021,2021_kk_049_R1,49.0,163,0.709478574864079,Group 2,0.810231640487721,0.810231640487721,0.0,5,2475
2021,2021_kk_061,61.0,163,0.706953620500488,Group 5,0.5475080646227771,0.5471739250428141,0.0006102916131349288,5,1875
2021,2021_kk_062_R1,62.0,163,0.709185004531085,Group 2,0.6333950443850183,0.6325867844903564,0.0012760754947910556,5,2500
2021,2021_kk_057,57.0,164,0.707666992512828,Group 4,0.6219250725566061,0.6217091395929006,0.0003472009301986626,5,3160
2021,2021_kk_058,58.0,164,0.709191463570272,Group 2,0.636084174557434,0.6352804781419785,0.0012635063842214812,5,2515
2021,2021_kk_065_R1,65.0,164,0.70908464704049,Group 2,0.5785346896980542,0.5766889976030919,0.0031902876833980677,5,2345
2021,2021_kk_065,65.0,164,0.709079695315498,Group 2,0.5793219954363843,0.5774703872836557,0.003196164080277538,5,2355
2021,2021_kk_067,67.0,164,0.709084117755076,Group 2,0.5784625997030799,0.5766160908862541,0.003192097151611163,5,2345
2021,2021_kk_068,68.0,164,0.709214113305406,Group 2,0.64868335529584,0.6478889302421322,0.0012246730970080855,5,2555
2021,2021_kk_070,70.0,165,0.709154552681358,Group 2,0.6168236862571608,0.6160025724702817,0.001331196912786532,5,2440
2021,2021_kk_071,71.0,165,0.705824457903131,Group 5,0.4009260121340252,0.398964506404043,0.004892438182151251,4,1795
2021,2021_kk_072,72.0,165,0.705521259523431,Group 6,0.5763461602006852,0.574957377607181,0.0024096327683012764,4,1485
2021,2021_kk_074,74.0,165,0.708378785969217,Group 4,0.6408715546190005,0.6378886159988899,0.004654503072591411,4,2410
2021,2021_kk_077,77.0,165,0.708006999675296,Group 4,0.7023753871064419,0.7022075242924639,0.00023899301863286105,4,3375
2021,2021_kk_081,81.0,166,0.710965883033396,Group 1,0.9961534870005637,0.9961534870005637,0.0,2,220
2021,2021_kk_082,82.0,166,0.707170306396466,Group 5,0.4622209344774453,0.46172171194858597,0.0010800517493300336,5,2035
2021,2021_kk_083_R1,83.0,166,0.710152491157073,Group 2,0.8995044930334098,0.8995044930334098,0.0,2,990
2021,2021_kk_083,83.0,166,0.710114758609154,Group 2,0.8982867477456841,0.8982867477456841,0.0,3,1030
2021,2021_kk_085,85.0,167,0.709708375889893,Group 2,0.8885766324161594,0.8885766324161594,0.0,5,2095
2021,2021_kk_086,86.0,167,0.709130624320166,Group 2,0.6060880557957564,0.6052485062032481,0.001385194089340694,5,2370
2021,2021_kk_087,87.0,167,0.706531907444911,Group 5,0.665733986076677,0.6636098689619283,0.0031906394433407217,4,2375
2021,2021_kk_088,88.0,167,0.706692189311994,Group 5,0.6574893554239771,0.6572085440618781,0.0004270964385696586,4,2275
2021,2021_kk_089_R1,89.0,167,0.709003778798796,Group 2,0.5494139816452328,0.5464885166411715,0.005324700684356209,5,2355
2021,2021_kk_089,89.0,167,0.709225733034221,Group 2,0.654607530255359,0.6538162792134902,0.001208741123952824,5,2565
2021,2021_kk_101,101.0,168,0.708643873386383,Group 4,0.47507223757442973,0.4718716772668154,0.006736997143751078,4,2255
2021,2021_k_199,99.0,169,0.70804368450641,Group 4,0.7022300387301514,0.7005044613375421,0.0024572822258212123,4,3370
2021,2021_kk_093,93.0,169,0.706526799037377,Group 5,0.6645848173020298,0.6626776272141858,0.002869746702289369,4,2375
2021,2021_kk_094,94.0,169,0.710109837601474,Group 2,0.8995415768855827,0.8995415768855827,0.0,3,1040
2021,2021_kk_096,96.0,169,0.707705460135859,Group 4,0.6402840098993746,0.6400753293575615,0.0003259187151119838,5,3310
2021,2021_kk_097_R1,97.0,169,0.709947509739553,Group 2,0.9273677578453168,0.9273677578453168,0.0,5,1460
2021,2021_kk_097,97.0,169,0.709879484853795,Group 2,0.9239221991153753,0.9239221991153753,0.0,5,1670
2021,2021_kk_099,99.0,169,0.709455275183695,Group 2,0.8050791645816577,0.8043112642279389,0.0009538196832082873,5,2485
2021,2021_kk_102a,102.0,170,0.709935379658796,Group 2,0.9248656963796968,0.9248656963796968,0.0,5,1525
2021,2021_kk_104,104.0,170,0.707232072888215,Group 5,0.4077397760584628,0.4073327245561316,0.0009983119779631208,5,2240
2021,2021_kk_106,106.0,170,0.708207923681716,Group 4,0.691184230384391,0.6888429662818224,0.0033873227999814005,4,2950
2021,2021_kk_107,107.0,170,0.708476065619422,Group 4,0.591726181691181,0.588054511569996,0.006205015486539901,4,2325
2021,2021_kk_108,108.0,170,0.705894044568579,Group 5,0.4531150942905358,0.4510216391972417,0.004620139826884291,4,1980
2021,2021_kk_110_r1,110.0,170,0.708872040905169,Group 2,0.4422746074664234,0.4394093097382823,0.006478549027616606,5,2145
2021,2021_kk_110,110.0,170,0.708823382061705,Group 2,0.41756021018557044,0.41476966516221453,0.006682976383491514,5,2145
2021,2021_kk_112,112.0,170,0.709261628549874,Group 2,0.6828415288641524,0.6820682858081538,0.0011323902008197927,5,2670
2021,2021_kk_116,116.0,170,0.707081014159534,Group 5,0.5036379782585827,0.5030824261763548,0.0011030782153259719,5,1930
2021,2021_kk_111,111.0,171,0.70585722738319,Group 5,0.42080669178644975,0.41875923133643067,0.004865560576822088,4,1835
2021,2021_kk_113,113.0,171,0.707838370159375,Group 4,0.6815933052401089,0.6813999531864133,0.00028367657400533216,5,3425
2021,2021_kk_114,114.0,171,0.705343406845976,Group 6,0.644461741971878,0.6439465939961683,0.0007993460932738508,4,1440
2021,2021_kk_115,115.0,171,0.705644332065533,Group 6,0.4897114343408977,0.48694904998332905,0.005640841042003792,4,1500
2021,2021_kk_118,118.0,171,0.707137798560789,Group 5,0.47713826589486463,0.47662033686491645,0.0010854904478827668,5,2010
2021,2021_kk_120,120.0,171,0.707679982192858,Group 4,0.6325346221295909,0.6323206436606515,0.0003382873623879185,5,3230
2021,2021_kk_128,128.0,171,0.70548189654372,Group 6,0.5969508447565657,0.5965262357579685,0.0007112964196749483,4,1485
2021,2021_kk_121,121.0,172,0.70584873608791,Group 5,0.4147066590935166,0.41268593558101596,0.004872657499442245,4,1825
2021,2021_kk_122,122.0,172,0.706635114915091,Group 5,0.6604834412820706,0.660223132031731,0.00039411926790212595,4,2320
2021,2021_kk_124,124.0,172,0.705473007188795,Group 6,0.6036558030329203,0.6032267489122939,0.000710759539576714,4,1500
2021,2021_kk_125,125.0,172,0.709422490344296,Group 2,0.7906957039015716,0.7899175078561524,0.000984191568993363,5,2525
2021,2021_kk_129,129.0,172,0.708715407047887,Group 4,0.4139353702085029,0.41112121848392663,0.0067985292562913885,4,2220
2021,2021_kk_136_R1,136.0,172,0.707077217025293,Group 5,0.5029004271831866,0.5023477801591355,0.0010989193768369155,5,1935
2021,2021_kk_131,131.0,173,0.705581567520922,Group 6,0.5422829977687913,0.5392935275475829,0.005512749308955978,4,1460
2021,2021_kk_134_r1,134.0,173,0.706872607241354,Group 5,0.5918033977493555,0.5914864985713055,0.0005354804978397167,5,2090
2021,2021_kk_148,148.0,173,0.709218532100384,Group 2,0.6488472620961796,0.648058106095424,0.0012162430927212986,5,2565
2021,2021_kk_138,138.0,174,0.709118773292524,Group 2,0.5921617778680398,0.5913310693877871,0.0014028404252017714,5,2355
2021,2021_kk_139,139.0,174,0.708294542678863,Group 4,0.6833334083495544,0.6805576759978575,0.0040620468980156815,4,2630
2021,2021_kk_141,141.0,174,0.709295641878838,Group 2,0.7069012733788418,0.7061344886873535,0.001084712562227004,5,2700
2021,2021_kk_142,142.0,174,0.708074759020706,Group 4,0.7013931381242996,0.6995668544506449,0.002603794611590698,4,3315
2021,2021_kk_144_R1,144.0,174,0.710398493090303,Group 2,0.5776776826736328,0.5776776826736328,0.0,2,400
2021,2021_kk_144,144.0,174,0.710309016789904,Group 2,0.7567002514517798,0.7567002514517798,0.0,2,580
2021,2021_kk_147_R1,147.0,174,0.707270521364742,Group 5,0.3749996915730844,0.3746391724051561,0.0009613852385210192,5,2330
2021,2021_kk_147,147.0,174,0.707662491761396,Group 4,0.6209191441559595,0.6207026779731994,0.0003486221753627658,5,3155
2021,2021_kk_152_R1,152.0,174,0.705932360689404,Group 5,0.48136620035638134,0.479275840829713,0.004342555678235727,4,2150
2021,2021_kk_152,152.0,174,0.705927864343123,Group 5,0.47958473576214294,0.47749101455003995,0.00436569610326667,4,2135
2021,2021_kk_153,153.0,174,0.70577147262863,Group 6,0.41981601736864327,0.4177715182896832,0.004869988267181315,4,1750
2021,2021_kk_157,157.0,174,0.709391736952878,Group 2,0.7753385597815053,0.774555699902543,0.0010097006902158715,5,2570
2021,2021_kk_158,158.0,174,0.708229768684331,Group 4,0.6860132338125878,0.6835895085851452,0.0035330589965042003,4,2885
2021,2021_kk_160,160.0,174,0.709242052617544,Group 2,0.6684391759272242,0.6676587952492888,0.0011674669978054453,5,2630
2021,2021_kk_155,155.0,175,0.709064601288336,Group 2,0.5728707407313647,0.5710138560357144,0.0032413676657314337,5,2360
2021,2021_kk_156_r1,156.0,175,0.705772053181474,Group 6,0.41974737067097395,0.41770256996559557,0.004871503309501892,4,1750
2021,2021_kk_161,161.0,175,0.707062598377116,Group 5,0.5063097022136424,0.5057570232978891,0.0010915827078503346,5,1935
2021,2021_kk_164,164.0,175,0.705162508315324,Group 6,0.6836383279015343,0.6829514793819417,0.0010046957456305012,4,1145
2021,2021_kk_163,163.0,176,0.709576319047713,Group 2,0.8385330036104045,0.8385330036104045,0.0,5,2365
2021,2021_kk_166,166.0,176,0.707910500065787,Group 4,0.7021685422631738,0.7019817330003556,0.00026604618631327626,5,3390
2021,2021_kk_169,169.0,176,0.70802569339225,Group 4,0.703267188859434,0.7024054216283989,0.0012253767055913866,4,3370
2021,2021_kk_171,171.0,176,0.709561389676749,Group 2,0.8344802403923398,0.8344802403923398,0.0,5,2400
2021,2021_kk_173,173.0,176,0.704947716343178,Group 6,0.6852560107333913,0.6844691118664884,0.0011483282956696302,4,930
2021,2021_kk_175,175.0,176,0.709007270554957,Group 2,0.5516285114637445,0.5487023968161585,0.005304502190833984,5,2355
2021,2021_kk_176,176.0,176,0.70736069242239,Group 4,0.4275673539753574,0.42720932894049773,0.0008373535339657138,5,2660
2021,2021_kk_180_r1,180.0,176,0.707316133352868,Group 4,0.3888320155992103,0.3884796858043857,0.0009061234175423008,5,2470
2021,2021_kk_182,182.0,177,0.70859604600429,Group 4,0.5139850056381761,0.5106342493090511,0.00651917136174944,4,2325
2021,2021_kk_194,194.0,177,0.707979149920765,Group 4,0.7036137650314852,0.7034404881729667,0.0002462670105818651,4,3390
2021,2021_kk_195,195.0,177,0.705346462544573,Group 6,0.6434860684249765,0.642975407915472,0.0007935844061929959,4,1450
2021,2021_kk_197r1,197.0,177,0.708498230158461,Group 4,0.5822016586738078,0.5785698977365655,0.006237977654538074,4,2345
2021,2021_kk_183,183.0,178,0.709186100895691,Group 2,0.6347338190746297,0.6339271518148507,0.0012708748699651468,5,2510
2021,2021_kk_184,184.0,178,0.705898790258288,Group 5,0.45838193929337384,0.45627948338534413,0.004586690111025737,4,2000
2021,2021_kk_186,186.0,178,0.708928814463925,Group 2,0.4896532814479627,0.48676037646928433,0.005908068194955636,5,2270
2021,2021_kk_188_r1,188.0,178,0.70526303228288,Group 6,0.673162988363003,0.6725364984617548,0.0009306659933454955,4,1240
2021,2021_kk_190_r1,190.0,178,0.706112671696603,Group 5,0.536028200601373,0.5338958173263737,0.003978117704641414,4,2340
2021,2021_kk_190,190.0,178,0.705424075188603,Group 6,0.6233519443700465,0.6228947128182153,0.0007335046532874073,4,1510
2021,2021_kk_201,201.0,178,0.70805461829293,Group 4,0.7049657775221728,0.7031843824080392,0.002526924243606521,4,3320
2021,2021_kk_202,202.0,178,0.707832642081564,Group 4,0.6798916610034332,0.6796984263795908,0.00028421384600785525,5,3440
2021,2021_kk_204_R1,204.0,179,0.707990620398268,Group 4,0.702864452615491,0.7026937119821344,0.00024292113894963823,4,3390
2021,2021_kk_205,205.0,179,0.708708016988382,Group 4,0.41896019007025764,0.41610774719670146,0.006808386431841811,4,2220
2021,2021_kk_206,206.0,179,0.706322657804721,Group 5,0.5951883832928304,0.5931132024381737,0.0034865950225304687,4,2410
2021,2021_kk_207,207.0,179,0.708017293032069,Group 4,0.7014605051675993,0.700610367267247,0.0012119540502840934,4,3365
2021,2021_kk_209,209.0,179,0.707791734216697,Group 4,0.6652704544973982,0.6650726340491967,0.00029735342500802534,5,3405
2021,2021_kk_213_R1,213.0,179,0.709190966859168,Group 2,0.636013558647736,0.6352096374777422,0.0012640000500981682,5,2515
2021,2021_kk_213,213.0,179,0.7083658070831,Group 4,0.648061733708807,0.6450861390588811,0.004591529626192934,4,2425
2021,2021_kk_217,217.0,179,0.705611849174433,Group 6,0.5160845764389757,0.513181210167914,0.005625756714326026,4,1465
2021,2021_kk_218,218.0,179,0.707774849454335,Group 4,0.6632705785684769,0.6630688011463394,0.0003042158489421628,5,3370
2021,2021_kk_219,219.0,179,0.708612094328427,Group 4,0.4977956145536985,0.4945225917707635,0.006575033381660848,4,2310
2021,2021_kk_220_R1,220.0,179,0.706379803746622,Group 5,0.6140038233737858,0.6119197615868298,0.0033942163022774394,4,2355
2021,2021_kk_222,222.0,179,0.708516290524964,Group 4,0.5677603339581327,0.5642235937004183,0.006229283812516734,4,2375
2021,2021_kk_225,225.0,179,0.70807546805071,Group 4,0.7010401899366218,0.6992107693820354,0.0026095801365565007,4,3310
2021,2021_kk_226,226.0,179,0.706923774352632,Group 5,0.5545714037560829,0.5542511880389165,0.0005774111593163016,5,1975
2021,2021_kk_227_a,227.0,179,0.70924292683601,Group 2,0.6685617840741944,0.6677818806539411,0.0011665390377245304,5,2630
2021,2021_kk_228,228.0,179,0.705570075866613,Group 6,0.5457536691508016,0.5427895187514384,0.005431297244369121,4,1470
2021,2021_kk_229,229.0,179,0.707712375087727,Group 4,0.6411964053975797,0.6409892174412049,0.0003231271333256113,5,3325
2021,2021_kk_230,230.0,179,0.708730074082477,Group 4,0.3896567753970191,0.3869968612234699,0.006826300327612834,4,2200
2021,2021_kk_231,231.0,179,0.705591025258622,Group 6,0.5352296586326235,0.5321976273594297,0.005664916404184201,4,1425
2021,2021_kk_232_a,232.0,179,0.707682024967781,Group 4,0.6324492645065092,0.6322361365098916,0.00033698829072698343,5,3240
2021,2021_kk_235,235.0,180,0.708761643827581,Group 2,0.38729083189885943,0.3846669634052472,0.006774930562511947,4,2190
2021,2021_kk_237,237.0,180,0.70721536341658,Group 5,0.42173688286653815,0.4213033870711893,0.0010278821060239422,5,2165
2021,2021_kk_238_R1,238.0,180,0.705583093257774,Group 6,0.5408706014596257,0.537876910741783,0.005534948118392408,4,1455
2021,2021_kk_239,239.0,180,0.70603297708671,Group 5,0.5219253933975917,0.519716781103934,0.004231662842231515,4,2215
2021,2021_kk_243,243.0,180,0.707672724085171,Group 4,0.6287608311375841,0.6285446913432431,0.0003437551826343659,5,3185
2021,2021_kk_244,244.0,180,0.705794007248645,Group 6,0.41031256451166376,0.4083236221517426,0.00484738351185587,4,1785
2021,2021_kk_245,245.0,180,0.70996110942926,Group 2,0.9277517145663999,0.9277517145663999,0.0,4,1395
2021,2021_kk_247,247.0,181,0.70717876367083,Group 5,0.4528311768021549,0.45235044575663286,0.0010616120756457383,5,2080
2021,2021_kk_248_R1,248.0,181,0.705081855148185,Group 6,0.6893450681779602,0.6886209033829566,0.0010505113163682335,4,1080
2021,2021_kk_253_R1,253.0,181,0.706433498713539,Group 5,0.638830899452187,0.6367833817565067,0.0032051012207392556,4,2370
2021,2021_kk_263_R1,263.0,182,0.70735825339606,Group 4,0.42431330112809423,0.4239548023374744,0.0008448917101270729,5,2635
2021,2021_kk_263_R2,263.0,182,0.707470054633331,Group 4,0.5103738739005095,0.509985698347314,0.0007605709716857818,5,2770
2021,2021_kk_270,270.0,182,0.705866028359996,Group 5,0.42598146421177563,0.42391644114502963,0.004847682916361305,4,1850
2021,2021_kk_272,272.0,182,0.70923573447859,Group 2,0.6608024970291339,0.6600181620383135,0.0011869431401160977,5,2595
2021,2021_kk_274,274.0,182,0.708823574246906,Group 2,0.4175809167016925,0.41479054646985747,0.006682226414643432,5,2145
2021,2021_kk_275,275.0,182,0.7077482836813,Group 4,0.6540769612399531,0.6538723404898603,0.0003128389504881491,5,3345
2021,2021_kk_276,276.0,182,0.705918237433638,Group 5,0.4707799003985767,0.4686906129639356,0.004437928282138392,4,2090
2021,2021_kk_277_R1,277.0,182,0.706011954456471,Group 5,0.5136114048035922,0.5114330543949591,0.004241242286016071,4,2215
2021,2021_kk_279_R1,279.0,182,0.707718301800757,Group 4,0.6424134463307425,0.642207757758345,0.0003201809886954683,5,3345
2021,2021_kk_280,280.0,182,0.707715794752827,Group 4,0.6424641585629876,0.6422575775170042,0.00032154485698546235,5,3335
2021,2021_kk_281,281.0,182,0.70701664189768,Group 5,0.520484176479433,0.5199184923194939,0.001086842185607463,5,1885
2021,2021_kk_285_R1,285.0,183,0.705098084998057,Group 6,0.6905515990820313,0.6898356926125808,0.0010367168368044294,4,1100
2021,2021_kk_285,285.0,183,0.704921658166571,Group 6,0.6915476611971001,0.6907324771514085,0.001178782159830525,4,890
2021,2021_kk_286,286.0,183,0.707819764893893,Group 4,0.6748540297343965,0.6746603780920943,0.00028695337624093094,5,3450
2021,2021_kk_282_R1,282.0,184,0.708199136760401,Group 4,0.6913830218238463,0.689073738134851,0.0033400931409966,4,2965
2021,2021_kk_284,284.0,184,0.708018253058308,Group 4,0.7014894149760807,0.7006380520164922,0.0012136504719997606,4,3365
2021,2021_kk_287,287.0,184,0.70512463597665,Group 6,0.7002517990494362,0.6995378195087122,0.0010196040077201634,4,1125
2021,2021_kk_288,288.0,184,0.705862911016183,Group 5,0.4242297718364427,0.42217081697798,0.0048533954831830265,4,1845
2021,2021_kk_290_R1,290.0,184,0.70598569909262,Group 5,0.5128788887465272,0.5106553930250448,0.004335323153808644,4,2160
2021,2021_kk_290,290.0,184,0.705993377868094,Group 5,0.5149798875449838,0.5127519467794792,0.0043262675288652155,4,2165
2021,2021_kk_291,291.0,185,0.70711092251966,Group 5,0.4820588948583161,0.48153476487357416,0.0010872737549961898,5,1990
2021,2021_kk_292,292.0,185,0.705524347743116,Group 6,0.5749430174504193,0.5735513931737578,0.002420456000722745,4,1480
2021,2021_kk_293,293.0,185,0.705054650642852,Group 6,0.6893188370199586,0.6885810329450873,0.0010703378977148972,4,1050
2021,2021_kk_294,294.0,185,0.707078343959213,Group 5,0.5017356717771312,0.5011852022654677,0.0010971305064152532,5,1940
2021,2021_kk_301,301.0,185,0.705960386221976,Group 5,0.5060283115708355,0.5038393738995646,0.004325721745639063,4,2165
2021,2021_kk_296_R1,296.0,186,0.707480617154916,Group 4,0.5211930967747517,0.5208024997488766,0.0007494286249992605,5,2795
2021,2021_kk_296,296.0,186,0.708087187907925,Group 4,0.702731049750351,0.7008532498921441,0.0026721458499291565,4,3280
2021,2021_kk_298,298.0,186,0.709436260003559,Group 2,0.7956297276505666,0.794857214262809,0.0009709458569865045,5,2510
2021,2021_kk_299,299.0,186,0.706068284262347,Group 5,0.5300739806008348,0.5279038585228715,0.004093998493386523,4,2290
2021,2021_kk_302,302.0,187,0.71002223154706,Group 2,0.9321238612606199,0.9321238612606199,0.0,3,1195
2021,2021_kk_303,303.0,187,0.708158284631223,Group 4,0.693624823956842,0.6914843264005102,0.003085958694674771,4,3080
2021,2021_kk_306,306.0,187,0.70674672091346,Group 5,0.6603661603284842,0.6600665592001425,0.00045368940194134475,4,2260
2021,2021_kk_309,309.0,187,0.708997148033442,Group 2,0.5407106628089897,0.5378058830519491,0.005372151793623319,5,2350
2021,2021_kk_304,304.0,188,0.709375627861433,Group 2,0.769483727822755,0.768692201735141,0.001028645647717119,5,2575
2021,2021_kk_305,305.0,188,0.704933513262971,Group 6,0.6896802252302752,0.688881660527225,0.0011578767577155077,4,915
2021,2021_kk_307,307.0,188,0.705635011342966,Group 6,0.4932715678092888,0.49050568077855583,0.005607229792336866,4,1500
2021,2021_kk_315_R1,315.0,188,0.706018571426091,Group 5,0.5154466747313773,0.5132578171249987,0.0042465258069989366,4,2210
2021,2021_kk_310,310.0,189,0.70504216329964,Group 6,0.6881206743347205,0.6873743996548743,0.0010845113476172883,4,1030
2021,2021_kk_311,311.0,189,0.705698083980826,Group 6,0.46003323443546973,0.45744662375981077,0.005622660455897538,4,1565
2021,2021_kk_313,313.0,189,0.706094005946684,Group 5,0.5411198735654998,0.5389132425122102,0.00407789689694793,4,2285
2021,2021_kk_314,314.0,189,0.70920589974282,Group 2,0.6446904249463814,0.6438891294280934,0.0012429151842213877,5,2530
2021,2021_kk_322,322.0,189,0.705969568997599,Group 5,0.5083911824120956,0.5062039510168294,0.004302260682195072,4,2180
2021,2021_kk_324,324.0,189,0.70701483448197,Group 5,0.5195421715852317,0.5189769361362899,0.0010879491210832046,5,1880
2021,2021_kk_326_R1,326.0,189,0.705973013881411,Group 5,0.5108772534569467,0.5086708221608168,0.004318906902195348,4,2170
2021,2021_kk_326,326.0,189,0.705959735171097,Group 5,0.5059253781334585,0.5037369360227212,0.0043256223255912635,4,2165
2021,2021_kk_320,320.0,190,0.708829793346918,Group 2,0.41775659478898103,0.41499135615374866,0.006619257887787895,5,2160
2021,2021_kk_332,332.0,190,0.707046680949038,Group 5,0.5043690510140866,0.503826343945642,0.0010760118356853987,5,1950
2021,2021_kk_333,333.0,190,0.70770932095395,Group 4,0.6391862504228851,0.638979005287889,0.000324232780130998,5,3320
2021,2021_kk_327_R1,327.0,191,0.706873963412334,Group 5,0.5909608718069455,0.5906435271116418,0.0005369978122804867,5,2085
2021,2021_kk_328,328.0,191,0.705010537959808,Group 6,0.6895052940194639,0.6887388444803975,0.001111593407207043,4,990
2021,2021_kk_338,338.0,192,0.709361614187073,Group 2,0.7633681074107788,0.7625742533857138,0.0010399360640800674,5,2595
2021,2021_kk_340_R2,340.0,192,0.70546878732574,Group 6,0.6050468102047282,0.6046164407093795,0.0007112995029311173,4,1505
2021,2021_kk_340,340.0,192,0.705614200341249,Group 6,0.5130198117599897,0.5101447781533601,0.005604137580508365,4,1475
2021,2021_kk_342_R1,342.0,192,0.707104186589401,Group 5,0.488837287219126,0.4883002115467273,0.001098679839776534,5,1960
2021,2021_kk_343,343.0,192,0.709747075147915,Group 2,0.8955528721094806,0.8955528721094806,0.0,5,1990
2021,2021_kk_344,344.0,192,0.709661023605616,Group 2,0.8674366182504282,0.8674366182504282,0.0,5,2225
2021,2021_kk_352,352.0,192,0.706002364527349,Group 5,0.51913510636734,0.5168943113025989,0.004316400561736411,4,2170
2021,2021_kk_353,353.0,192,0.708145462797207,Group 4,0.6935561260390465,0.6915010147218503,0.0029631506954355498,4,3175
2021,2021_kk_354,354.0,192,0.705621028664685,Group 6,0.5095812458815807,0.5067275253059189,0.005600128730650034,4,1485
2021,2021_kk_347,347.0,193,0.70958756882486,Group 2,0.8415437587970028,0.8415437587970028,0.0,5,2345
2021,2021_kk_349,349.0,193,0.709027016577349,Group 2,0.5544050961464204,0.5515183194683102,0.005206980776648361,5,2345
2021,2021_kk_350_R1,350.0,193,0.707775534923791,Group 4,0.6633361451974278,0.6631344653866668,0.0003040386269031579,5,3370
2021,2021_kk_350,350.0,193,0.707740497383881,Group 4,0.6521199356444721,0.6519153930262307,0.0003136579746474929,5,3360
2021,2021_kk_357,357.0,193,0.707994504296313,Group 4,0.7021793923083051,0.7020098149356246,0.0002415014945439275,4,3395
2021,2021_kk_356,356.0,194,0.705425726545803,Group 6,0.6267118131274567,0.6262500758289734,0.0007367617600490841,4,1500
2021,2021_kk_359,359.0,194,0.705998366868253,Group 5,0.5196126710949479,0.5173565543752071,0.004341920136371223,4,2155
2021,2021_kk_362_R1,362.0,194,0.707835110743138,Group 4,0.680101637895399,0.6799087914102127,0.00028355539001957664,5,3440
2021,2021_kk_360,360.0,195,0.709344296429782,Group 2,0.7477124733645417,0.7469284522347549,0.0010485596505550498,5,2635
2021,2021_kk_363_R1,363.0,195,0.706242718873059,Group 5,0.5741555989816286,0.5720388510347393,0.003686714804564712,4,2395
2021,2021_kk_368_R1,368.0,195,0.707971301114224,Group 4,0.7034380487786663,0.7032625888909597,0.00024943189810564047,4,3375
2021,2021_kk_368,368.0,195,0.707948216660832,Group 4,0.7015654637871512,0.7013859787811856,0.0002558350078933097,5,3380
2021,2021_kk_366,366.0,196,0.706019270780119,Group 5,0.5155371037821689,0.5133480166076485,0.004246226233689904,4,2210
2021,2021_kk_369,369.0,196,0.707759524476446,Group 4,0.6600240275473721,0.6598201612147302,0.0003088771380026842,5,3360
2021,2021_kk_371_R1,371.0,197,0.70598836086412,Group 5,0.515201686216394,0.5129682165063798,0.004335136646032011,4,2160
2021,2021_kk_372_R1,372.0,197,0.706469825617216,Group 5,0.6489951845461149,0.6470237835238977,0.003037620415621398,4,2410
2021,2021_kk_372,372.0,197,0.706471099193207,Group 5,0.6495843134458682,0.647617301843649,0.0030281082247580874,4,2415
2021,2021_kk_374_R1,374.0,197,0.707119714267219,Group 5,0.48615842382855823,0.48562298151708433,0.0011013741307971884,5,1965
2021,2021_kk_375,375.0,198,0.705630286648075,Group 6,0.5018911035691274,0.49905486296657486,0.005651107545806307,4,1480
2021,2021_kk_376,376.0,198,0.705000398017508,Group 6,0.686783831257016,0.686016148770102,0.0011177934773288723,4,980
2022,corrected_2022_kk_001,1.0,152,0.709744994,Group 2,0.8937456194773195,0.8937456194773195,0.0,5,1995
2022,corrected_2022_kk_003,3.0,157,0.709849,Group 2,0.913415555077813,0.913415555077813,0.0,5,1735
2022,corrected_2022_kk_004,4.0,158,0.708798,Group 2,0.40325462454935274,0.4005582488687578,0.006686533808777122,4,2180
2022,corrected_2022_kk_005,5.0,158,0.7076,Group 4,0.6059862473025692,0.6057613400910882,0.00037114243513301526,5,3050
2022,corrected_2022_kk_006,6.0,158,0.70803,Group 4,0.7021983950847007,0.7013325733484099,0.0012330158290753074,4,3370
2022,corrected_2022_kk_008,8.0,161,0.7068,Group 5,0.6390671728424633,0.6387515078843808,0.0004939464449072977,5,2160
2022,corrected_2022_kk_009,9.0,161,0.709,Group 2,0.5462063176618922,0.5432911609779221,0.005337098070283762,5,2360
2022,corrected_2022_kk_010,10.0,161,0.709412414,Group 2,0.7857624955700379,0.7849813638857284,0.0009941066018209876,5,2535
2022,corrected_2022_kk_011,11.0,162,0.706843983,Group 5,0.612294050477954,0.6119834311512208,0.0005073041727104485,5,2180
2022,corrected_2022_kk_012,12.0,162,0.7087909,Group 2,0.4000963996320485,0.39740109156804193,0.006736646634374445,4,2170
2022,corrected_2022_kk_015,15.0,162,0.708349002,Group 4,0.6540547930646182,0.651160238956234,0.004425552933908835,4,2500
2022,corrected_2022_kk_017,17.0,162,0.7089467,Group 2,0.5011426532529919,0.49827117248432184,0.00572986703492674,5,2310
2022,corrected_2022_kk_019,19.0,162,0.710003706,Group 2,0.9318925579854486,0.9318925579854486,0.0,4,1245
2022,corrected_2022_kk_020,20.0,163,0.708756299,Group 2,0.38780510272377244,0.38517700188900633,0.006776859861583779,4,2195
2022,corrected_2022_kk_021,21.0,163,0.706912257,Group 5,0.5632379517569882,0.5629192409959931,0.0005658545557892679,5,2010
2022,corrected_2022_kk_022,22.0,163,0.709635228,Group 2,0.8499235951714096,0.8499235951714096,0.0,5,2285
2022,corrected_2022_kk_023,23.0,163,0.705977614,Group 5,0.5116312185210237,0.509413010334445,0.004335560666119786,4,2160
2022,corrected_2022_kk_024,24.0,163,0.709911347,Group 2,0.9237280387629339,0.9237280387629339,0.0,5,1615
2022,corrected_2022_kk_025,25.0,163,0.704502638,Group 6,0.6492605378638104,0.6492605378638104,0.0,3,420
2022,corrected_2022_kk_026,26.0,163,0.706312374,Group 5,0.5894388805988158,0.5873758246487901,0.003500033706513728,4,2420
2022,corrected_2022_kk_027,27.0,164,0.709717137,Group 2,0.8899744391831219,0.8899744391831219,0.0,5,2060
2022,corrected_2022_kk_028,28.0,164,0.705897702,Group 5,0.45821284566866666,0.4561116455179232,0.004585642176131483,4,2000
2022,corrected_2022_kk_029,29.0,165,0.708396087,Group 4,0.6334099977417035,0.6304201823112998,0.004720189831330793,4,2400
2022,corrected_2022_kk_030,30.0,165,0.705044103,Group 6,0.6881567111568279,0.6874101191096674,0.001084915739476556,4,1030
2022,corrected_2022_kk_031,31.0,165,0.705471939,Group 6,0.6037296597281205,0.6033001681534199,0.0007113971755074053,4,1500
2022,corrected_2022_kk_032,32.0,165,0.706396242,Group 5,0.6210686200062518,0.6189921914246574,0.003343315882830245,4,2355
2022,corrected_2022_kk_033,33.0,166,0.709609165,Group 2,0.8418627640270651,0.8418627640270651,0.0,5,2325
2022,corrected_2022_kk_034,34.0,166,0.709517188,Group 2,0.8184422894115453,0.8184422894115453,0.0,5,2485
2022,corrected_2022_kk_036,36.0,166,0.707371304,Group 4,0.4366612057723718,0.43630129804225065,0.0008242264835148736,5,2695
2022,corrected_2022_kk_038,38.0,166,0.707901299,Group 4,0.7012961305815208,0.7011068372365822,0.00026991927758350347,5,3370
2022,corrected_2022_kk_039,39.0,166,0.705382235,Group 6,0.6329848650201872,0.6325030355819973,0.0007612021468707099,4,1490
2022,corrected_2022_kk_040,40.0,166,0.707917534,Group 4,0.701444553581458,0.7012593412291321,0.00026404418051323105,5,3390
2022,corrected_2022_kk_041,41.0,166,0.705908404,Group 5,0.463508755321991,0.4614091998498517,0.004529699704767807,4,2035
2022,corrected_2022_kk_042,42.0,167,0.709866839,Group 2,0.9246838949894766,0.9246838949894766,0.0,5,1685
2022,corrected_2022_kk_043,43.0,167,0.709118802,Group 2,0.5921656293204196,0.591334930087628,0.0014028156847686324,5,2355
2022,corrected_2022_kk_044,44.0,167,0.710151846,Group 2,0.8999901326787263,0.8999901326787263,0.0,2,995
2022,corrected_2022_kk_046,46.0,168,0.710013274,Group 2,0.9305836578917772,0.9305836578917772,0.0,4,1225
2022,corrected_2022_kk_047,47.0,168,0.709146201,Group 2,0.6114366666459674,0.6106125132725111,0.0013478965499030369,5,2420
2022,corrected_2022_kk_049,49.0,168,0.709746116,Group 2,0.8955314353926905,0.8955314353926905,0.0,5,1990
2022,corrected_2022_kk_055,55.0,169,0.706738982,Group 5,0.6587136284746472,0.6584186103241757,0.00044787011793670246,4,2275
2022,corrected_2022_kk_056,56.0,169,0.709550306,Group 2,0.831284896346668,0.831284896346668,0.0,5,2415
2022,corrected_2022_kk_057,57.0,169,0.708449175,Group 4,0.6053102474557329,0.6016023020444743,0.00612569409958613,4,2315
2022,corrected_2022_kk_058,58.0,169,0.706596652,Group 5,0.6623708318239041,0.6621238774582048,0.00037283399847087546,4,2345
2022,corrected_2022_kk_059,59.0,169,0.705965667,Group 5,0.5058926372723062,0.5037080750261071,0.004318232931749754,4,2170
2022,corrected_2022_kk_050,50.0,170,0.707374508,Group 4,0.44035810641593787,0.439996831444503,0.0008204117652680525,5,2705
2022,corrected_2022_kk_051,51.0,170,0.709196569,Group 2,0.6401623832861142,0.6393606704343681,0.0012523585775701797,5,2530
2022,corrected_2022_kk_052,52.0,170,0.708650049,Group 4,0.4691826563680676,0.46599053448387906,0.006803580313259348,4,2230
2022,corrected_2022_kk_053,53.0,170,0.708335685,Group 4,0.6644574192114049,0.6615652344907639,0.004352701372608064,4,2520
2022,corrected_2022_kk_054,54.0,170,0.707270803,Group 5,0.37496086534901807,0.3746004020079442,0.0009613359003167633,5,2330
2022,corrected_2022_kk_060,60.0,170,0.707987752,Group 4,0.7035886248292973,0.7034169151195133,0.00024404844496400593,4,3385
2022,corrected_2022_kk_061,61.0,170,0.708170903,Group 4,0.6923163732399307,0.6901296744512044,0.0031585253119073725,4,3050
2022,corrected_2022_kk_062,62.0,170,0.709200022,Group 2,0.642252539976378,0.6414504371885416,0.0012488900205297744,5,2530
2022,corrected_2022_kk_063,63.0,170,0.708324794,Group 4,0.6721877910353026,0.6693148837279828,0.00427396531986246,4,2550
2022,corrected_2022_kk_064,64.0,170,0.709074187,Group 2,0.5756045162482055,0.5737636078459916,0.003198217439663384,5,2370
2022,corrected_2022_kk_065,65.0,170,0.707971146,Group 4,0.7034318289307271,0.7032563388294697,0.00024947705525946585,4,3375
2022,corrected_2022_kk_066,66.0,170,0.708017964,Group 4,0.7014807150603531,0.7006297210889514,0.0012131395106544573,4,3365
2022,corrected_2022_kk_067,67.0,170,0.708815579,Group 2,0.41546527586106097,0.41268703568238907,0.006687057475294341,5,2155
2022,corrected_2022_kk_068,68.0,170,0.707567284,Group 4,0.5891856436430472,0.5887956663250422,0.0006618920915888251,5,2980
2022,corrected_2022_kk_069,69.0,170,0.706322532,Group 5,0.5951843539973183,0.5931089999957089,0.0034869095393236372,4,2410
2022,corrected_2022_kk_070,70.0,170,0.706050058,Group 5,0.522775362859033,0.5206047627317043,0.004152070433192913,4,2260
2022,corrected_2022_kk_071,71.0,170,0.709471522,Group 2,0.8093991334316815,0.8093991334316815,0.0,5,2470
2022,corrected_2022_kk_072,72.0,170,0.708649422,Group 4,0.46927058270467054,0.46607798028230224,0.006803329550229945,4,2230
2022,corrected_2022_kk_073,73.0,171,0.710697661,Group 1,0.8981945370153818,0.8981945370153818,0.0,2,210
2022,corrected_2022_kk_074,74.0,171,0.707144974,Group 5,0.4684623159128401,0.4679593099252138,0.0010737384215124177,5,2040
2022,corrected_2022_kk_075,75.0,171,0.707100856,Group 5,0.4891689929358567,0.48863213694131996,0.0010974857406939775,5,1960
2022,corrected_2022_kk_076,76.0,171,0.708996163,Group 2,0.5396309562521899,0.5367340208950772,0.0053683639226934105,5,2355
2022,corrected_2022_kk_077,77.0,171,0.706662567,Group 5,0.6545038407239494,0.654233277145542,0.00041338730435576854,4,2275
2022,corrected_2022_kk_079,79.0,171,0.705566542,Group 6,0.5500872978678125,0.5471165954934858,0.0054004198712484935,4,1475
2022,corrected_2022_kk_080,80.0,171,0.706685179,Group 5,0.6570416888374245,0.6567641498358101,0.00042240698928165676,4,2285
2022,corrected_2022_kk_081,81.0,171,0.709271,Group 2,0.6876701717775457,0.6868996373628864,0.001120499981361122,5,2675
2022,corrected_2022_kk_082,82.0,171,0.706100676,Group 5,0.5360584253443977,0.5338994331457992,0.0040275315087369475,4,2315
2022,corrected_2022_kk_083,83.0,171,0.707984254,Group 4,0.7038066777017236,0.7036343992807128,0.0002447808843946386,4,3390
2022,corrected_2022_kk_084,84.0,171,0.708385557,Group 4,0.6396510630915537,0.6366457550152206,0.00469835547807567,4,2395
2022,corrected_2022_kk_085,85.0,171,0.709125869,Group 2,0.6020335589129601,0.6011970523228676,0.0013894683738278283,5,2370
2022,corrected_2022_kk_086,86.0,171,0.709606558,Group 2,0.841962334117301,0.841962334117301,0.0,5,2330
2022,corrected_2022_kk_087,87.0,171,0.708911254,Group 2,0.4790688561253562,0.47619038277501075,0.00600847521925384,5,2265
2022,corrected_2022_kk_088,88.0,171,0.707307924,Group 4,0.3807649191922472,0.38041313506319735,0.0009238879721275515,5,2420
2022,corrected_2022_kk_089,89.0,171,0.706091144,Group 5,0.5408028280720574,0.538595910783933,0.00408081684038514,4,2285
2022,corrected_2022_kk_090,90.0,171,0.705599295,Group 6,0.5288911163455507,0.5258760948548445,0.005700646877071543,4,1425
2022,corrected_2022_kk_092,92.0,171,0.708032056,Group 4,0.7015436808977992,0.7006740281229148,0.0012396274081914868,4,3360
2022,corrected_2022_kk_093,93.0,171,0.706276704,Group 5,0.5841412247560908,0.5820373621867465,0.003601633440993222,4,2405
2022,corrected_2022_kk_094,94.0,171,0.70656761,Group 5,0.6634455601421471,0.6620527363712003,0.002099379142198697,4,2355
2022,corrected_2022_kk_096,96.0,171,0.705304485,Group 6,0.6658323023767905,0.665264850167775,0.0008522449376363481,4,1360
2022,corrected_2022_kk_097,97.0,172,0.705956968,Group 5,0.5054877972600791,0.5033014689854927,0.004325185071602306,4,2165
2022,corrected_2022_kk_098,98.0,172,0.705104562,Group 6,0.691813036755281,0.6910980630237218,0.001033478257236424,4,1105
2022,corrected_2022_kk_099,99.0,172,0.709048676,Group 2,0.56555841919117,0.5627067409743183,0.0050422345775172905,5,2365
2022,corrected_2022_kk_100,100.0,172,0.709544138,Group 2,0.8308682761210813,0.8308682761210813,0.0,5,2415
2022,corrected_2022_kk_101,101.0,172,0.708961687,Group 2,0.5139009624965062,0.5110084295129108,0.0056285805917615705,5,2320
2022,corrected_2022_kk_102,102.0,172,0.707398788,Group 4,0.4582361420490638,0.4578715964041765,0.0007955410135421059,5,2765
2022,corrected_2022_kk_103,103.0,172,0.709791271,Group 2,0.902087083733543,0.902087083733543,0.0,5,1830
2022,corrected_2022_kk_105,105.0,172,0.707070642,Group 5,0.5066573549121135,0.506103407554989,0.0010933372460775242,5,1940
2022,corrected_2022_kk_108,108.0,172,0.710080829,Group 2,0.9050445523574118,0.9050445523574118,0.0,3,1080
2022,corrected_2022_kk_109,109.0,172,0.705216435,Group 6,0.6762593560869602,0.6755967247975293,0.0009798478697064736,4,1175
2022,corrected_2022_kk_111,111.0,172,0.705871072,Group 5,0.434294844307282,0.4322136998279128,0.0047920082557937355,4,1880
2022,corrected_2022_kk_112,112.0,172,0.706303452,Group 5,0.5877143472062247,0.585637774554078,0.0035333026359115898,4,2410
2022,corrected_2022_kk_113,113.0,172,0.709749672,Group 2,0.8956107598582752,0.8956107598582752,0.0,5,1990
2022,corrected_2022_kk_114,114.0,172,0.709325964,Group 2,0.733806407837646,0.7330289481022816,0.0010594888884321624,5,2670
2022,corrected_2022_kk_116,116.0,172,0.70869661,Group 4,0.4350248195867733,0.4320522673555769,0.006833063534213985,4,2215
2022,corrected_2022_kk_117,117.0,172,0.70886339,Group 2,0.4374730165226879,0.43462192023040663,0.0065171934830256465,5,2145
2022,corrected_2022_kk_118,118.0,172,0.705727242,Group 6,0.44334230444485195,0.44113433635836774,0.004980278363575044,4,1650
2022,corrected_2022_kk_120,120.0,172,0.709139466,Group 2,0.6082660985373367,0.6074341213788113,0.0013677848568678086,5,2390
2022,corrected_2022_kk_126,126.0,172,0.708375672,Group 4,0.6408789069943271,0.6379119819838508,0.004629462723919294,4,2420
2022,corrected_2022_kk_132,132.0,173,0.706972842,Group 5,0.5504469530036172,0.5498580369574683,0.0010698870126093158,5,1850
2022,corrected_2022_kk_137,137.0,173,0.705977241,Group 5,0.5105953761622329,0.508385876736646,0.004327300106385842,4,2165
2022,corrected_2022_kk_156,156.0,175,0.709510529,Group 2,0.8176587366731508,0.8176587366731508,0.0,5,2480
2022,corrected_2022_kk_166,166.0,175,0.708058574,Group 4,0.7045632979884975,0.7027770797573798,0.0025352132820675582,4,3330
2022,corrected_2022_kk_173,173.0,176,0.704820691,Group 6,0.6865929717840813,0.6857594368438903,0.0012140161266509016,4,810
2022,corrected_2022_kk_174,174.0,176,0.705606381,Group 6,0.5223629589926975,0.5194030889343382,0.005666309234611468,4,1445
2022,corrected_2022_kk_175,175.0,176,0.705188506,Group 6,0.6775805998118264,0.6769103495191534,0.000989181645488643,4,1165
2022,corrected_2022_kk_176,176.0,176,0.706078303,Group 5,0.5323004662174003,0.5301139571915744,0.00410765942281354,4,2275
2022,corrected_2022_kk_177,177.0,176,0.708725815,Group 4,0.39651542425192027,0.3938158909532995,0.006808141962481735,4,2210
2022,corrected_2022_kk_178,178.0,176,0.707344916,Group 4,0.4127346865343218,0.41237892368380363,0.0008619649913736123,5,2590
2022,corrected_2022_kk_179,179.0,176,0.709302704,Group 2,0.7121162782061632,0.7113448879795693,0.0010832363340115426,5,2680
2022,corrected_2022_kk_180,180.0,176,0.705512385,Group 6,0.5818467592334393,0.5804399713891932,0.002417797851275202,4,1470
2022,corrected_2022_kk_181,181.0,176,0.707616382,Group 4,0.6105558468918849,0.6103326680602197,0.0003655338537847242,5,3075
2022,corrected_2022_kk_182,182.0,176,0.70679627,Group 5,0.6399856662737967,0.639672889015509,0.0004887254117874534,5,2180
2022,corrected_2022_kk_183,183.0,176,0.706894096,Group 5,0.5758379297774268,0.5755198620598717,0.0005523563160869903,5,2045
2022,corrected_2022_kk_184,184.0,176,0.708579494,Group 4,0.5279933651794981,0.5246199719309401,0.0063890826495731,4,2370
2022,corrected_2022_kk_185,185.0,176,0.70619384,Group 5,0.5640920072705233,0.5619140492274617,0.003860997877988133,4,2335
2022,corrected_2022_kk_193,193.0,177,0.708639144,Group 4,0.48058222551418744,0.47736396919475105,0.006696577918571785,4,2270
2022,corrected_2022_kk_194,194.0,177,0.706097358,Group 5,0.5377572242780582,0.5355739993091265,0.004059871016819332,4,2295
2022,corrected_2022_kk_195,195.0,177,0.707077128,Group 5,0.5029080444158822,0.5023554106633787,0.001098876342583382,5,1935
2022,corrected_2022_kk_196,196.0,177,0.708072048,Group 4,0.7008498523422734,0.6990363646055578,0.0025875552811414795,4,3325
2022,corrected_2022_kk_197,197.0,177,0.70526916,Group 6,0.6729477510110016,0.6723344673421998,0.0009113392055778189,4,1270
2022,corrected_2022_kk_198,198.0,177,0.705741609,Group 6,0.43140725998806534,0.42926589360490996,0.004963677206578825,4,1675
2022,corrected_2022_kk_199,199.0,177,0.707370731,Group 4,0.43483791564373986,0.4344783004657617,0.0008270097087688507,5,2685
2022,corrected_2022_kk_211,211.0,177,0.70664846,Group 5,0.656115412093794,0.6558522781741499,0.00040104822230036663,4,2315
2022,corrected_2022_kk_212,212.0,177,0.709343055,Group 2,0.747573482799553,0.7467884752364558,0.0010500741146644427,5,2635
2022,corrected_2022_kk_214,214.0,177,0.708478949,Group 4,0.5905319996682561,0.586855032681154,0.006226533006116007,4,2320
2022,corrected_2022_kk_215,215.0,177,0.706006877,Group 5,0.5167073607742805,0.5145068461553504,0.004258725123699948,4,2205
2022,corrected_2022_kk_216,216.0,177,0.709181169,Group 2,0.6316600084902555,0.6308489392479396,0.0012840281661244044,5,2490
2022,corrected_2022_kk_217,217.0,177,0.706617944,Group 5,0.6580048881549271,0.6577539035016134,0.0003814328097430471,4,2355
2022,corrected_2022_kk_218,218.0,177,0.708621706,Group 4,0.49451061503868554,0.49125437097843244,0.00658478091516476,4,2310
2022,corrected_2022_kk_219,219.0,177,0.705620993,Group 6,0.5095844770403338,0.5067308090565732,0.00559999001605127,4,1485
2022,corrected_2022_kk_200,200.0,178,0.709207266,Group 2,0.6454530151840077,0.6446529528343333,0.0012395361565492868,5,2535
2022,corrected_2022_kk_202,202.0,178,0.706782282,Group 5,0.6503609358519699,0.6500492310997138,0.000479279635465498,5,2200
2022,corrected_2022_kk_204,204.0,178,0.705566541,Group 6,0.5500873756148514,0.5471166752947839,0.005400415373552391,4,1475
2022,corrected_2022_kk_205,205.0,178,0.705335709,Group 6,0.6468675281288614,0.6463515674628065,0.0007976295665163021,4,1450
2022,corrected_2022_kk_206,206.0,178,0.709197817,Group 2,0.6403400036011128,0.6395388691438593,0.0012511079313304381,5,2530
2022,corrected_2022_kk_207,207.0,178,0.707105383,Group 5,0.48672389357330065,0.48619339477540185,0.001089937857794821,5,1980
2022,corrected_2022_kk_208,208.0,178,0.707911167,Group 4,0.7018608634619489,0.7016740490744721,0.0002661701160473939,5,3385
2022,corrected_2022_kk_209,209.0,178,0.707601702,Group 4,0.6061949159819231,0.6059701298989976,0.00037081486003799846,5,3050
2022,corrected_2022_kk_210,210.0,178,0.708027402,Group 4,0.7026061547658436,0.7017409974714269,0.0012313545626498749,4,3360
2022,corrected_2022_kk_213,213.0,178,0.708432239,Group 4,0.6105203523409406,0.6068283111463585,0.006047367922175864,4,2320
2022,corrected_2022_kk_230,230.0,178,0.709772217,Group 2,0.8979708322741363,0.8979708322741363,0.0,5,1890
2022,corrected_2022_kk_231,231.0,178,0.707823896,Group 4,0.6748470519194681,0.6746539109469,0.00028619962407597585,5,3445
2022,corrected_2022_kk_233,233.0,178,0.707578229,Group 4,0.593865917265212,0.5934799148497748,0.0006499824357908651,5,3010
2022,corrected_2022_kk_234,234.0,178,0.706210791,Group 5,0.5718809019388258,0.5696989305172117,0.0038154297760542794,4,2345
2022,corrected_2022_kk_235,235.0,178,0.708374952,Group 4,0.6409919294284337,0.6380258730390366,0.004627291317134155,4,2420
2022,corrected_2022_kk_236,236.0,178,0.70629783,Group 5,0.5891705529627073,0.5870809784238086,0.0035466377747344104,4,2410
2022,corrected_2022_kk_237,237.0,178,0.70895668,Group 2,0.5096507780280902,0.506768303359018,0.005655783908002342,5,2320
2022,corrected_2022_kk_238,238.0,178,0.706282016,Group 5,0.5850920095484302,0.5829953493637215,0.003583470890889236,4,2410
2022,corrected_2022_kk_239,239.0,178,0.709272989,Group 2,0.689932052797992,0.689161653114929,0.0011166312391758138,5,2680
2022,corrected_2022_kk_242,242.0,178,0.705597461,Group 6,0.5290248626796009,0.5260132418945396,0.005692777405218765,4,1425
2022,corrected_2022_kk_244,244.0,178,0.707925337,Group 4,0.699802645620418,0.699620285634084,0.0002605877349498342,5,3410
2022,corrected_2022_kk_245,245.0,178,0.710181773,Group 2,0.8904813382229162,0.8904813382229162,0.0,2,925
2022,corrected_2022_kk_246,246.0,178,0.705590576,Group 6,0.5352623925957775,0.5322312242831977,0.005662957746536303,4,1425
2022,corrected_2022_kk_247,247.0,178,0.705465327,Group 6,0.6036153592627317,0.6031859620358396,0.000711375580993311,4,1510
2022,corrected_2022_kk_220,220.0,179,0.705160728,Group 6,0.683637019812241,0.6829501176588599,0.0010047761216467055,4,1145
2022,corrected_2022_kk_221,221.0,179,0.705799282,Group 6,0.4087158730871752,0.40673420025870594,0.004848534052521602,4,1790
2022,corrected_2022_kk_222,222.0,179,0.706665154,Group 5,0.6544483954902217,0.6541770594853481,0.00041460259776522195,4,2275
2022,corrected_2022_kk_223,223.0,179,0.709969428,Group 2,0.9318554301283143,0.9318554301283143,0.0,4,1360
2022,corrected_2022_kk_224,224.0,179,0.707242339,Group 5,0.39928859675252754,0.39889544177145286,0.0009846386405028002,5,2275
2022,corrected_2022_kk_226,226.0,179,0.70923823,Group 2,0.6632402745916822,0.6624560224915051,0.0011824554844167925,5,2600
2022,corrected_2022_kk_227,227.0,179,0.705171731,Group 6,0.6799699217807895,0.6792942274229076,0.0009937121279017316,4,1160
2022,corrected_2022_kk_228,228.0,179,0.706177981,Group 5,0.5547279783689597,0.5525552142021601,0.0039168101331180484,4,2315
2022,corrected_2022_kk_229,229.0,179,0.705182999,Group 6,0.6799497169035271,0.6792745171035542,0.0009930143114813175,4,1160
2022,corrected_2022_kk_240,240.0,179,0.706346734,Group 5,0.6029856901187007,0.6008961052546392,0.003465397103619812,4,2375
2022,corrected_2022_kk_241,241.0,179,0.705587407,Group 6,0.5366154915441572,0.5336098859236958,0.0056010414679092966,4,1440
2022,corrected_2022_kk_258,258.0,179,0.708334057,Group 4,0.6651963171489096,0.6623092564528725,0.004340163379754294,4,2525
2022,corrected_2022_kk_259,259.0,179,0.709232894,Group 2,0.6593422260789047,0.6585551981253894,0.0011936562264421393,5,2585
2022,corrected_2022_kk_286,286.0,179,0.705388632,Group 6,0.6280645145964822,0.6275895317695369,0.0007562643898938285,4,1495
2022,corrected_2022_kk_287,287.0,179,0.709530308,Group 2,0.8256928719429792,0.8256928719429792,0.0,5,2455
2022,corrected_2022_kk_288,288.0,179,0.707745095,Group 4,0.6537481661430737,0.6535431255385703,0.0003136385157500397,5,3345
2022,corrected_2022_kk_289,289.0,179,0.705747306,Group 6,0.42830395869339305,0.4262066416645047,0.004896795806619542,4,1710
2022,corrected_2022_kk_248,248.0,180,0.709127668,Group 2,0.6029553096521216,0.6021199158627616,0.0013854986861994078,5,2375
2022,corrected_2022_kk_249,249.0,180,0.705797813,Group 6,0.40889958085156963,0.40691840067268203,0.004845150916422041,4,1790
2022,corrected_2022_kk_250,250.0,180,0.706371649,Group 5,0.611552966328509,0.6094587584249048,0.0034244096896084526,4,2350
2022,corrected_2022_kk_251,251.0,180,0.705609304,Group 6,0.5205425103813931,0.5176113447310866,0.005630982276853416,4,1460
2022,corrected_2022_kk_252,252.0,180,0.709578814,Group 2,0.8386971128660882,0.8386971128660882,0.0,5,2365
2022,corrected_2022_kk_253,253.0,180,0.706230251,Group 5,0.5737305092594257,0.5715934835711555,0.0037247900430269036,4,2385
2022,corrected_2022_kk_255,255.0,180,0.705753696,Group 6,0.4258699552346944,0.42379674833688086,0.004868168961745564,4,1730
2022,corrected_2022_kk_256,256.0,180,0.708668753,Group 4,0.4533672215320682,0.4502930339407783,0.006780789270343124,4,2240
2022,corrected_2022_kk_257,257.0,180,0.708669535,Group 4,0.4541188453619557,0.4510337678833889,0.006793546469334097,4,2235
2022,corrected_2022_kk_260,260.0,180,0.706641416,Group 5,0.6580617832043326,0.6578013980839486,0.0003956849144408084,4,2330
2022,corrected_2022_kk_282,282.0,180,0.705993497,Group 5,0.5149977950040123,0.5127697856768798,0.004326250226207463,4,2165
2022,corrected_2022_kk_283,283.0,180,0.70680449,Group 5,0.6351804982002535,0.6348655923234098,0.0004957738433972197,5,2160
2022,corrected_2022_kk_284,284.0,180,0.709778315,Group 2,0.8993265379831162,0.8993265379831162,0.0,5,1870
2022,corrected_2022_kk_285,285.0,180,0.709705741,Group 2,0.8891329385743224,0.8891329385743224,0.0,5,2110
2022,corrected_2022_kk_296,296.0,180,0.709786725,Group 2,0.9003147469389825,0.9003147469389825,0.0,5,1840
2022,corrected_2022_kk_298,298.0,180,0.707293225,Group 4,0.372661418348408,0.3723104397460786,0.0009418163111301695,5,2375
2022,corrected_2022_kk_299,299.0,180,0.707168769,Group 5,0.46039052405976255,0.4598933707580871,0.001079851290794378,5,2035
2022,corrected_2022_kk_300,300.0,180,0.708533639,Group 4,0.5549604946046157,0.5514821421053654,0.006267747944344212,4,2380
2022,corrected_2022_kk_301,301.0,180,0.705731303,Group 6,0.4407132684408732,0.4385235547132516,0.004968567738766318,4,1660
2022,corrected_2022_kk_291,291.0,181,0.709553271,Group 2,0.8328409704868707,0.8328409704868707,0.0,5,2410
2022,corrected_2022_kk_292,292.0,181,0.707292629,Group 4,0.372586725684076,0.37223576983836704,0.0009419440401817725,5,2375
2022,corrected_2022_kk_294,294.0,181,0.706496491,Group 5,0.6645280895460628,0.6625451215322407,0.002984024370101022,4,2370
2022,corrected_2022_kk_297,297.0,181,0.706474164,Group 5,0.6512608980539056,0.6492957524621534,0.003017447535426293,4,2415
2022,corrected_2022_kk_310,310.0,181,0.70797538,Group 4,0.7039518481615551,0.703777302983799,0.0002479504503211797,4,3380
2022,corrected_2022_kk_305,305.0,182,0.708529731,Group 4,0.5575935293343559,0.5540922315538271,0.006279301312388959,4,2370
2022,corrected_2022_kk_306,306.0,182,0.705358555,Group 6,0.6439531155223367,0.643446616895453,0.0007865458131572478,4,1455
2022,corrected_2022_kk_307,307.0,182,0.706428052,Group 5,0.6328698215835005,0.630815831247755,0.003245517902253754,4,2350
2022,corrected_2022_kk_308,308.0,182,0.707761256,Group 4,0.6594094409352413,0.6592062977949276,0.00030806829217630625,5,3365
2022,corrected_2022_kk_309,309.0,182,0.708199222,Group 4,0.6913803534085722,0.6890708553203189,0.0033404161354415214,4,2965
2022,corrected_2022_kk_314,314.0,182,0.709489157,Group 2,0.8116241203846589,0.8116241203846589,0.0,5,2485
2022,corrected_2022_kk_317,317.0,182,0.705550818,Group 6,0.5622240561816262,0.5591683468030224,0.005435038477998914,4,1440
2022,corrected_2022_kk_320,320.0,182,0.70619993,Group 5,0.5677358096203239,0.5655578018517098,0.003836305076600175,4,2345
2022,corrected_2022_kk_322,322.0,182,0.705282463,Group 6,0.666293977204733,0.6657004122181824,0.0008908454929170909,4,1300
2022,corrected_2022_kk_323,323.0,182,0.708838936,Group 2,0.42099745352315215,0.4182367285973068,0.0065575810559945396,5,2170
2022,corrected_2022_kk_313,313.0,183,0.705759589,Group 6,0.42519274732455636,0.42311599323259597,0.004884265089251918,4,1730
2022,corrected_2022_kk_315,315.0,183,0.707874644,Group 4,0.6923976004496366,0.692207109068832,0.0002751184878181774,5,3405
2022,corrected_2022_kk_316,316.0,183,0.705568142,Group 6,0.5458993680057268,0.5429391374564199,0.005422667111927969,4,1470
2022,corrected_2022_kk_321,321.0,183,0.706346433,Group 5,0.602979913106437,0.6008898556316306,0.003466214096650112,4,2375
2022,corrected_2022_kk_324,324.0,183,0.705994469,Group 5,0.5160671071239342,0.5138387780619371,0.004317905619708374,4,2170
2022,corrected_2022_kk_325,325.0,183,0.705058767,Group 6,0.6867757786716407,0.6860429878208384,0.0010670015943482472,4,1055
2022,corrected_2022_kk_327,327.0,184,0.706727887,Group 5,0.6576829430396873,0.6573921049931012,0.00044221619195698714,4,2280
2022,corrected_2022_kk_328,328.0,185,0.705797039,Group 6,0.4089952940676923,0.4070143850865917,0.004843353969673696,4,1790
2022,corrected_2022_kk_329,329.0,185,0.705764849,Group 6,0.42459041864277847,0.42251056697477585,0.004898489406922863,4,1730
2022,corrected_2022_kk_330,330.0,185,0.709089598,Group 2,0.5784792107279914,0.5766403000866862,0.003178870747992799,5,2340
2022,corrected_2022_kk_331,331.0,185,0.707252059,Group 5,0.3928504253735805,0.3924654354971295,0.0009799909878801423,5,2285
2022,corrected_2022_kk_333,333.0,185,0.707527455,Group 4,0.5617261888602857,0.5613319939921473,0.0007017562576852042,5,2895
2022,corrected_2022_kk_334,334.0,185,0.705291067,Group 6,0.6629896452460896,0.6624060823738841,0.0008801990745857165,4,1315
2022,corrected_2022_kk_335,335.0,185,0.709275817,Group 2,0.6912572167324915,0.6904898063662612,0.0011101661547314508,5,2690
2022,corrected_2022_kk_336,336.0,185,0.706435493,Group 5,0.6406909691654763,0.638652255621324,0.003182054441641049,4,2385
2022,corrected_2022_kk_337,337.0,185,0.705202089,Group 6,0.6728702142695676,0.6722099145359199,0.0009813181199651855,4,1175
2022,corrected_2022_kk_338,338.0,185,0.704854193,Group 6,0.6863345676436874,0.6854993456576631,0.0012169312539389004,4,825
2022,corrected_2022_kk_343,343.0,187,0.706764824,Group 5,0.6575079712615373,0.657198930273177,0.0004700186185839889,4,2210
2022,corrected_2022_kk_344,344.0,187,0.70777509,Group 4,0.6632935883983581,0.6630918452285078,0.000304153655905779,5,3370
2022,corrected_2022_kk_345,345.0,187,0.70574907,Group 6,0.4270731130134955,0.42498468939821477,0.0048900845116295714,4,1715
2022,corrected_2022_kk_347,347.0,187,0.705878502,Group 5,0.4411391524933955,0.43906571548387935,0.004700188132920713,4,1930
2022,corrected_2022_kk_348,348.0,187,0.707837301,Group 4,0.6810800317698641,0.6808870810900969,0.0002833010377146765,5,3435
2022,corrected_2022_kk_349,349.0,188,0.709359029,Group 2,0.7634768402060996,0.7626816296820946,0.001041564697352537,5,2600
2022,corrected_2022_kk_351,351.0,189,0.707112371,Group 5,0.4808273233469635,0.4803032182611234,0.0010900068702250172,5,1985
2022,corrected_2022_kk_352,352.0,189,0.707095242,Group 5,0.4949524655993743,0.4944068631571305,0.001102333012086404,5,1945
2022,corrected_2022_kk_353,353.0,189,0.706864544,Group 5,0.5983253857133762,0.5980085295773454,0.0005295716070161686,5,2105
2022,corrected_2022_kk_354,354.0,189,0.707346476,Group 4,0.414535436978195,0.41417835137782216,0.0008614115188217381,5,2590
2022,corrected_2022_kk_355,355.0,189,0.707778965,Group 4,0.6644515184502668,0.6642498496629805,0.00030351166591771736,5,3365
2022,corrected_2022_kk_356,356.0,189,0.705664787,Group 6,0.47833149590751367,0.47560686155672627,0.005696121568616528,4,1505
2022,corrected_2022_kk_357,357.0,189,0.705674773,Group 6,0.4734894551525276,0.47079849707634386,0.005683248162975284,4,1520
2022,corrected_2022_kk_358,358.0,189,0.708365407,Group 4,0.6481200695727033,0.6451450200429927,0.00459027527364185,4,2425
2022,corrected_2022_kk_360,360.0,190,0.705927968,Group 5,0.4796008517181823,0.47750703523444893,0.004365748051180948,4,2135
2022,corrected_2022_kk_361,361.0,190,0.708593356,Group 4,0.5143526591115807,0.5110135921302705,0.006491785202544918,4,2335
2022,corrected_2022_kk_363,363.0,190,0.708078617,Group 4,0.7012257135184797,0.6993809502953895,0.0026307695047775377,4,3295
2022,corrected_2022_kk_364,364.0,191,0.707434141,Group 4,0.48575143520645786,0.4853771844496991,0.0007704573360646856,5,2805
2022,corrected_2022_kk_365,365.0,191,0.709297344,Group 2,0.7071302589743638,0.7063645839439994,0.0010827920607936969,5,2700
2022,corrected_2022_kk_370,370.0,191,0.705824949,Group 5,0.4009945112827817,0.3990322680635394,0.004893441590921149,4,1795
2022,corrected_2022_kk_371,371.0,191,0.706187354,Group 5,0.5611651341480421,0.5589880214936146,0.0038796292248855324,4,2330
2022,corrected_2022_kk_372,372.0,191,0.709296885,Group 2,0.7070685335397728,0.7063025592569057,0.0010833098158568458,5,2700
2022,corrected_2022_kk_368,368.0,192,0.708132941,Group 4,0.6930698795893399,0.6910616616848455,0.002897569153754384,4,3200
2022,corrected_2022_kk_369,369.0,192,0.70738595,Group 4,0.4515704292789461,0.451205452699896,0.0008082384394233055,5,2735
2022,corrected_2022_kk_376,376.0,192,0.706948127,Group 5,0.5517841818172429,0.5514496112009261,0.0006063432540144027,5,1885
2022,corrected_2022_kk_374,374.0,193,0.709483814,Group 2,0.8109247716351342,0.8109247716351342,0.0,5,2480
2022,corrected_2022_kk_378,378.0,193,0.705967802,Group 5,0.5081114619876487,0.5059255216889629,0.004302088148405128,4,2180
2022,corrected_2022_kk_379,379.0,194,0.709307138,Group 2,0.7159332674898827,0.7151578492632227,0.0010830872958017632,5,2665
2022,corrected_2022_kk_380,380.0,198,0.705256281,Group 6,0.6777134307101313,0.6770776346253391,0.0009381488634895437,4,1230
2022,corrected_2022_kk_381,381.0,198,0.708276695,Group 4,0.6896679310375288,0.686941887450615,0.003952690076241022,4,2665
2022,corrected_2022_kk_382,382.0,199,0.707377958,Group 4,0.444069008670559,0.4437064250693304,0.0008165028275989745,5,2715
2022,corrected_2022_kk_383,383.0,202,0.709080808,Group 2,0.5794708945165244,0.5776210022097175,0.0031923817474049506,5,2355
2022,corrected_2022_kk_384,384.0,203,0.70582432,Group 5,0.4009067782724378,0.398945479645781,0.004892156314014823,4,1795
