year,fish_id,oto_num,DOY,total_assigned_km,dominant_group,Group 1,Group 2,Group 3,Group 4,Group 5,Group 6,Outside groups
2017,2017_kk_003,3.0,158,8468.202902840216,Group 5,0.0,0.0,10.11566028228089,4.0893196616417224,55.93510162486419,29.637192515362187,0.2227259158510151
2017,2017_kk_004,4.0,160,5221.371773221804,Group 2,18.34871275858718,81.04576407845431,0.6055231629585961,0.0,0.0,0.0,-8.526512829121202e-14
2017,2017_kk_005,5.0,161,13324.632307116062,Group 4,0.0,10.421449361252078,8.415121879416287,65.85388237085618,12.777843177122689,2.4582423284237644,0.07346088292899822
2017,2017_kk_006,6.0,161,12251.039759089901,Group 2,2.315953104748944,84.5789630478225,7.003544118078669,4.296797358518776,1.8047423708311428,0.0,-2.842170943040401e-14
2017,2017_kk_007,7.0,162,8871.484930612796,Group 5,0.0,0.0,5.390322686153773,7.285998539392173,66.04035345046539,21.070724134684056,0.21260118930460692
2017,2017_kk_008,8.0,162,2521.853367223583,Group 1,52.64100328655815,47.35899671344187,0.0,0.0,0.0,0.0,-2.842170943040401e-14
2017,2017_kk_009,9.0,162,8468.829173973518,Group 5,0.0,0.0,10.11491222775069,4.089017255865633,56.11337606785673,29.459985003289376,0.22270944523756953
2017,2017_kk_012,12.0,162,9992.42435725069,Group 4,0.0,8.703492638610287,10.574349929534934,44.67936401359817,30.754810469297162,5.134381476270692,0.15360147268874869
2017,2017_kk_010,10.0,163,12076.289585188679,Group 4,0.0,22.790547494868605,8.053187081201735,65.5699236445071,3.2126086425878246,0.0,0.37373313683472986
2017,2017_kk_011,11.0,163,7650.485510972564,Group 5,0.0,1.0811834202988355,10.406518101231068,28.540720297131095,49.551451437528385,10.219505346017886,0.20062139779273025
2017,2017_kk_013,13.0,164,10733.678323883327,Group 4,0.0,40.50479685418173,12.594133477487135,43.37328941960336,3.1072990817120316,0.0,0.4204811670157511
2017,2017_kk_014,14.0,164,10903.056793331702,Group 2,0.32946917817111604,52.925653280302875,11.916881564944685,31.043708076944643,3.3703388875799876,0.0,0.41394901205669044
2017,2017_kk_015,15.0,165,2341.9895090294426,Group 1,66.83031108611029,33.16968891388976,0.0,0.0,0.0,0.0,-4.263256414560601e-14
2017,2017_kk_016,16.0,165,12532.156059960289,Group 2,2.2640025731180464,83.60327815282906,7.157966930728299,4.981064235248903,1.993688108075688,0.0,0.0
2017,2017_kk_017,17.0,165,13736.627150827484,Group 4,0.0,10.49048419987528,8.099630816271896,66.97505373046523,12.190876730008194,2.1726969109220255,0.07125761245735873
2017,2017_kk_019,19.0,166,13527.435489890446,Group 2,1.6744983520106556,79.50278629254635,7.676991612662501,8.912131295308685,2.1305499876623997,0.0,0.10304245980940152
2017,2017_kk_020,20.0,166,3738.415553043177,Group 6,0.0,0.0,7.524725716988826,2.28939183224054,24.120619473428302,65.82107477532125,0.24418820202107838
2017,2017_kk_021,21.0,166,11953.816962785835,Group 2,1.144361550129842,62.739768719324495,10.572641949526918,22.137497997000917,3.0281675708730296,0.0,0.3775622131447989
2017,2017_kk_022,22.0,166,13099.56765085607,Group 2,1.8689302565239299,81.63575526780458,7.182637936221747,7.203321395820225,2.002947034221418,0.0,0.10640810940809331
2017,2017_kk_023,23.0,166,10694.882835670109,Group 2,0.33588223606069284,49.567970878379256,12.140803738284696,34.09739476896836,3.4359419236925697,0.0,0.42200645461443287
2017,2017_kk_024,24.0,167,6578.819292269051,Group 5,0.0,0.0,12.120383458075063,5.689162894070009,49.046643003891205,32.857119649218994,0.28669099474473114
2017,2017_kk_025,25.0,167,12095.236813745627,Group 2,1.130981453290435,64.74560717458681,10.707119691469776,20.05038234875872,2.9927616492570546,0.0,0.3731476826372244
2017,2017_kk_026,26.0,167,16523.020245947577,Group 4,0.0,12.002675229817042,6.035479959654006,72.38282435408556,9.146664620699001,0.37311489556438815,0.05924094018001824
2017,2017_kk_027,27.0,167,1613.7010786748965,Group 1,97.94534550780453,2.0546544921954384,0.0,0.0,0.0,0.0,2.842170943040401e-14
2017,2017_kk_028,28.0,167,7597.844566508809,Group 5,0.0,1.0886742969395558,10.478618673522675,29.361034232968258,48.579351194279674,10.290310218196783,0.20201138409306907
2017,2017_kk_029,29.0,167,12733.483194982726,Group 2,2.2282067783029342,83.25002804500534,7.232220664160695,5.327378299036821,1.9621662134942166,0.0,0.0
2017,2017_kk_030,30.0,169,15159.740482179555,Group 4,0.0,15.780305409067138,6.044596040592112,73.18452803622661,4.784801202701939,0.0,0.20576931141219745
2017,2017_kk_031,31.0,169,8080.644917380687,Group 5,0.0,1.023628457415402,10.287635106450706,32.48343727311176,47.10741701861423,8.907940485951485,0.1899416584564193
2017,2017_kk_032,32.0,169,11674.366228879555,Group 2,1.1717542726783967,59.16886572552006,11.412520758028213,24.55579850146207,3.3044607762391967,0.0,0.3865999660720689
2017,2017_kk_033redo,33.0,170,3738.415553043177,Group 6,0.0,0.0,7.524725716988826,2.28939183224054,24.120619473428302,65.82107477532125,0.24418820202107838
2017,2017_kk_034,34.0,170,13899.066581131368,Group 2,1.6297258742182519,76.76032714123818,8.001944255103952,11.434131731159802,2.0735836718140255,0.0,0.10028732646580352
2017,2017_kk_035,35.0,170,11424.252016790577,Group 4,0.0,31.209394408753354,10.62053903134573,53.96283583152572,3.8121668256037697,0.0,0.395063902771426
2017,2017_kk_036redo,36.0,170,5531.508488378297,Group 6,0.0,0.0,9.533410023163382,3.770943547204137,34.96652610027393,51.56408813710518,0.16503219225336352
2017,2017_kk_036redoa,36.0,170,5744.514192012445,Group 6,0.0,0.0,12.986420854781114,4.14346604737494,40.007898270076566,42.374973413455386,0.4872414143119954
2017,2017_kk_037redo,37.0,170,13104.683046677423,Group 4,0.0,17.68255890207782,7.061144118123076,72.35534685067472,2.6629123720038947,0.0,0.23803775712048036
2017,2017_kk_037redoa,37.0,170,16631.889583506967,Group 4,0.0,13.422629441602375,5.341797586072117,73.98144222252726,7.115901999512779,0.0,0.13822875028546378
2017,2017_kk_038,38.0,170,7743.786191781097,Group 5,0.0,0.3140024259555042,5.9963024865572905,11.205507662112494,59.66261134246813,22.749775050536797,0.07180103236977686
2017,2017_kk_039,39.0,170,10606.406109512965,Group 4,0.0,9.693672794374988,10.292677997334374,47.1769876124353,28.29951188383643,4.392439894088335,0.14470981793056126
2017,2017_kk_040,40.0,170,8458.715491539617,Group 5,0.0,0.0,10.127006145582609,4.09390629865634,55.997839201956914,29.55827262551137,0.22297572829276646
2017,2017_kk_041redo,41.0,170,5336.210209744363,Group 6,0.0,0.0,6.382675537844047,2.291049745103506,35.33847541108081,55.81672715243498,0.17107215353665595
2017,2017_kk_041redoa,41.0,170,5615.099984929647,Group 6,0.0,0.0,9.391486991834878,3.71480584433732,34.445982520681675,52.28514927053385,0.16257537261228094
2017,2017_kk_042redo,42.0,170,12891.007339559825,Group 2,2.2009787768405555,82.49488222319187,7.2734776151357465,5.912256140595638,2.0102755852363337,0.0,0.10812965899985727
2017,2017_kk_043,43.0,170,8831.990137299827,Group 5,0.0,0.0,9.717836155295611,4.252413084828042,56.32056262598745,29.495636236997345,0.21355189689155907
2017,2017_kk_045,45.0,170,16713.017728845796,Group 4,0.0,12.959941649572096,5.080959491897455,74.15702979241587,7.743501590757098,0.0,0.05856747535749207
2017,2017_kk_047,47.0,170,15932.102704242256,Group 4,0.0,12.095032842717254,7.258309184571657,69.39288996313155,9.848303619631638,1.3440262187186562,0.061438171229255545
2017,2017_kk_048,48.0,170,11361.278022164415,Group 4,0.0,10.348702504952835,9.459551793804055,53.20704378025495,23.381207859319765,3.468399128333271,0.13509493333511102
2017,2017_kk_048redo,48.0,170,7924.217146544649,Group 5,0.0,0.0,11.021721501167017,4.948321619401506,54.478641032148246,29.31330012758923,0.2380157196940047
2017,2017_kk_049redo,49.0,170,4862.071913654033,Group 6,0.0,0.0,7.617863469706288,2.514467753247525,27.44499157881472,62.23492247380179,0.18775472442968066
2017,2017_kk_050,50.0,171,13380.058820225553,Group 2,1.3298939534465397,70.9170596505615,10.441258124410917,14.776173471252399,2.4314373638524542,0.0,0.10417743647617783
2017,2017_kk_051,51.0,171,11035.046857805833,Group 2,0.3255284012419919,53.63728474282823,11.96583739187253,30.33232538706652,3.3300263041534226,0.0,0.40899777283731
2017,2017_kk_052,52.0,171,16773.377204774595,Group 4,0.0,12.913304930175281,5.290955567547084,74.02174640406398,7.715636379585498,0.0,0.058356718628147064
2017,2017_kk_053redo,53.0,171,16444.00138524927,Group 4,0.0,11.957854184115282,7.083082286881898,69.99601010545301,9.601340876633397,1.3021869344421368,0.05952561247427468
2017,2017_kk_054,54.0,171,9586.624191758112,Group 2,5.285326104861091,89.53053834845966,3.187476961226282,1.1143628006709552,0.8822957847819655,0.0,5.684341886080802e-14
2017,2017_kk_055,55.0,171,6512.643674968843,Group 5,0.0,0.0,12.243539874621556,5.751228768902399,48.33031647191417,33.38531079422976,0.2896040903321193
2017,2017_kk_056,56.0,171,8542.704924961588,Group 2,7.921537466349311,88.56582366218238,2.5038858038753666,0.4560768397399046,0.5526762278531151,0.0,-7.105427357601002e-14
2017,2017_kk_057redo,57.0,172,10306.307301454619,Group 2,0.0,43.05032153892241,13.26019448440233,40.13057361434729,3.120993128154169,0.0,0.4379172341737956
2017,2017_kk_058,58.0,172,8944.609003849811,Group 5,0.0,0.0,9.313107693042513,4.092062914999117,57.598127396865785,28.785838865543134,0.21086312954946607
2017,2017_kk_059,59.0,172,8860.962824960165,Group 5,0.0,0.0,9.401022052632918,4.130691383866127,58.14184520305899,28.113587714127647,0.21285364631431491
2017,2017_kk_060redo,60.0,172,7457.898501735283,Group 5,0.0,0.0,11.22676079726109,4.775234036385399,52.82236060454228,30.922746477088324,0.25289808472290076
2017,2017_kk_061,61.0,172,16455.67963690551,Group 4,0.0,13.647881546674896,4.963233943136255,74.24118617387951,6.958134038204657,0.0,0.18956429810467057
2017,2017_kk_062redo,62.0,172,7716.251591010787,Group 2,8.76997805591062,87.78154529410325,2.7063262957386254,0.5049251983367001,0.23722515591086574,0.0,-5.684341886080802e-14
2017,2017_kk_063,63.0,172,8843.429652756551,Group 5,0.0,3.3103398324281774,10.312604500131945,39.035161146340755,39.98774004761538,7.18059611917197,0.17355835431176558
2017,2017_kk_064,64.0,172,16503.642110377277,Group 4,0.0,12.016768450347037,6.194442007772183,71.92356683362894,9.432359211838143,0.37355299710471407,0.05931049930899235
2017,2017_kk_066,66.0,172,8794.58772984224,Group 5,0.0,0.0,9.560268294787278,4.347303264484273,58.34234046332622,27.53562786794782,0.2144601094544072
2017,2017_kk_067redo,67.0,173,3541.3388771549835,Group 6,0.0,0.0,5.244506413450245,2.066245164040486,26.052485155196937,66.37898591135402,0.25777735595831075
2017,2017_kk_068,68.0,173,11833.784514785555,Group 4,0.0,21.868397868425628,8.21821786215404,66.4965177662385,3.03547460084002,0.0,0.38139190234181797
2017,2017_kk_069,69.0,173,13098.77890095484,Group 2,1.3584517653382102,69.3613583753632,10.074475630612598,16.40946484275531,2.689834869101931,0.0,0.10641451682874958
2017,2017_kk_070,70.0,173,10079.224980424284,Group 2,4.727716628807815,89.3282663109582,3.8661794111548,1.0599006772897537,1.0179369717893831,0.0,5.684341886080802e-14
2017,2017_kk_071,71.0,173,9031.061109455568,Group 4,0.0,3.615165161181122,10.088681520695477,41.21311662309092,38.13834914094899,6.774735089096014,0.16995246498747463
2017,2017_kk_072,72.0,173,33.85467010915,Group 1,99.99999999999997,0.0,0.0,0.0,0.0,0.0,2.842170943040401e-14
2017,2017_kk_073,73.0,173,5793.361215899792,Group 5,0.0,0.0,13.971218811060565,6.062909376092077,42.54505787033782,37.09525367156179,0.3255602709477472
2017,2017_kk_074redo,74.0,173,8148.7479446836405,Group 2,8.304509795421978,88.36779168891461,2.624937933227228,0.47812619698819997,0.22463438544804135,0.0,-5.684341886080802e-14
2017,2017_kk_075,75.0,173,12733.483194982726,Group 2,2.2282067783029342,83.25002804500534,7.232220664160695,5.327378299036821,1.9621662134942166,0.0,0.0
2017,2017_kk_076,76.0,174,8605.155192958016,Group 5,0.0,0.0,6.981347974038115,6.32963739133737,63.09615078463511,23.3736826493191,0.219181200670306
2017,2017_kk_077,77.0,174,13264.623065243468,Group 2,1.3414673929485232,69.63073040314242,10.349612401110637,16.016872811617574,2.5562329476361674,0.0,0.10508404354469292
2017,2017_kk_078,78.0,174,12818.085108676622,Group 2,2.2135001699482637,82.7727980811824,7.234777525899213,5.648467347385328,2.021712065734208,0.0,0.10874480985059165
2017,2017_kk_079,79.0,174,13147.451583006741,Group 2,1.8621234826763353,81.14672309977406,7.239662139426888,7.453344176905441,2.1921265375368537,0.0,0.10602056368041701
2017,2017_kk_080,80.0,174,13110.46504709649,Group 2,1.3572408955636373,69.18934792714062,10.065495644464363,16.594158612183616,2.687437257479131,0.0,0.10631966316863384
2017,2017_kk_081,81.0,174,11253.9479037508,Group 2,4.234222510445893,87.5653143678973,4.270827121771595,2.404394652409276,1.5252413474759043,0.0,4.263256414560601e-14
2017,2017_kk_082redo,82.0,174,13208.654584103715,Group 2,1.3471515367804159,70.0693496970244,10.393466382058282,15.517438705472179,2.5670643668853894,0.0,0.10552931177933544
2017,2017_kk_083,83.0,174,13893.500560946664,Group 4,0.0,18.743538368807343,5.8980114556895415,72.34118443004061,2.7927428222062276,0.0,0.22452292325628775
2017,2017_kk_084,84.0,174,12124.876512389426,Group 2,1.128216728271339,64.83178781140793,10.68094575059096,20.00136846479026,2.9854457352924,0.0,0.37223550964709773
2017,2017_kk_085redo,85.0,175,7783.321945385363,Group 5,0.0,0.0,11.226525528616383,4.575579812230258,54.11163516954872,29.843935163259044,0.24232432634559586
2017,2017_kk_086,86.0,175,11705.729492013603,Group 2,2.423841554328141,86.49013798897496,6.16846112809375,3.1832945917252795,1.7342647368778705,0.0,-1.4210854715202004e-14
2017,2017_kk_087,87.0,175,5933.677947959482,Group 5,0.0,0.0,13.863066589001638,5.9195366420326145,43.11899115132486,36.78054403774254,0.3178615798983486
2017,2017_kk_088redo,88.0,175,6273.995299610204,Group 2,11.695861134828872,86.55843434078454,1.3890161234566805,0.3566884009299523,0.0,0.0,-5.684341886080802e-14
2017,2017_kk_089redo,89.0,175,10800.47630060526,Group 2,0.33259840226219384,49.86622361701696,12.02210623845765,33.958841527995254,3.402349607674218,0.0,0.4178806065937266
2017,2017_kk_090,90.0,175,9629.271967749,Group 2,7.400723390821522,87.95916821340872,2.8627770520985303,0.8989432222217131,0.878388121449461,0.0,4.263256414560601e-14
2017,2017_kk_091,91.0,175,16559.089879951054,Group 4,0.0,13.562651575823221,5.209316079320989,73.99811255333086,7.091083338031259,0.0,0.13883645349368123
2017,2017_kk_092,92.0,175,15285.434179651089,Group 4,0.0,11.329771432606213,7.37633593782798,68.26301912513225,11.28114866248913,1.6856874556012875,0.06403738634314493
2017,2017_kk_093,93.0,175,8531.656980921349,Group 5,0.0,0.0,4.027114162915588,7.303072885381384,67.35800415475413,21.246638356521675,0.06517044042722375
2017,2017_kk_094,94.0,175,13975.77903011139,Group 2,1.4509542986764288,75.89977979976975,8.388795742530288,12.09853144499676,2.062201860375313,0.0,0.09973685365146423
2017,2017_kk_095,95.0,175,6690.533525450035,Group 5,0.0,0.36343404319709194,8.25223343746136,14.666884492628467,54.95598402439765,21.532057619227054,0.22940638308836014
2017,2017_kk_096,96.0,175,11035.046857805833,Group 2,0.3255284012419919,53.63728474282823,11.96583739187253,30.33232538706652,3.3300263041534226,0.0,0.40899777283731
2017,2017_kk_097,97.0,175,7158.667650193695,Group 5,0.0,0.3396676265916896,8.119911066969037,13.242314724971765,55.4891802546712,22.731256588488787,0.07766973830752022
2017,2017_kk_098redo,98.0,175,16713.017728845796,Group 4,0.0,12.959941649572096,5.080959491897455,74.15702979241587,7.743501590757098,0.0,0.05856747535749207
2017,2017_kk_099,99.0,175,10467.441387356854,Group 2,0.34318044193597114,47.15912267048514,13.278631045877521,35.45981642877424,3.3280734052496643,0.0,0.43117600767745046
2017,2017_kk_100,100.0,175,8743.849589494885,Group 5,0.0,0.0,4.15768352790737,6.66116613185848,67.75978288229732,21.20566289579385,0.21570456214298872
2017,2017_kk_101,101.0,175,8555.435977595602,Group 5,0.0,0.0,7.6100649497559125,5.563129440285868,63.146847295535835,23.459503360158678,0.2204549542637011
2017,2017_kk_102redo,102.0,175,11884.84915889505,Group 2,1.1510022825374924,61.929042415675674,11.14667425284946,22.265961942994473,3.1275658985057575,0.0,0.37975320743714747
2017,2017_kk_102redoa,102.0,175,10316.324450064927,Group 2,0.0,44.34261972241178,13.668448045953763,38.24131730215811,3.3101229128337546,0.0,0.43749201664259374
2017,2017_kk_103,103.0,175,11884.84915889505,Group 2,1.1510022825374924,61.929042415675674,11.14667425284946,22.265961942994473,3.1275658985057575,0.0,0.37975320743714747
2017,2017_kk_105,105.0,175,15496.602401994349,Group 4,0.0,15.578046563305325,5.6330171990149465,73.54574442363065,5.0418954731295305,0.0,0.20129634091955495
2017,2017_kk_107,107.0,175,11763.231526394207,Group 2,2.411993124746747,86.53350000929579,6.1609859714315025,3.1677337388553632,1.7257871556705926,0.0,1.4210854715202004e-14
2017,2017_kk_108,108.0,175,8831.990137299827,Group 5,0.0,0.0,9.717836155295611,4.252413084828042,56.32056262598745,29.495636236997345,0.21355189689155907
2017,2017_kk_104redo,104.0,176,5846.836205707196,Group 5,0.0,0.0,13.383028323279078,5.3896622119826425,41.318062110660556,39.43053286285952,0.47871449121819865
2017,2017_kk_106,106.0,176,5564.523750998208,Group 6,0.0,0.0,14.520681678788383,6.31224262968886,38.62276763207845,40.041306303193494,0.5030017562508107
2017,2017_kk_111,111.0,176,7591.3098540245555,Group 5,0.0,1.0896114439742963,10.558346135659889,29.61379781201424,48.89466876133,9.64139056852306,0.20218527849850432
2017,2017_kk_112,112.0,176,15268.172604577738,Group 4,0.0,11.34258041146785,7.384675323283899,68.3401945186701,11.18084673687921,1.6875932252908665,0.06410978440806048
2017,2017_kk_113,113.0,176,3300.5486429718476,Group 6,0.0,0.0,5.144576738636126,1.5229653995643067,26.54870072407729,66.50717373567211,0.2765834020501643
2017,2017_kk_114,114.0,176,13212.318781312824,Group 2,1.3467779287118382,69.41013864623011,10.390583942484998,16.08027962741472,2.666719810021422,0.0,0.10550004513692102
2017,2017_kk_115,115.0,176,6742.716429679091,Group 2,12.003137111364762,86.30182184223888,1.2924584209549448,0.4025826254413895,0.0,0.0,2.842170943040401e-14
2017,2017_kk_116redo,116.0,176,5424.139326390393,Group 6,0.0,0.0,7.943032068313448,2.4823779509170465,34.669758761443674,54.73653226581927,0.16829895350656443
2017,2017_kk_110redo,110.0,177,8890.835149606237,Group 4,0.0,3.2926892628408524,10.257618198854646,39.765033505149034,39.44812738078332,7.06389870269111,0.17263294968104503
2017,2017_kk_118,118.0,177,10876.579219843552,Group 2,0.33027122670133685,52.395406597135675,11.94589161498043,31.534930320152725,3.378543525616647,0.0,0.414956715413183
2017,2017_kk_119,119.0,177,6803.973453424729,Group 5,0.0,0.8424753145802986,8.788980486447977,17.162494613807702,52.32921590263283,20.65125210031141,0.22558158221977465
2017,2017_kk_120redo,120.0,177,16659.95011156463,Group 4,0.0,12.403920869929658,5.918827845424096,73.62732734413818,7.9435223774507335,0.04764753033647886,0.058754032720855776
2017,2017_kk_121,121.0,177,7751.858302219146,Group 5,0.0,0.0,11.272092330724684,4.59415141208127,53.33584321888962,30.55460515345744,0.24330788484698473
2017,2017_kk_124redo,124.0,178,10489.204046124007,Group 4,0.0,8.93461090677028,10.407684159268223,47.33931459083034,28.638714546563378,4.533349050490941,0.14632674607683782
2017,2017_kk_125redo,125.0,178,4948.454089628262,Group 6,0.0,0.0,6.692204670503014,2.470574207504056,28.574787764892818,62.077956153559185,0.18447720354092212
2017,2017_kk_126,126.0,178,15666.228267585006,Group 4,0.0,15.409375483873927,5.604915524640657,73.78266544391205,5.003926739945809,0.0,0.19911680762756134
2017,2017_kk_127,127.0,178,3727.387111992774,Group 2,30.926826907347092,69.0731730926529,0.0,0.0,0.0,0.0,1.4210854715202004e-14
2017,2017_kk_129,129.0,178,8805.932025127438,Group 5,0.0,0.0,9.746592732553419,4.156505261382745,57.01456625130869,28.868151924836145,0.21418382991900842
2017,2017_kk_130,130.0,178,8515.290993204768,Group 5,0.0,0.0,10.059722425800205,4.1755687011265925,56.51965517840982,29.023559414708345,0.22149427995503856
2017,2017_kk_133,133.0,178,7301.264242571791,Group 5,0.0,0.7850941268701297,9.52477436427945,21.298682864192198,49.261250055879955,18.919981420078184,0.21021716870008333
2017,2017_kk_134redo,134.0,178,15209.254651727124,Group 4,0.0,15.72893216722006,6.024917682904383,73.27182658278367,4.769224143639739,0.0,0.20509942345215393
2017,2017_kk_135,135.0,178,11814.283903082978,Group 4,0.0,21.904493762081813,8.231782821040396,66.44121704694953,3.040484943575103,0.0,0.3820214263531483
2017,2017_kk_136,136.0,178,6109.652587932832,Group 5,0.0,0.0,13.300458635237586,5.93248796953355,44.388589664409125,36.06975743042032,0.3087063003994217
2017,2017_kk_137,137.0,178,5618.060226425377,Group 6,0.0,0.0,9.386538474307587,3.712848456561863,34.48052393087185,52.257599429086255,0.16248970917244776
2017,2017_kk_138,138.0,178,12897.181516196475,Group 2,2.199925117812444,82.45539003074455,7.269995634557108,5.9572981018336275,2.0093132202005304,0.0,0.10807789485174624
2017,2017_kk_139,139.0,178,5924.2459858678,Group 6,0.0,0.0,13.035053704455466,4.711525361701939,40.0812222831793,41.69973933244315,0.47245931822013176
2017,2017_kk_140,140.0,178,11818.672603446057,Group 2,2.4006785295155852,86.40466677093879,6.324089180641897,3.1528739846182914,1.7176915342854353,0.0,0.0
2017,2017_kk_141,141.0,178,14020.690693311739,Group 2,1.4463065411438885,76.26085764599146,8.078045388660884,12.059776922743751,2.055596129072183,0.0,0.09941737238783332
2017,2017_kk_142redo,142.0,178,4181.657563983273,Group 2,21.92692219709783,78.07307780290216,0.0,0.0,0.0,0.0,0.0
2017,2017_kk_142redoa,142.0,178,2888.927254680289,Group 2,45.70081502162311,54.29918497837688,0.0,0.0,0.0,0.0,1.4210854715202004e-14
2017,2017_kk_143,143.0,178,7301.163814947886,Group 5,0.0,0.7851049258522788,9.524905377701677,21.599529766729887,49.291069720374054,18.58917014910153,0.21022006024057305
2017,2017_kk_144,144.0,178,13173.21899399511,Group 2,1.3507753366802953,70.04419663915287,10.42142451550236,15.503820627864172,2.57396969812818,0.0,0.10581318267210804
2017,2017_kk_145,145.0,179,7682.091829487296,Group 5,0.0,0.0,10.899120238038332,4.635874128540694,53.74697391169426,30.47251418704863,0.24551753467808624
2017,2017_kk_146,146.0,179,13935.713619887578,Group 2,1.4551258166035415,74.02977570190926,9.32769840813991,12.797885534758482,2.289490939811476,0.0,0.1000235987773408
2017,2017_kk_147,147.0,179,5874.030011384349,Group 6,0.0,0.0,12.991302851033954,4.05210723594133,40.42386909150968,42.05622253770874,0.47649828380629344
2017,2017_kk_148,148.0,179,16260.525742441352,Group 4,0.0,14.733733548878556,5.12820038039402,73.39537434752626,6.550852331928386,0.0,0.1918393912727936
2017,2017_kk_149,149.0,179,8693.720709966125,Group 5,0.0,0.0,6.366415141479989,6.57925582626738,64.9649103416038,21.872470354019562,0.2169483366292866
2017,2017_kk_150,150.0,179,8166.367347946773,Group 5,0.0,0.0,10.489543283660135,4.447696707324356,56.639209981730495,28.19259198109559,0.2309580461894285
2017,2017_kk_151,151.0,179,11469.304372175504,Group 4,0.0,31.87292759871298,10.578820694880577,53.28758886377336,3.8671507828305187,0.0,0.39351205980256054
2017,2017_kk_152,152.0,179,11441.091838083717,Group 4,0.0,10.27650926951489,9.393561332733144,52.79032556711009,23.333462222273013,4.071989106253874,0.13415250211500052
2017,2017_kk_153redo,153.0,179,13314.995123534973,Group 2,1.8386922490713824,80.13438276980152,7.533429165737577,8.22426646430434,2.1645428517767566,0.0,0.10468649930842844
2017,2017_kk_154redo,154.0,179,13027.219440319896,Group 2,1.3659138393495929,68.81440497748206,10.129815455477697,16.87825634120309,2.704610327004655,0.0,0.10699905948290223
2017,2017_kk_155,155.0,179,8923.298053781462,Group 5,0.0,0.0,8.4080052119879,4.499741019646083,60.71699126137376,26.163895786326858,0.21136672066539575
2017,2017_kk_156,156.0,179,16616.034094942766,Group 4,0.0,13.435437693342639,5.346894880050589,73.95661458056766,7.1226921939799155,0.0,0.13836065205920534
2017,2017_kk_158,158.0,179,10960.04652924642,Group 4,0.0,36.231334707911714,11.750991173266378,48.36768314187727,3.238194405100326,0.0,0.41179657184430596
2017,2017_kk_159,159.0,179,16567.943635862048,Group 4,0.0,12.910514024939765,5.124820294040109,73.96242363412297,7.943161736419476,0.0,0.05908031047766826
2017,2017_kk_161,161.0,180,5693.081778940478,Group 5,0.0,0.0,14.192783666167545,6.169703053431982,40.137717542843575,39.008152489113634,0.49164324844326757
2017,2017_kk_162,162.0,180,13626.224358718859,Group 2,1.3058686583559238,72.2327409931801,10.033764788185255,13.93781809192281,2.387512056868755,0.0,0.10229541148716237
2017,2017_kk_163,163.0,180,5807.5792435311205,Group 6,0.0,0.0,11.784593412540449,4.0984717582251795,38.098111129851404,45.53687328560787,0.4819504137750954
2017,2017_kk_164,164.0,180,5095.245446788865,Group 2,18.80291182695047,81.19708817304961,0.0,0.0,0.0,0.0,-8.526512829121202e-14
2017,2017_kk_165redo,165.0,180,12076.289585188679,Group 4,0.0,22.790547494868605,8.053187081201735,65.5699236445071,3.2126086425878246,0.0,0.37373313683472986
2017,2017_kk_166redo,166.0,180,16220.151635710095,Group 4,0.0,12.122881165629257,7.180833912852715,69.58193348188534,9.733846280944345,1.320158049982531,0.0603471087058125
2017,2017_kk_167,167.0,180,3738.415553043177,Group 6,0.0,0.0,7.524725716988826,2.28939183224054,24.120619473428302,65.82107477532125,0.24418820202107838
2017,2017_kk_168redo,168.0,180,8161.778041058692,Group 5,0.0,0.2979213154373643,4.1771223631903265,8.824039889913445,65.77354117810562,20.85925139109878,0.06812386225446687
2017,2017_kk_169redo,169.0,180,5751.610090091747,Group 6,0.0,0.0,11.777784198197955,4.051624729549134,37.70395631398621,45.979994465268845,0.48664029299786193
2017,2017_kk_170,170.0,180,13350.211986072954,Group 2,1.3328671739699645,70.85203943229192,10.464601461573567,14.809208302419618,2.4368732856061346,0.0,0.1044103441387989
2017,2017_kk_171,171.0,180,7249.593792070499,Group 5,0.0,0.7906897737966746,9.592660841293345,23.340844915262597,51.53994184461956,14.524147163303166,0.21171546172465128
2017,2017_kk_172a,172.0,181,16480.580042104797,Group 4,0.0,12.033584092375929,6.218970378305983,71.53543511017409,9.505939666570978,0.6466772572298298,0.05939349534318694
2017,2017_kk_173,173.0,181,10495.8582855885,Group 2,0.34225130175245927,47.07470842081616,13.242679959570994,35.591288844182074,3.3190628488291107,0.0,0.4300086248492079
2017,2017_kk_174,174.0,181,10347.048497070467,Group 2,0.0,42.88081217867934,13.591327318810793,39.982963243850264,3.1087043105666368,0.0,0.43619294809296605
2017,2017_kk_175,175.0,181,16487.990163696344,Group 4,0.0,12.028175894019347,6.216175415049699,71.50328526856164,9.501667455824135,0.6913291641474761,0.05936680239770453
2017,2017_kk_176redo,176.0,181,8645.349414329254,Group 5,0.0,0.0,8.088987348944721,5.614083011236987,61.52250310417197,24.55626435887865,0.21816217676767735
2017,2017_kk_177redo,177.0,181,1609.5686183585462,Group 1,97.94007031912606,2.0599296808739225,0.0,0.0,0.0,0.0,1.4210854715202004e-14
2017,2017_kk_178,178.0,181,2692.044040726488,Group 2,49.04315385622001,50.95684614378001,0.0,0.0,0.0,0.0,-2.842170943040401e-14
2017,2017_kk_179,179.0,181,12536.151991828936,Group 4,0.0,10.395057708082764,8.64309556786766,63.27307033151081,14.71423196692338,2.852110436460987,0.12243398915440196
2017,2017_kk_180,180.0,181,3514.4240589395786,Group 6,0.0,0.0,5.284670871233445,2.0820692683733566,26.252005159115654,66.12150318666356,0.25975151461398127
2017,2017_kk_182,182.0,182,15809.399169292787,Group 4,0.0,15.157781451586013,5.4872463287377515,73.14824925187172,6.009409374365455,0.0,0.19731359343906263
2017,2017_kk_183redo,183.0,182,8168.054584104243,Group 5,0.0,0.0,10.692694766506088,4.8006014919866224,55.534336988238074,28.74145641498408,0.23091033828512764
2017,2017_kk_184,184.0,182,3579.5736417309836,Group 6,0.0,0.0,5.466201024215581,2.044174826813066,25.774208819457968,66.46039138988465,0.25502393962872816
2017,2017_kk_185,185.0,182,6661.419213348608,Group 5,0.0,0.0,11.993990410720711,5.481944862890128,50.213613161674765,32.027315466123405,0.283136098591001
2017,2017_kk_186redo,186.0,182,9049.704692053663,Group 4,0.0,4.19634846778007,10.648337435971948,41.802720501508816,37.040806287722496,6.142184966472649,0.16960234054400303
2017,2017_kk_187,187.0,182,15579.983429837155,Group 4,0.0,15.494675901193839,5.6359421962792995,73.63753629309147,5.031626567210212,0.0,0.20021904222518572
2017,2017_kk_188,188.0,182,8804.658531565341,Group 5,0.0,0.0,9.549333223759675,4.342330802571088,58.38998865183213,27.504132512666857,0.21421480917025804
2017,2017_kk_189,189.0,182,13234.905639810619,Group 2,1.3444795003488685,69.56253977683528,10.372851239615366,16.052836817436773,2.5619726683472748,0.0,0.10531999741643006
2017,2017_kk_190,190.0,182,8548.995185362433,Group 5,0.0,0.0,6.478572051765807,6.485085974481174,64.42808550493866,22.38763542432296,0.22062104449139497
2017,2017_kk_191,191.0,182,2603.938672275111,Group 6,0.0,0.0,8.426186578783168,0.0,29.858138680683066,61.36509929034185,0.3505754501919114
2017,2017_kk_192,192.0,183,8778.484661609891,Group 5,0.0,0.0,9.777067043792782,4.278331838884634,56.82872340520457,28.90102420153473,0.21485351058328206
2017,2017_kk_193,193.0,183,5775.0417072737155,Group 6,0.0,0.0,11.931649076620706,4.035185693358588,37.3381761928774,46.21032323534898,0.4846658017943355
2017,2017_kk_194,194.0,183,8162.361645614781,Group 5,0.0,0.0,3.811987961947067,8.150199409721317,66.02670435090225,21.94298928599516,0.06811899143420419
2017,2017_kk_195a,195.0,184,9015.812245126435,Group 5,0.0,0.0,8.875286155368894,4.208903517910532,60.08226564901782,26.624346859927943,0.2091978177748075
2017,2017_kk_196,196.0,184,8513.403780224144,Group 5,0.0,0.0,7.647637201728828,5.8293377944763,62.2162544451072,24.085227178879016,0.2215433798086508
2017,2017_kk_197,197.0,184,10985.787300831624,Group 2,4.337578931811266,87.68597972216347,4.2727611201868685,2.2632968596368865,1.4403833662014962,0.0,1.4210854715202004e-14
2017,2017_kk_198redo,198.0,184,8020.215166482426,Group 5,0.0,0.3031798523887306,4.81318243235396,9.61068765418906,63.83597285476785,21.367650906259943,0.06932630004045848
2017,2017_kk_199,199.0,184,16469.930684794817,Group 4,0.0,11.939028434997336,6.837276826167066,70.27790090803052,9.586225084806843,1.3001368471810764,0.059431898817166484
2017,2017_kk_201,201.0,184,13172.048898351839,Group 2,1.3508953283648604,70.04153561388084,10.422350268474915,15.505197858780237,2.5741983482609676,0.0,0.10582258223818997
2017,2017_kk_202,202.0,184,12173.836620258073,Group 4,0.0,18.673612839147047,8.370701366927022,69.67768192374986,3.0217650641603697,0.0,0.2562388060156877
2017,2017_kk_203,203.0,185,3138.499246082213,Group 6,0.0,0.0,5.410205465101205,1.029338844603127,27.91948357384555,65.35010794834658,0.2908641681035391
2017,2017_kk_204,204.0,185,11927.705435868775,Group 4,0.0,28.915066993449134,9.158518349307124,58.039778784799246,3.508247119279537,0.0,0.37838875316495546
2017,2017_kk_205,205.0,185,5508.508807198093,Group 6,0.0,0.0,14.260282713775577,5.720690165072259,38.89665250101573,40.6142579378514,0.5081166822850349
2017,2017_kk_206,206.0,185,9106.697108100745,Group 2,7.825403375380785,88.87950104488242,2.348816188174342,0.42783127831727796,0.5184481132451615,0.0,1.4210854715202004e-14
2017,2017_kk_207,207.0,185,5827.995512181161,Group 5,0.0,0.0,13.42629286158597,4.789337114799997,41.60441321471936,39.699694733606286,0.4802620752883797
2017,2017_kk_208,208.0,185,12729.937794116091,Group 2,2.22882735370327,83.85802975757788,7.046755459353812,4.903674735133332,1.9627126942316968,0.0,0.0
2017,2017_kk_209,209.0,185,3620.8975872595292,Group 2,31.836375719348514,68.16362428065148,0.0,0.0,0.0,0.0,1.4210854715202004e-14
2017,2017_kk_210,210.0,186,7258.082777199699,Group 5,0.0,0.789764990498163,9.849224131802863,25.826460991918427,50.58867582990931,12.734406214552871,0.2114678413183526
2017,2017_kk_211,211.0,186,8054.802089348281,Group 5,0.0,1.0269126416697918,10.328898743500234,32.58765633076689,46.929460719343055,8.936520502139068,0.19055106258096544
2017,2017_kk_212,212.0,186,16514.7386411266,Group 4,0.0,12.008694181446122,6.010568986368135,72.41912198858967,9.129042195448436,0.3733020005610236,0.059270647586615155
2017,2017_kk_213,213.0,186,5850.554756487752,Group 6,0.0,0.0,12.513729894605383,4.068366249691536,38.58413979551728,44.35535383483959,0.4784102253462095
2017,2017_kk_214redo,214.0,186,10429.039531914976,Group 2,0.0,41.832151283537755,12.951906974151573,41.58511281781432,3.198065238618458,0.0,0.4327636858779016
2017,2017_kk_217,217.0,187,12733.483194982726,Group 2,2.2282067783029342,83.25002804500534,7.232220664160695,5.327378299036821,1.9621662134942166,0.0,0.0
2017,2017_kk_218,218.0,187,6833.061419734383,Group 5,0.0,0.0,12.358028811357649,5.34424185486006,50.86373743624384,31.157967999714327,0.2760238978241176
2017,2017_kk_219,219.0,187,5984.503070430631,Group 5,0.0,0.0,13.745330488122507,5.869263265736709,43.60206956351598,36.4681746340889,0.31516204853589613
2017,2017_kk_220,220.0,188,11679.48345282809,Group 2,1.1712408827626384,57.52088953349188,11.426609668757738,26.191816366151,3.3030129668485277,0.0,0.3864305819882077
2017,2017_kk_221,221.0,188,11071.614469159113,Group 4,0.0,32.842566744036375,10.958816093006545,52.08524968957165,3.705720548849737,0.0,0.4076469245356975
2017,2017_kk_222,222.0,188,4788.229663901972,Group 6,0.0,0.0,7.73534325166995,2.5532449149255845,27.785413583073847,61.735348044224715,0.19065020610591432
2017,2017_kk_225redo,225.0,188,8060.142573245873,Group 5,0.0,0.0,10.83585230786007,4.864873625590005,54.61465384390164,29.45061837590585,0.23400184674243008
2017,2017_kk_226redo,226.0,188,12018.027250498508,Group 4,0.0,29.928895623067277,9.94704611747538,56.15503004865715,3.5934832487257937,0.0,0.37554496207440025
2017,2017_kk_226redoa,226.0,188,12225.596263681073,Group 4,0.0,18.594554155944433,8.37869820649532,69.76262188897434,3.0089717836646237,0.0,0.2551539649212913
2017,2017_kk_227,227.0,188,16651.182133330032,Group 4,0.0,12.410452376662356,5.869287718895432,73.6660971322803,7.947705181455509,0.04767261999711541,0.05878497070929711
2017,2017_kk_223redo,223.0,189,7490.489907400962,Group 5,0.0,0.0,11.177912735254687,4.754456811991222,52.892934176559834,30.922898560629232,0.2517977155650186
2017,2017_kk_229,229.0,189,11684.941351407511,Group 4,0.0,10.062051900095845,9.35630439633853,57.37960508568859,19.729297888109503,3.341387815717916,0.13135291404961436
2017,2017_kk_230,230.0,189,3636.037995198374,Group 2,26.552216753969756,73.44778324603021,0.0,0.0,0.0,0.0,2.842170943040401e-14
2017,2017_kk_231,231.0,189,7682.091829487296,Group 5,0.0,0.0,10.899120238038332,4.635874128540694,53.74697391169426,30.47251418704863,0.24551753467808624
2017,2017_kk_233,233.0,190,16427.062993931086,Group 4,0.0,12.07278780759952,6.03732303769846,71.75199788484281,9.536908673706352,0.5413956052010446,0.0595869909518143
2017,2017_kk_234,234.0,190,6656.3216565135845,Group 5,0.0,0.36530200548835773,8.294647903492933,14.742268699681748,54.72446877461691,21.642727140805874,0.23058547591418233
2017,2017_kk_235,235.0,190,12874.183591116027,Group 2,1.9016489983070621,82.52006951428483,7.282982463100869,6.149016100182749,2.038011963257277,0.0,0.1082709608672161
2017,2017_kk_237,237.0,190,5875.986037193853,Group 6,0.0,0.0,12.013669926822804,4.050758351467096,38.82805150836509,44.631180548523666,0.4763396648213529
2017,2017_kk_238,238.0,190,8453.381110540766,Group 5,0.0,0.0,10.13339664288207,4.096489697616479,56.03317580934626,29.513821416330217,0.22311643382496982
2017,2017_kk_239redo,239.0,190,11469.304372175504,Group 4,0.0,31.87292759871298,10.578820694880577,53.28758886377336,3.8671507828305187,0.0,0.39351205980256054
2017,2017_kk_236,236.0,191,3840.536043593972,Group 6,0.0,0.0,7.831627010032785,2.2285165236071642,23.66535674819559,66.03680452094638,0.23769519721807342
2017,2017_kk_240redo,240.0,192,3777.2254287188075,Group 6,0.0,0.0,7.447411382676348,2.2658690073367067,24.25273399404769,65.79230637557288,0.24167924036638055
2017,2017_kk_240redoa,240.0,192,3245.2984566704977,Group 6,0.0,0.0,5.232161540787991,1.5488934068585156,27.000684010252122,65.93696889455516,0.28129214754621046
2017,2017_kk_241,241.0,192,10805.779122714097,Group 4,0.0,34.63327556502492,11.567195892736331,50.504320416099056,2.877532590045214,0.0,0.41767553609447816
2017,2017_kk_242,242.0,192,8178.243387328784,Group 5,0.0,0.0,10.493775416678892,4.794620698600469,56.182165745452515,28.298815478897144,0.2306226603709831
2017,2017_kk_243redo,243.0,192,7247.362010450654,Group 5,0.0,0.335510720562005,7.847836631618647,12.499282594822548,55.10563798561622,24.135012863590408,0.0767192037901765
2017,2017_kk_244,244.0,192,15694.35766256129,Group 4,0.0,15.26888979092614,5.527468496413382,73.47885744484887,5.5260243422845345,0.0,0.1987599255270709
2017,2017_kk_245,245.0,192,2040.938551362179,Group 1,78.86088266899888,21.139117331001092,0.0,0.0,0.0,0.0,2.842170943040401e-14
2017,2017_kk_246,246.0,192,3159.3583279141976,Group 6,0.0,0.0,5.3744855793486765,1.0225428243471428,27.735150322555857,65.57887748277672,0.28894379097161504
2017,2017_kk_247,247.0,192,6327.806723878987,Group 5,0.0,0.0,12.841919019874751,5.919223721506219,45.910306406131554,35.0304873481094,0.2980635043780637
2017,2017_kk_248,248.0,193,8487.544955433903,Group 5,0.0,0.0,4.048044144851254,8.614386437921812,66.33748029387648,20.934579974834595,0.06550914851585787
2017,2017_kk_249redo,249.0,193,5630.210431381428,Group 6,0.0,0.0,9.366281972764586,3.7048359905505492,34.11721346613844,52.64952952025141,0.16213905029502484
2017,2017_kk_253,253.0,193,6208.5552258481375,Group 5,0.0,0.0,13.088581572594771,6.032917853279513,45.01786611239291,35.556845870259195,0.30378859147361936
2017,2017_kk_254,254.0,193,13353.427677206033,Group 4,0.0,10.632733459946067,8.396975486240875,66.41523295752032,12.246709455314805,2.2350461693094776,0.07330247166845538
2017,2017_kk_255,255.0,193,5717.23572173563,Group 6,0.0,0.0,11.500008667925666,4.075984760807736,35.87874390838731,48.09954633023727,0.4457163326420357
2017,2017_kk_251,251.0,194,7591.3098540245555,Group 5,0.0,1.0896114439742963,10.558346135659889,29.61379781201424,48.89466876133,9.64139056852306,0.20218527849850432
2017,2017_kk_252,252.0,194,7321.180726593094,Group 5,0.0,0.0,11.5340917057445,4.98792943377692,51.299861969311344,31.92049611692575,0.257620774241488
2017,2017_kk_256,256.0,195,8179.601169433673,Group 5,0.0,0.0,10.472572194187729,4.660076520818695,56.57631101213856,28.060455894952202,0.23058437790281516
2017,2017_kk_257redo,257.0,195,8079.841312752391,Group 2,8.375332448701004,88.26858970392333,2.647323970898759,0.48220376046962077,0.22655011600734584,0.0,-4.263256414560601e-14
2017,2017_kk_258redo,258.0,195,8453.381110540766,Group 5,0.0,0.0,10.13339664288207,4.096489697616479,56.03317580934626,29.513821416330217,0.22311643382496982
2017,2017_kk_259redo,259.0,195,6005.350883901582,Group 5,0.0,0.0,13.531462705919155,5.848887885822773,43.96400753594887,36.34157392130864,0.31406795100056684
2017,2017_kk_260redo,260.0,195,12234.687015233441,Group 4,0.0,18.46960913154206,8.239285611585883,70.00298302227357,3.0331578569792645,0.0,0.2549643776192312
2017,2017_kk_261,261.0,196,8170.193225744074,Group 5,0.0,0.0,10.484631317731798,4.445613972729039,56.612687390411246,28.226217424268153,0.23084989485975882
2017,2017_kk_262redo,262.0,196,7317.751637588399,Group 5,0.0,0.7833252560972497,9.683716697674953,23.847541705526336,51.33258423383814,14.14308857182443,0.2097435350388963
2017,2017_kk_263redo,263.0,196,5614.068092035171,Group 2,17.059932881961473,81.42921260831373,1.5108545097248995,0.0,0.0,0.0,-9.947598300641403e-14
2017,2017_kk_264redo,264.0,196,11814.283903082978,Group 4,0.0,21.904493762081813,8.231782821040396,66.44121704694953,3.040484943575103,0.0,0.3820214263531483
2017,2017_kk_266,266.0,199,6272.57757049874,Group 5,0.0,0.0,12.954990290381014,5.971341644502438,45.579052496429576,35.193927657545395,0.3006879111415799
2017,2017_kk_267redo,267.0,199,16651.182133330032,Group 4,0.0,12.410452376662356,5.869287718895432,73.6660971322803,7.947705181455509,0.04767261999711541,0.05878497070929711
2017,2017_kk_268,268.0,199,7568.019846435783,Group 5,0.0,1.0189490456445824,10.308649142188663,28.011501486037144,49.037861553069675,11.420231284688054,0.20280748837187446
2017,2017_kk_269redo,269.0,200,3036.2164313614385,Group 2,42.184092117992826,57.81590788200718,0.0,0.0,0.0,0.0,0.0
2017,2017_kk_270redo,270.0,200,6815.882622068769,Group 5,0.0,0.0,12.389176072580831,5.3577115189654085,50.62104653330174,31.35534628478821,0.2767195903638111
2017,2017_kk_271redo,271.0,200,3902.3497225822725,Group 6,0.0,0.0,8.977058565493916,2.370289056241304,23.29049471143058,65.1282275895214,0.2339300773128059
2017,2017_kk_272redo,272.0,200,12122.140207150213,Group 4,0.0,22.84853747303766,8.022726813449024,65.55595886555858,3.200457314368179,0.0,0.37231953358656256
2018,2018_kk_001_redo,1.0,152,5896.281926519631,Group 5,0.0,0.0,13.950990392823275,5.957080151983147,42.52209908824,37.24995281180085,0.3198775551527291
2018,2018_kk_001,1.0,152,8111.376728989974,Group 5,0.0,0.0,10.767409457366291,4.834145464226467,54.90132279926539,29.264598465963985,0.2325238131778633
2018,2018_kk_002,2.0,153,16102.868067344816,Group 4,0.0,12.21117691245069,7.181337318551866,69.43539634899601,9.78152949526269,1.3297732841296757,0.06078664060908068
2018,2018_kk_003_redo,3.0,154,5745.042991807121,Group 2,16.671002285181334,81.85258751095256,1.476410203866194,0.0,0.0,0.0,-8.526512829121202e-14
2018,2018_kk_003,3.0,154,2521.853367223583,Group 1,52.64100328655815,47.35899671344187,0.0,0.0,0.0,0.0,-2.842170943040401e-14
2018,2018_kk_005,5.0,156,4236.527344216522,Group 2,21.64293361295975,78.35706638704028,0.0,0.0,0.0,0.0,-2.842170943040401e-14
2018,2018_kk_006,6.0,156,13975.77903011139,Group 2,1.4509542986764288,75.89977979976975,8.388795742530288,12.09853144499676,2.062201860375313,0.0,0.09973685365146423
2018,2018_kk_008,8.0,157,12291.843452061788,Group 2,2.3082651253346262,84.44039875327482,6.980295329967784,4.4722893977693055,1.7987513936534762,0.0,-1.4210854715202004e-14
2018,2018_kk_011,11.0,158,13443.77163896642,Group 2,1.8210796038149037,80.2208686097287,7.461267217196185,8.249291934358222,2.1438089168781653,0.0,0.1036837180238166
2018,2018_kk_012,12.0,158,12411.490462960244,Group 2,1.1021632373908563,66.72059072296464,10.632351466753464,18.516083390637103,2.916503943091009,0.0,0.11230723916291652
2018,2018_kk_013_redo,13.0,160,2127.4287693421434,Group 1,75.65480826104432,24.34519173895568,0.0,0.0,0.0,0.0,0.0
2018,2018_kk_015,15.0,160,12264.299877532054,Group 2,2.3134491042937935,84.59563621942857,6.995971910496669,4.292151676134552,1.8027910896464228,0.0,0.0
2018,2018_kk_016_redo,16.0,160,7247.362010450654,Group 5,0.0,0.335510720562005,7.847836631618647,12.499282594822548,55.10563798561622,24.135012863590408,0.0767192037901765
2018,2018_kk_019_redo,19.0,161,8006.479758643157,Group 5,0.0,0.0,10.908478774295759,4.897480066785819,54.312473530021755,29.645997402779418,0.23557022611724676
2018,2018_kk_021,21.0,161,10626.810410233875,Group 2,4.4841036685435975,88.51917525564016,3.7717404479625403,1.8457525290210128,1.3792280988326613,0.0,2.842170943040401e-14
2018,2018_kk_023,23.0,161,9973.430440729282,Group 2,5.080341753953919,89.0987326595687,3.7210469878020036,1.0711437199863136,1.0287348786890183,0.0,5.684341886080802e-14
2018,2018_kk_024,24.0,162,5720.454491306281,Group 6,0.0,0.0,11.49353787473628,4.073691296933762,35.91482348008099,48.07248181004483,0.44546553820413237
2018,2018_kk_025,25.0,162,8003.540568112682,Group 5,0.0,1.033489868803217,10.395053847953605,31.989829586880564,47.245054501795195,9.144800679955528,0.19177151461190078
2018,2018_kk_028_redo,28.0,162,3135.1513502397283,Group 1,100.0,0.0,0.0,0.0,0.0,0.0,0.0
2018,2018_kk_029,29.0,162,13205.21637749961,Group 2,1.3475022909958774,70.11678214634348,10.396172500892899,15.466253527088753,2.5677327465171254,0.0,0.10555678816186287
2018,2018_kk_031_redo,31.0,162,12251.039759089901,Group 2,2.315953104748944,84.5789630478225,7.003544118078669,4.296797358518776,1.8047423708311428,0.0,-2.842170943040401e-14
2018,2018_kk_033,33.0,163,6786.665494065528,Group 5,0.0,0.35828606145775693,8.81139492800271,17.206263937570313,52.67699470127636,20.72090349121201,0.22615688048084337
2018,2018_kk_035,35.0,163,8846.619446747358,Group 5,0.0,0.0,6.070178799976257,7.378785656570382,64.63162221929434,21.706214569708266,0.2131987544507581
2018,2018_kk_036,36.0,163,6327.806723878987,Group 5,0.0,0.0,12.841919019874751,5.919223721506219,45.910306406131554,35.0304873481094,0.2980635043780637
2018,2018_kk_038_redo,38.0,163,13911.869747325429,Group 2,1.4576197901069707,72.94466353585256,9.809123823935973,13.34990733981543,2.3384904787722336,0.0,0.10019503151683296
2018,2018_kk_039,39.0,163,574.15769138031,Group 1,100.0,0.0,0.0,0.0,0.0,0.0,0.0
2018,2018_kk_040,40.0,163,9307.745977849832,Group 4,0.0,6.338871626361052,10.275293624412448,42.30528496523072,35.079359123793424,5.8362902535241945,0.1649004066781572
2018,2018_kk_043,43.0,163,12891.007339559825,Group 2,2.2009787768405555,82.49488222319187,7.2734776151357465,5.912256140595638,2.0102755852363337,0.0,0.10812965899985727
2018,2018_kk_047_redo,47.0,164,5870.829900334752,Group 6,0.0,0.0,12.024221097164025,4.0543159855321065,38.77432640583015,44.67037849481032,0.47675801666339623
2018,2018_kk_047,47.0,164,11993.118032287884,Group 2,1.1406115134257886,62.675268758682236,10.724596298621131,22.06495411433093,3.018244361258455,0.0,0.37632495368146124
2018,2018_kk_049_redo,49.0,164,12176.462657767688,Group 2,1.1234369860918099,63.169282488324065,11.107734447538387,21.256089804487786,2.97279775680733,0.0,0.37065851675062333
2018,2018_kk_051_redo,51.0,164,9755.747110700851,Group 2,7.304779170642364,87.68555278310622,3.0476229787865594,1.095044517050836,0.867000550413956,0.0,5.684341886080802e-14
2018,2018_kk_052,52.0,164,13818.800763305195,Group 2,1.6391920560069033,77.8264938658639,7.764656713306417,10.583159544829966,2.085627979572707,0.0,0.10086984042010272
2018,2018_kk_053,53.0,164,9450.731412066401,Group 2,7.540535772428669,88.33102099229063,2.9168598297578847,0.5985768168233871,0.6130065886993907,0.0,4.263256414560601e-14
2018,2018_kk_054,54.0,164,8699.072867171952,Group 5,0.0,0.0,9.587602068553048,4.317387726071064,56.167176856821854,29.71101849070114,0.21681485785289567
2018,2018_kk_055,55.0,164,11990.946031064685,Group 2,1.1408181201101935,62.54549971414808,10.849547080652624,22.068950888830795,3.018791076290579,0.0,0.37639311996771596
2018,2018_kk_057_redo,57.0,164,6661.419213348608,Group 5,0.0,0.0,11.993990410720711,5.481944862890128,50.213613161674765,32.027315466123405,0.283136098591001
2018,2018_kk_058_redo,58.0,165,3579.5736417309836,Group 6,0.0,0.0,5.466201024215581,2.044174826813066,25.774208819457968,66.46039138988465,0.25502393962872816
2018,2018_kk_061,61.0,165,13324.632307116062,Group 4,0.0,10.421449361252078,8.415121879416287,65.85388237085618,12.777843177122689,2.4582423284237644,0.07346088292899822
2018,2018_kk_062_redo,62.0,165,9610.978833061312,Group 2,5.525337236810586,89.30366404303945,3.179399755001892,1.1115389565273586,0.8800600086206682,0.0,4.263256414560601e-14
2018,2018_kk_064_redo,64.0,165,11004.393541226897,Group 4,0.0,33.385680354529086,11.275173825050793,51.42644930304735,3.502559459743087,0.0,0.4101370576296972
2018,2018_kk_066,66.0,165,11674.366228879555,Group 2,1.1717542726783967,59.16886572552006,11.412520758028213,24.55579850146207,3.3044607762391967,0.0,0.3865999660720689
2018,2018_kk_067,67.0,165,10314.300131821929,Group 2,0.0,44.35132254983577,13.671130660225142,38.229196341312374,3.31077256837154,0.0,0.4375778802551622
2018,2018_kk_069_redo,69.0,165,2633.0721412803646,Group 6,0.0,0.0,6.448712706030644,0.35630274393501904,28.32375180202593,64.52453621888824,0.3466965291201518
2018,2018_kk_072_redo,72.0,165,13228.37304721107,Group 2,1.345143447215417,69.5475087880135,10.377973684454373,16.060764220347252,2.563237852178556,0.0,0.10537200779089062
2018,2018_kk_073,73.0,165,1961.5101335896281,Group 1,99.99999999999999,0.0,0.0,0.0,0.0,0.0,1.4210854715202004e-14
2018,2018_kk_074,74.0,165,7341.005364477543,Group 5,0.0,0.0,11.405528040394342,4.851271589818349,52.11249095285942,31.37378435646232,0.2569250604655622
2018,2018_kk_076,76.0,166,12287.691438349813,Group 2,1.1132675798489207,65.44500590101194,10.748277789666947,19.56735581417019,2.945887846913681,0.0,0.18020506838831807
2018,2018_kk_080_redo,80.0,166,13054.247358660168,Group 2,1.8754186018871144,81.57200031400649,7.207573824217695,7.228329090363641,2.0099006442113203,0.0,0.10677752531374551
2018,2018_kk_082,82.0,166,3079.2423468681823,Group 6,0.0,0.0,5.51431938789743,0.9536438619141779,27.82840885580263,65.40716634005776,0.2964615543280047
2018,2018_kk_083,83.0,166,1682.4598042383577,Group 1,100.00000000000003,0.0,0.0,0.0,0.0,0.0,-2.842170943040401e-14
2018,2018_kk_088,88.0,166,5837.210409556722,Group 6,0.0,0.0,12.04912884948319,4.077666872226829,38.08798384308037,45.305716524425584,0.4795039107840182
2018,2018_kk_091,91.0,166,11818.672603446057,Group 2,2.4006785295155852,86.40466677093879,6.324089180641897,3.1528739846182914,1.7176915342854353,0.0,0.0
2018,2018_kk_092_redo,92.0,166,11911.502698282176,Group 4,0.0,28.81837302082112,9.170976313113595,58.118727959311876,3.5130192466007037,0.0,0.37890346015269927
2018,2018_kk_094,94.0,166,12341.0338805291,Group 2,1.1084556319940608,65.72953685261714,10.693052956985667,19.356373754987015,2.9331546469515137,0.0,0.1794261564646007
2018,2018_kk_095,95.0,166,16597.59397124812,Group 4,0.0,13.180054441419149,5.35283534365882,74.19799025307886,7.130605589459008,0.0,0.13851437238416509
2018,2018_kk_096_redo,96.0,166,3206.285688448188,Group 2,40.7213216964522,59.278678303547835,0.0,0.0,0.0,0.0,-2.842170943040401e-14
2018,2018_kk_097,97.0,166,12758.056737563176,Group 2,2.223914985652141,83.2822904935525,7.2182905425051995,5.317117131512137,1.9583868467780259,0.0,0.0
2018,2018_kk_098_redo,98.0,166,11717.781377625244,Group 2,1.16741284622553,57.7239094611126,11.389263397848799,26.042029174702996,3.292217532275057,0.0,0.3851675878350136
2018,2018_kk_101,101.0,167,10318.835420694879,Group 2,0.0,44.46045462308365,13.665121985385767,38.12772040130285,3.3093174322657646,0.0,0.4373855579619601
2018,2018_kk_102,102.0,167,11528.713364032195,Group 2,0.31158907744720016,56.32640376411773,11.352995542979091,28.271318299806524,3.3462090757794183,0.0,0.39148423987003866
2018,2018_kk_110,110.0,167,12145.987544951788,Group 2,1.126255766266414,63.0188066853089,11.000495657298679,21.502596657283473,2.980256709542319,0.0,0.37158852430022193
2018,2018_kk_111,111.0,167,5412.659937249962,Group 6,0.0,0.0,7.0801035838323045,2.48764267894773,35.128370805107494,55.13522704334643,0.16865588876603965
2018,2018_kk_114_redo,114.0,167,7706.783748960055,Group 5,0.0,1.073285349782412,10.400146114473834,29.376895784546882,49.45358722960477,9.496929667866286,0.1991558537258129
2018,2018_kk_116_redo,116.0,167,8124.766483116892,Group 5,0.0,0.0,3.8296269066683952,8.864236917648942,66.2834283655884,20.954273616425315,0.0684341936689492
2018,2018_kk_103_redo,103.0,168,12998.202137962147,Group 2,1.3689631175844101,68.74478597707184,10.152429345828065,16.915935511162598,2.7106481232156696,0.0,0.1072379251374116
2018,2018_kk_106_redo,106.0,168,13182.526804780422,Group 2,1.349821592270481,69.3410067988175,10.414066241254929,16.116620407933418,2.6727464887587518,0.0,0.10573847096492273
2018,2018_kk_107,107.0,168,2981.0873320602823,Group 6,0.0,0.0,5.695883374753357,0.9850434543987621,28.49492369328087,64.51792665662259,0.3062228209444129
2018,2018_kk_109,109.0,168,7978.194251476367,Group 5,0.0,0.30477669177458766,5.695809162307736,10.87627761002518,60.69988990407431,22.353555192189752,0.0696914396284285
2018,2018_kk_121,121.0,168,15502.62923004,Group 4,0.0,15.571990415891165,5.630827297835418,73.51715265712747,5.078811544528268,0.0,0.2012180846176932
2018,2018_kk_118,118.0,169,7258.082777199699,Group 5,0.0,0.789764990498163,9.849224131802863,25.826460991918427,50.58867582990931,12.734406214552871,0.2114678413183526
2018,2018_kk_125,125.0,169,13334.919680188897,Group 4,0.0,18.008894552959564,6.405678021356592,72.57985434581576,2.7716452096581685,0.0,0.2339278702099108
2018,2018_kk_127,127.0,169,1613.7010786748965,Group 1,97.94534550780453,2.0546544921954384,0.0,0.0,0.0,0.0,2.842170943040401e-14
2018,2018_kk_128,128.0,169,3812.4644175566577,Group 6,0.0,0.0,7.378574216517772,2.2449253541212517,24.028563554956403,66.10849149936018,0.23944537504439722
2018,2018_kk_129_redo,129.0,169,7862.464146323416,Group 5,0.0,0.30926279663062506,5.183054836998137,9.649585458622413,62.787937393772374,21.99944226392953,0.07071725004692553
2018,2018_kk_122,122.0,170,16791.88388337151,Group 4,0.0,12.969323061178425,5.325086193650592,73.94016552371744,7.707132818958269,0.0,0.0582924024952689
2018,2018_kk_123,123.0,170,14020.690693311739,Group 2,1.4463065411438885,76.26085764599146,8.078045388660884,12.059776922743751,2.055596129072183,0.0,0.09941737238783332
2018,2018_kk_132,132.0,171,11449.242232578432,Group 4,0.0,10.269193710731724,9.38687431982724,52.481495008169354,23.659289587168484,4.069090371392652,0.13405700271054855
2018,2018_kk_134,134.0,171,2.1665499630599996,Group 1,100.00000000000003,0.0,0.0,0.0,0.0,0.0,-2.842170943040401e-14
2018,2018_kk_136,136.0,171,12108.890363428625,Group 4,0.0,23.076178033948572,8.438687333335588,64.90844836503173,3.203959332966106,0.0,0.37272693471800267
2018,2018_kk_137,137.0,171,8772.83835735431,Group 5,0.0,0.0,9.783359681706278,4.172184793891416,57.482199735417375,28.347263996098746,0.2149917928861811
2018,2018_kk_138_redo,138.0,171,2635.936190001825,Group 6,0.0,0.0,6.441705925118865,0.3559156069390286,28.29297692764041,64.5630817106459,0.34631982965578345
2018,2018_kk_138,138.0,171,2537.104627331891,Group 6,0.0,0.0,8.948816603403314,0.0,29.758946053060143,60.93242680893316,0.3598105346033833
2018,2018_kk_139,139.0,172,13922.689684485376,Group 2,1.4564870093807274,74.5940299092759,9.21251225370466,12.345221025340203,2.291632636766574,0.0,0.10011716553192684
2018,2018_kk_140,140.0,172,12421.496336304113,Group 4,0.0,19.373837639612077,7.984220639748567,69.42929467106734,2.9615171312635455,0.0,0.25112991830846454
2018,2018_kk_141,141.0,172,7599.419181118661,Group 5,0.0,1.0884487214827379,10.547079342718716,29.74814148327207,48.783258668304526,9.631102257285216,0.20196952693672188
2018,2018_kk_145,145.0,173,469.0922051362511,Group 6,0.0,0.0,27.746251139960943,0.0,26.893312120238182,45.36043673980084,2.842170943040401e-14
2018,2018_kk_146,146.0,173,6312.873935114339,Group 5,0.0,0.0,12.87229593948815,5.93322535030357,45.78235993086786,35.11335022059326,0.298768558747156
2018,2018_kk_149_redo,149.0,173,8542.704924961588,Group 2,7.921537466349311,88.56582366218238,2.5038858038753666,0.4560768397399046,0.5526762278531151,0.0,-7.105427357601002e-14
2018,2018_kk_151_redo,151.0,173,11949.319750687086,Group 4,0.0,25.663326097870065,8.398333810747188,62.16249012806501,3.3981456519289877,0.0,0.3777043113887544
2018,2018_kk_152,152.0,173,12291.843452061788,Group 2,2.3082651253346262,84.44039875327482,6.980295329967784,4.4722893977693055,1.7987513936534762,0.0,-1.4210854715202004e-14
2018,2018_kk_155_redo,155.0,173,6497.554018467322,Group 5,0.0,0.0,12.271973776139822,5.7645851898475335,48.210320889920546,33.46284348894067,0.2902766551514162
2018,2018_kk_157,157.0,174,8460.554659748408,Group 5,0.0,0.0,4.060957944573779,7.364447754373865,67.6075660472285,20.901310122403203,0.06571813142065253
2018,2018_kk_161,161.0,174,10394.17180116301,Group 2,4.584465261591619,89.22861900986632,3.7490329047046673,1.0277853385213604,1.410097485315958,0.0,8.526512829121202e-14
2018,2018_kk_164,164.0,174,8635.456019608355,Group 5,0.0,0.0,8.186742476552766,5.206406851638688,61.19664780027973,25.191790752601406,0.21841211892741796
2018,2018_kk_167,167.0,174,1609.5686183585462,Group 1,97.94007031912606,2.0599296808739225,0.0,0.0,0.0,0.0,1.4210854715202004e-14
2018,2018_kk_171,171.0,174,16095.167389433938,Group 4,0.0,14.885104817927427,5.037586639943238,73.79215640665365,6.091341826783051,0.0,0.19381030869263327
2018,2018_kk_172,172.0,174,13434.764641175621,Group 2,1.822300500526273,80.07296195354724,7.600915673226203,8.254822463266834,2.1452461792861,0.0,0.10375323014736182
2018,2018_kk_174,174.0,174,12086.203541366796,Group 2,1.1318267529321306,63.36054188458887,11.107824640832488,21.031381696905164,2.994998450172257,0.0,0.3734265745690948
2018,2018_kk_175_redo,175.0,174,8169.548637112594,Group 5,0.0,0.0,10.50494381289338,4.799723554487308,56.135530962947286,28.328933560437818,0.23086810923420842
2018,2018_kk_176,176.0,174,16620.197718144685,Group 4,0.0,13.432071903052018,5.345555398056551,74.01903530886777,7.065011399502821,0.0,0.1383259905208405
2018,2018_kk_177,177.0,174,5693.081778940478,Group 5,0.0,0.0,14.192783666167545,6.169703053431982,40.137717542843575,39.008152489113634,0.49164324844326757
2018,2018_kk_178,178.0,174,13527.857490219198,Group 2,1.3153641908663158,71.68857726569493,10.327182110159287,14.16096450425735,2.4048726836131724,0.0,0.10303924540893661
2018,2018_kk_179_redo,179.0,174,16622.200335237416,Group 4,0.0,13.160543593851223,5.309409500907989,74.08381717427329,7.307920405748915,0.0,0.13830932521858585
2018,2018_kk_181,181.0,174,8389.342129942317,Group 5,0.0,0.0,3.7635866222233916,8.583677492215548,66.74181312412975,20.84464678479233,0.06627597663897689
2018,2018_kk_183_redo,183.0,174,16409.682333754812,Group 4,0.0,12.085574954723782,6.058985269384044,71.59930856747036,9.547009891110719,0.6494712135445928,0.059650103766500706
2018,2018_kk_187_redo,187.0,175,13759.287566882644,Group 2,1.2932398741782016,72.52010163875016,9.917901076683552,13.80302835218524,2.3644229243629904,0.0,0.10130613383986997
2018,2018_kk_191,191.0,175,5754.569393353818,Group 5,0.0,0.0,14.058248959333111,6.103779732942987,41.794962076765344,37.556619194080376,0.48639003687819127
2018,2018_kk_192,192.0,175,8352.784164139617,Group 5,0.0,0.0,3.780058862895124,8.261312048919606,66.95618465156244,20.935878387256025,0.06656604936679855
2018,2018_kk_193_redo,193.0,175,15254.513884795282,Group 4,0.0,15.682265363397555,6.007042111405587,73.35112747950915,4.755074139994822,0.0,0.20449090569289297
2018,2018_kk_193,193.0,175,14988.728323641555,Group 4,0.0,16.0546607922935,6.075116718927469,73.24175579224992,4.420349684008087,0.0,0.2081170125210292
2018,2018_kk_194,194.0,175,5703.750733124206,Group 6,0.0,0.0,12.835810220651908,4.17307849290067,39.5113883685816,42.988999295741756,0.4907236221240652
2018,2018_kk_196,196.0,175,8225.071980080078,Group 5,0.0,0.0,3.7829242600548123,8.208595533077533,67.29180006103759,20.64908051334457,0.06759963248549639
2018,2018_kk_197,197.0,175,4862.071913654033,Group 6,0.0,0.0,7.617863469706288,2.514467753247525,27.44499157881472,62.23492247380179,0.18775472442968066
2018,2018_kk_199,199.0,175,13271.746632846216,Group 2,1.3407473646112658,69.73624969528846,10.34405727972073,15.919057122590988,2.554860897768534,0.0,0.10502764002002607
2018,2018_kk_201,201.0,175,12873.484983761024,Group 2,2.203974572717279,82.76719940939645,7.283377689810769,5.62415968043592,2.013011811215747,0.0,0.10827683642382624
2018,2018_kk_203,203.0,175,8392.902172857823,Group 5,0.0,0.0,3.761990210205786,8.14965478318881,67.23500173337975,20.787105409069852,0.0662478641557982
2018,2018_kk_204,204.0,175,7261.945441171951,Group 5,0.0,0.7893449106724392,8.840977322167241,21.414001643216267,49.7218997149873,19.022421048407956,0.21135536054879367
2018,2018_kk_205_redo,205.0,175,6826.434462380533,Group 5,0.0,0.0,12.37002572282905,5.34942993116197,50.69737317711763,31.306879312939223,0.2762918559521097
2018,2018_kk_206,206.0,175,3579.5736417309836,Group 6,0.0,0.0,5.466201024215581,2.044174826813066,25.774208819457968,66.46039138988465,0.25502393962872816
2018,2018_kk_208,208.0,176,15884.757713144203,Group 4,0.0,11.920017226389001,7.425170524592109,69.2021738967146,9.877656780417752,1.5133602823672963,0.06162128951923762
2018,2018_kk_211,211.0,176,8190.351323951793,Group 5,0.0,0.0,10.458826536054547,4.653959989221502,56.597003308959074,28.0599284388222,0.23028172694267823
2018,2018_kk_212_redo,212.0,176,6626.448844149834,Group 5,0.0,0.3669488299825496,7.7912076808507855,14.564522686666306,55.30540071457802,21.740295105506593,0.23162498241575236
2018,2018_kk_213,213.0,176,3663.213833718913,Group 6,0.0,0.0,6.326442985701304,1.9975012820153923,25.014979470407674,66.41187514675029,0.24920111512534504
2018,2018_kk_215,215.0,176,15177.830804715757,Group 4,0.0,15.761497002369055,6.037391539937026,73.21648916051548,4.779098240391831,0.0,0.205524056786615
2018,2018_kk_216,216.0,176,16573.881551803315,Group 4,0.0,12.166210924725174,5.8606238846642675,73.12690616753716,8.739304914177016,0.04789496509094035,0.05905914380544175
2018,2018_kk_217,217.0,176,15110.032328990115,Group 4,0.0,10.866824694254491,7.390684902536752,68.49988201445146,11.472572208707016,1.705255428250901,0.06478075179937548
2018,2018_kk_222_redo,222.0,176,8887.32700313341,Group 5,0.0,0.0,8.512146651530202,4.517953516166548,60.96274051388693,25.794937100590566,0.21222221782576867
2018,2018_kk_223_redo,223.0,176,14872.640151758511,Group 4,0.0,10.458393822542817,7.444396246184537,68.38728791390042,11.655693622745245,1.9884136338315397,0.06581476079543336
2018,2018_kk_225,225.0,176,12176.462657767688,Group 2,1.1234369860918099,63.169282488324065,11.107734447538387,21.256089804487786,2.97279775680733,0.0,0.37065851675062333
2018,2018_kk_230,230.0,176,11485.019067518979,Group 4,0.0,10.237204277697137,9.35763338856071,54.33915335207031,22.501339419945374,3.4310301582581055,0.133639403468365
2018,2018_kk_231_redo,231.0,176,11826.854936847454,Group 2,1.1566463427975704,59.69531903399693,11.265374238151102,24.239190070344698,3.26185494764064,0.0,0.38161536706905963
2018,2018_kk_233,233.0,176,8548.283634095973,Group 5,0.0,0.0,3.8038903042206815,7.288868202292733,66.91013401013552,21.932063801271685,0.06504368207937716
2018,2018_kk_234,234.0,176,8057.011370090154,Group 5,0.0,0.0,10.840063454324037,4.866764265549279,54.635878783101724,29.423200709946546,0.23409278707842418
2018,2018_kk_235,235.0,176,11829.584170159667,Group 2,1.1563794899916051,61.01901191828467,11.26560772823938,22.979039755729303,3.1984337841334547,0.0,0.38152732362158304
2018,2018_kk_236,236.0,176,6033.346059494333,Group 5,0.0,0.0,13.468675709989618,5.9860710338400525,44.059696295378075,36.17294630850281,0.3126106522894361
2018,2018_kk_239,239.0,176,7195.3631796698955,Group 5,0.0,0.7966491103278789,8.922787266891294,20.40644429613263,50.46236325237704,19.19844493782411,0.21331113644704658
2018,2018_kk_240,240.0,176,2739.834862892355,Group 6,0.0,0.0,6.197426714778293,0.6724831940243252,28.21790278532072,64.57900044681858,0.3331868590580882
2018,2018_kk_241,241.0,177,12042.166929695431,Group 4,0.0,19.59219541754366,8.022475195742524,69.02758969164834,2.98294754890547,0.0,0.37479214616000434
2018,2018_kk_242,242.0,177,12095.236813745627,Group 2,1.130981453290435,64.74560717458681,10.707119691469776,20.05038234875872,2.9927616492570546,0.0,0.3731476826372244
2018,2018_kk_243,243.0,177,16260.525742441352,Group 4,0.0,14.733733548878556,5.12820038039402,73.39537434752626,6.550852331928386,0.0,0.1918393912727936
2018,2018_kk_248_redo,248.0,177,10397.669327431224,Group 2,0.0,43.10022698234171,13.561514636641315,39.65688412349465,3.2473049054521717,0.0,0.4340693520701535
2018,2018_kk_249,249.0,177,8155.534034126274,Group 5,0.0,0.0,10.709110419811317,4.807971477894746,55.249833567242426,29.001819698284866,0.23126483676665543
2018,2018_kk_252,252.0,177,6819.6716143182275,Group 5,0.0,0.8405360257427958,8.768749185357702,17.122988371129434,52.42204646916344,20.620617631268313,0.22506231733831328
2018,2018_kk_253,253.0,177,8918.503340927016,Group 5,0.0,0.0,9.332911016362834,4.104040935417365,57.90921385323229,28.442353840599715,0.21148035438778834
2018,2018_kk_255,255.0,177,12464.82135834389,Group 2,2.276232667183343,84.42149091334862,6.883427766711428,4.64505904885136,1.7737896039052494,0.0,1.4210854715202004e-14
2018,2018_kk_257,257.0,177,3664.197120865358,Group 6,0.0,0.0,6.3247452849866965,1.9969652526286468,25.00826670169723,66.42088851867106,0.24913424201636758
2018,2018_kk_258_redo,258.0,177,10697.649163959895,Group 4,0.0,33.9446354960456,11.584293863669476,50.94930248689168,3.099870826342826,0.0,0.4218973270504165
2018,2018_kk_258,258.0,177,11941.404659509164,Group 4,0.0,26.126947591701587,9.234439049840985,60.86026065801738,3.4003980362537627,0.0,0.37795466418629076
2018,2018_kk_260,260.0,177,8155.534034126274,Group 5,0.0,0.0,10.709110419811317,4.807971477894746,55.249833567242426,29.001819698284866,0.23126483676665543
2018,2018_kk_262_redo,262.0,177,11996.912366002709,Group 4,0.0,26.63278101267535,9.28678401431605,60.31956407841379,3.384664963409746,0.0,0.37620593118505496
2018,2018_kk_263,263.0,177,8942.995681428476,Group 5,0.0,0.0,8.607208752588912,4.407341565941327,60.58325747369037,26.191291038379916,0.21090116939947734
2018,2018_kk_266,266.0,177,8498.522004917397,Group 5,0.0,0.0,9.813853393276254,4.183807788182175,56.65366990739198,29.12673758637851,0.22193132477107724
2018,2018_kk_267,267.0,178,8498.895952929573,Group 5,0.0,0.0,3.889977649149244,7.33122432723325,67.27778198644728,21.43559438168699,0.06542165548324874
2018,2018_kk_269_redo,269.0,178,8168.071319358974,Group 5,0.0,0.0,10.487355021439647,4.446768856949023,56.64825563568142,28.186710620748283,0.23090986518161571
2018,2018_kk_283,283.0,178,5188.550631044253,Group 2,18.464780954322105,80.92586553331424,0.6093535123637563,0.0,0.0,0.0,-9.947598300641403e-14
2018,2018_kk_284,284.0,178,5850.554756487752,Group 6,0.0,0.0,12.513729894605383,4.068366249691536,38.58413979551728,44.35535383483959,0.4784102253462095
2018,2018_kk_285,285.0,178,6815.882622068769,Group 5,0.0,0.0,12.389176072580831,5.3577115189654085,50.62104653330174,31.35534628478821,0.2767195903638111
2018,2018_kk_286,286.0,178,8615.485098234458,Group 5,0.0,0.0,3.673610550338241,6.476695702701393,67.8469977823427,21.719241224423477,0.2834547401942018
2018,2018_kk_274,274.0,179,1672.962795251175,Group 6,0.0,0.0,10.642958400073239,0.0,22.841378575567077,66.51566302435974,-5.684341886080802e-14
2018,2018_kk_276,276.0,179,3902.3497225822725,Group 6,0.0,0.0,8.977058565493916,2.370289056241304,23.29049471143058,65.1282275895214,0.2339300773128059
2018,2018_kk_279,279.0,179,10314.300131821929,Group 2,0.0,44.35132254983577,13.671130660225142,38.229196341312374,3.31077256837154,0.0,0.4375778802551622
2018,2018_kk_281_redo,281.0,179,8065.650981945674,Group 5,0.0,0.0,10.8284519996573,4.861551176817721,54.64564961053835,29.430505177003557,0.23384203598307352
2018,2018_kk_296,296.0,179,1755.9321866452935,Group 1,89.19888882853468,10.801111171465315,0.0,0.0,0.0,0.0,0.0
2018,2018_kk_297,297.0,179,8498.895952929573,Group 5,0.0,0.0,3.889977649149244,7.33122432723325,67.27778198644728,21.43559438168699,0.06542165548324874
2018,2018_kk_298,298.0,179,16484.519936011795,Group 4,0.0,12.178214121937584,6.757929955252765,70.75047665489281,9.562525269112529,0.6914746988438988,0.05937929996041191
2018,2018_kk_301,301.0,179,8778.219859626608,Group 5,0.0,0.0,8.617946690844661,4.574108523733926,59.83981006671848,26.753274726892734,0.21485999181021498
2018,2018_kk_303,303.0,179,3749.4502331722074,Group 6,0.0,0.0,7.502580352686867,2.2826541227130783,24.05716610566015,65.91412986592948,0.24346955301041362
2018,2018_kk_287,287.0,180,16624.201541618615,Group 4,0.0,12.18787088590951,6.08708945463358,72.90555748114386,8.712851810058105,0.04774999126169829,0.058880376993244
2018,2018_kk_290,290.0,180,8789.845821823146,Group 5,0.0,0.0,9.764429868198135,4.16411203743153,57.29098129186998,28.565900997033367,0.2145758054669784
2018,2018_kk_291,291.0,180,16514.7386411266,Group 4,0.0,12.008694181446122,6.010568986368135,72.41912198858967,9.129042195448436,0.3733020005610236,0.059270647586615155
2018,2018_kk_292,292.0,180,12733.483194982726,Group 2,2.2282067783029342,83.25002804500534,7.232220664160695,5.327378299036821,1.9621662134942166,0.0,0.0
2018,2018_kk_318,318.0,180,13246.030166723469,Group 2,1.343350354620137,69.58810232962652,10.364139719157865,16.039355026065664,2.5598210249084263,0.0,0.10523154562137904
2018,2018_kk_319,319.0,180,3122.066242254583,Group 6,0.0,0.0,5.438682095709808,0.9405631833476001,28.066437848621973,65.26192173990792,0.2923951324127074
2018,2018_kk_320_redo,320.0,180,13835.035607648828,Group 2,1.4657148153547945,73.8407895197356,9.395576378325607,12.891016171573483,2.3061516411927876,0.0,0.10075147381773775
2018,2018_kk_324,324.0,180,3895.377347930952,Group 6,0.0,0.0,8.993126691889607,2.374531660193606,22.27877305634173,66.11921980049064,0.23434879108441464
2018,2018_kk_325,325.0,180,16545.83486920541,Group 4,0.0,12.927765227085262,5.141493799738972,73.91780622303678,7.95377549575738,0.0,0.05915925438159775
2018,2018_kk_326,326.0,180,1660.8313487647551,Group 6,0.0,0.0,10.720699273873405,0.0,23.008222103702337,66.27107862242431,-5.684341886080802e-14
2018,2018_kk_327,327.0,180,1909.923418745603,Group 1,99.99999999999997,0.0,0.0,0.0,0.0,0.0,2.842170943040401e-14
2018,2018_kk_304,304.0,181,8065.650981945674,Group 5,0.0,0.0,10.8284519996573,4.861551176817721,54.64564961053835,29.430505177003557,0.23384203598307352
2018,2018_kk_307,307.0,181,16540.84291831277,Group 4,0.0,12.860668932088949,5.2453703016465525,73.8212997745555,7.9654932529739,0.04799063036057,0.059177108374527165
2018,2018_kk_308,308.0,181,12142.488123083462,Group 4,0.0,22.810248770179864,8.009282635525956,65.61367886876556,3.195094110738034,0.0,0.3716956147905819
2018,2018_kk_311,311.0,181,5682.74579486297,Group 6,0.0,0.0,12.883254785471514,4.188503299722384,40.000891672188345,42.43481277560988,0.49253746700787815
2018,2018_kk_314,314.0,181,15149.373087577389,Group 4,0.0,10.838605102299399,7.371492349230126,68.64199483612364,11.382468063496074,1.7008271234131602,0.06461252543759599
2018,2018_kk_330,330.0,181,5341.056578967458,Group 6,0.0,0.0,6.376884024155646,2.5209925540868507,35.419214514774126,55.51199198093917,0.17091692604421382
2018,2018_kk_332,332.0,181,8174.581536911143,Group 5,0.0,0.0,10.684157239073713,4.7967684762852745,55.569840369383016,28.718507946151135,0.2307259691068566
2018,2018_kk_333,333.0,181,8277.104916980681,Group 5,0.0,0.0,10.349205987569391,4.183731990434649,56.602075345671956,28.63711856711616,0.22786810920784717
2018,2018_kk_336,336.0,182,6558.148823129101,Group 5,0.0,0.0,12.158585398743277,5.7070944276788955,49.427139406675565,32.41958615781157,0.28759460909068935
2018,2018_kk_338,338.0,182,8166.367347946773,Group 5,0.0,0.0,10.489543283660135,4.447696707324356,56.639209981730495,28.19259198109559,0.2309580461894285
2018,2018_kk_341,341.0,182,8847.587604046208,Group 5,0.0,0.0,8.598873779250647,4.3212615301205695,59.483100769976005,27.38358849571709,0.21317542493568453
2018,2018_kk_342,342.0,182,13043.648911232945,Group 2,1.3641933666623833,68.85368561358437,10.11705618010062,16.856996889687036,2.701203663961127,0.0,0.10686428600446618
2018,2018_kk_343,343.0,182,10326.525494248743,Group 2,0.0,42.966033779093834,13.234232492760267,40.24779131799922,3.114882569398535,0.0,0.43705984074813387
2018,2018_kk_347_redo,347.0,182,11893.81239176741,Group 4,0.0,30.241462646940153,10.050929623249285,55.697128362537974,3.6310123436358497,0.0,0.37946702363673523
2018,2018_kk_348,348.0,182,3125.007028497713,Group 6,0.0,0.0,5.433564026744853,1.033783014978718,28.040025941843457,65.20050704230796,0.2921199741250149
2018,2018_kk_349,349.0,182,8002.663129427746,Group 5,0.0,0.30384480903095024,5.911133217453784,10.691955059489368,61.081806183070384,21.941782379308307,0.06947835164720573
2018,2018_kk_354,354.0,182,7468.651143608634,Group 5,0.0,0.0,11.210597592429382,4.768359116072831,52.89028240877377,30.878226896214194,0.2525339865098317
2018,2018_kk_358,358.0,183,16034.740417745115,Group 4,0.0,12.263059185578776,7.211849046197555,69.3055349010748,9.823088796919045,1.3354231622061534,0.06104490802366058
2018,2018_kk_359,359.0,184,3138.499246082213,Group 6,0.0,0.0,5.410205465101205,1.029338844603127,27.91948357384555,65.35010794834658,0.2908641681035391
2018,2018_kk_361_redo,361.0,184,12226.676878082828,Group 4,0.0,19.298318404304872,7.901409881015918,69.49320289151237,2.937932578461828,0.0,0.36913624470501816
2018,2018_kk_362,362.0,184,12382.642373374965,Group 2,1.1047309691278415,65.87444851637594,10.66585927225637,19.25283941778691,2.9232985806561715,0.0,0.17882324379678494
2018,2018_kk_364,364.0,185,7578.95906989211,Group 2,8.928845835291382,87.73764111197801,2.7338278680399246,0.3581627051728678,0.2415224795178974,0.0,-8.526512829121202e-14
2018,2018_kk_366,366.0,185,2564.084263585411,Group 6,0.0,0.0,9.070381086724879,0.0,28.74243033505286,61.831164018004216,0.35602456021804585
2018,2018_kk_367,367.0,185,12145.101927157215,Group 4,0.0,25.914737285140856,9.07955932845232,61.29072109865713,3.3433666673072517,0.0,0.3716156204424408
2018,2018_kk_368_redo,368.0,185,5748.844582489569,Group 5,0.0,0.0,14.072248436135778,6.109857995109712,41.73700037182171,37.59401880342825,0.4868743935045643
2018,2018_kk_369,369.0,185,8385.254816940136,Group 5,0.0,0.0,3.7654211468587997,8.587861524470545,66.77434578849437,20.806063257940526,0.06630828223576657
2018,2018_kk_370,370.0,185,2915.346451444956,Group 6,0.0,0.0,5.824325189534201,0.6319979221625069,28.74869273921575,64.48185602263362,0.3131281264539183
2018,2018_kk_373,373.0,185,10803.3824992314,Group 2,0.3325089305601802,52.24471200466936,11.854985946385424,31.74859057742234,3.401434347684472,0.0,0.4177681932782207
2018,2018_kk_376,376.0,185,8551.494553997774,Group 5,0.0,0.0,4.017772150125952,7.286131374031362,67.32732906000511,21.303748156395873,0.06501925944169784
2018,2018_kk_379,379.0,186,5621.077147600131,Group 6,0.0,0.0,10.870514972772934,4.145711767305882,34.801303667002706,49.729128485541935,0.453341107376545
2018,2018_kk_382,382.0,186,6818.333954427834,Group 5,0.0,0.0,12.384721907030734,5.35578531064168,50.75760408944123,31.225268588949962,0.2766201039363949
2018,2018_kk_384,384.0,186,3908.737440430452,Group 6,0.0,0.0,8.962388120600426,2.3664154940129265,22.87416442858254,65.56348417156205,0.23354778524205244
2018,2018_kk_386_redo,386.0,186,16767.90782841101,Group 4,0.0,13.046182885557444,5.297457603734819,74.02604430182684,7.571939455387961,0.0,0.05837575349292479
2018,2018_kk_387,387.0,186,8881.096060668811,Group 5,0.0,0.0,8.447959129344888,4.521123294786738,61.00551173559553,25.813034728164208,0.21237111210862736
2018,2018_kk_389,389.0,186,5691.782818390738,Group 5,0.0,0.0,14.19602269805994,6.171111083415861,39.99506337833194,39.14604739049244,0.49175544969980933
2018,2018_kk_391,391.0,186,13493.209764272684,Group 4,0.0,10.67973244341696,8.245748085609545,66.67024361505347,12.119840412494803,2.2118923442601095,0.07254309916511659
2018,2018_kk_392,392.0,186,2675.5642201616006,Group 6,0.0,0.0,8.699583441500852,0.3506441078287352,27.873927018634433,62.7346549775419,0.34119045449406826
2018,2018_kk_393,393.0,186,1801.5778581562788,Group 1,85.29425260614224,14.705747393857735,0.0,0.0,0.0,0.0,2.842170943040401e-14
2018,2018_kk_395,395.0,187,3579.5736417309836,Group 6,0.0,0.0,5.466201024215581,2.044174826813066,25.774208819457968,66.46039138988465,0.25502393962872816
2018,2018_kk_398,398.0,187,8034.285586464186,Group 5,0.0,1.029534985118726,10.346996685662138,32.827080464960154,47.447226023110176,8.158124183788146,0.1910376573606527
2018,2018_kk_400,400.0,187,8178.243387328784,Group 5,0.0,0.0,10.493775416678892,4.794620698600469,56.182165745452515,28.298815478897144,0.2306226603709831
2018,2018_kk_401,401.0,187,5754.980873487032,Group 5,0.0,0.0,14.064393779610407,6.103343313751883,41.79197374423374,37.55393390232897,0.4863552600750012
2018,2018_kk_402,402.0,187,16543.637801358476,Group 4,0.0,11.89199048414222,5.977004511659725,72.99293766141591,8.788908297381425,0.2899919344100397,0.0591671109906855
2018,2018_kk_405,405.0,187,7359.087583379477,Group 2,9.195617848044911,87.72000708279425,2.466772762068229,0.3688637282966584,0.24873857879598618,0.0,-2.842170943040401e-14
2018,2018_kk_406,406.0,187,6574.252047740752,Group 5,0.0,0.0,12.128803694267377,5.693115252134448,49.08071653959752,32.81047435015387,0.2868901638467918
2018,2018_kk_408,408.0,188,8179.405886250074,Group 5,0.0,0.0,10.47282222667994,4.44060677136979,56.7083300779058,28.14765104094335,0.23058988310111772
2018,2018_kk_409,409.0,188,7282.1185166081505,Group 5,0.0,0.787158251063445,8.816485863803436,21.35468013264839,49.86118114902675,18.969724743903505,0.2107698595544889
2018,2018_kk_411_redo,411.0,188,8141.909339486782,Group 5,0.0,0.0,3.821563596052433,8.170672540332518,66.36305905782042,21.576414700877322,0.06829010491730969
2018,2018_kk_414,414.0,189,12308.292398362672,Group 2,1.1114042522520617,65.14735035731663,10.730287898479322,19.703311788940177,2.940957177754025,0.0,0.3666885252577856
2018,2018_kk_419,419.0,190,14950.888769644256,Group 4,0.0,16.095293908713423,6.090492373891372,72.75392900672325,4.85164096993733,0.0,0.20864374073461533
2018,2018_kk_421_redo,421.0,190,8488.296799941494,Group 5,0.0,0.0,7.374474162490108,5.846580013088145,62.40027985213873,24.156467303739802,0.22219866854321424
2018,2018_kk_417_redo,417.0,191,5331.992387494763,Group 6,0.0,0.0,6.387724493082363,2.2928620583792156,35.02445194431703,56.12375402567243,0.17120747854895058
2018,2018_kk_417,417.0,191,5814.901557062479,Group 5,0.0,0.0,13.83342038051603,6.040450330978776,40.90080095367502,38.743984808721464,0.48134352610871645
2018,2018_kk_426,426.0,191,6508.314173652871,Group 5,0.0,0.0,12.251684598521626,5.755054637147084,48.29594444301979,33.40751957874156,0.2897967425699335
2018,2018_kk_422,422.0,192,8468.829173973518,Group 5,0.0,0.0,10.11491222775069,4.089017255865633,56.11337606785673,29.459985003289376,0.22270944523756953
2018,2018_kk_423,423.0,192,4096.520437573577,Group 6,0.0,0.0,8.551555530236703,2.395089023012308,21.532780448448257,67.29773295803552,0.22284204026721
2018,2018_kk_433,433.0,194,5520.805954255796,Group 6,0.0,0.0,14.173360772123145,5.707947792162517,38.810013365385785,40.801693176701995,0.5069848936265657
2018,2018_kk_429,429.0,195,8533.976446425855,Group 5,0.0,0.0,4.026019625985209,8.567517453831625,66.5206306681848,20.820679524367694,0.06515272763068936
2018,2018_kk_428,428.0,196,12691.852310584269,Group 4,0.0,19.130455851595062,7.938542692239834,69.78678872979907,2.898432261555251,0.0,0.2457804648107782
2018,2018_kk_435,435.0,197,8357.817276785758,Group 5,0.0,0.0,3.7777824955810364,7.753103022684393,67.45262758069774,20.949960938024386,0.06652596301243818
2018,2018_kk_436,436.0,198,8984.581139385044,Group 5,0.0,0.0,8.96562028155154,4.223533995256544,59.677406587955204,26.923514129508842,0.2099250057278681
2019,2019_kk_006,6.0,152,13938.742846711713,Group 4,0.0,18.728886221676447,5.878867726397857,72.3847737290542,2.7836781547380025,0.0,0.2237941681334945
2019,2019_kk_007,7.0,152,10447.117387639253,Group 2,0.0,42.10563117004889,13.2206977005451,41.04912504820708,3.1925312563882042,0.0,0.4320148248107216
2019,2019_kk_009,9.0,154,8409.125794725516,Group 5,0.0,0.0,4.178788662723652,8.205960779004366,66.75352371759608,20.795606787700933,0.06612005297496637
2019,2019_kk_011,11.0,154,12382.871359950432,Group 2,2.2912968036018255,84.97605492068071,6.928982378241022,4.018137331664501,1.7855285658119768,0.0,-2.842170943040401e-14
2019,2019_kk_013,13.0,154,12176.462657767688,Group 2,1.1234369860918099,63.169282488324065,11.107734447538387,21.256089804487786,2.97279775680733,0.0,0.37065851675062333
2019,2019_kk_014,14.0,155,11998.393163150233,Group 2,1.1401100400272586,62.78710166039869,10.624458228943505,22.055253188645125,3.0169173807400065,0.0,0.37615950124541087
2019,2019_kk_015,15.0,155,13182.526804780422,Group 2,1.349821592270481,69.3410067988175,10.414066241254929,16.116620407933418,2.6727464887587518,0.0,0.10573847096492273
2019,2019_kk_016,16.0,156,12220.038835046427,Group 2,1.1194308540386917,64.89564325855045,10.807782426543673,19.845609820720394,2.9621968770709293,0.0,0.3693367630758644
2019,2019_kk_017,17.0,156,10714.121995719877,Group 4,0.0,40.396201141221255,12.617121362758407,43.45245804226389,3.112970788695415,0.0,0.42124866506101455
2019,2019_kk_019,19.0,156,13434.764641175621,Group 2,1.822300500526273,80.07296195354724,7.600915673226203,8.254822463266834,2.1452461792861,0.0,0.10375323014736182
2019,2019_kk_021,21.0,156,10318.835420694879,Group 2,0.0,44.46045462308365,13.665121985385767,38.12772040130285,3.3093174322657646,0.0,0.4373855579619601
2019,2019_kk_023,23.0,157,13228.37304721107,Group 2,1.345143447215417,69.5475087880135,10.377973684454373,16.060764220347252,2.563237852178556,0.0,0.10537200779089062
2019,2019_kk_026,26.0,157,8295.037796459768,Group 5,0.0,0.0,3.806373953230381,7.811780968538446,67.33564136835926,20.979174257244505,0.06702945262740911
2019,2019_kk_029,29.0,157,13372.413056826254,Group 2,1.330654328890448,70.69532181909554,10.447227981075605,14.8869307549621,2.5356281153790086,0.0,0.10423700059730834
2019,2019_kk_030,30.0,157,13512.041703010345,Group 2,1.8118785353225062,79.70648850240805,7.685737735222152,8.55975812741491,2.132977247226006,0.0,0.10315985240637815
2019,2019_kk_030a,30.0,157,12749.386480365176,Group 2,2.2254273654785575,83.52650554313647,7.036005911819579,5.252342526140754,1.9597186534246354,0.0,2.842170943040401e-14
2019,2019_kk_031_sld25,31.0,158,12403.729637576445,Group 2,1.1028528442010466,66.69976830165898,10.639003967699848,18.527668622997474,2.918328755344649,0.0,0.11237750809800673
2019,2019_kk_031,31.0,158,12561.883498656498,Group 4,0.0,10.373764683162015,8.625391226584789,63.38969005931807,14.642702601660975,2.8462682314145384,0.12218319785961285
2019,2019_kk_034_sld25,34.0,159,12976.678137614539,Group 2,1.886629079525547,81.67334111745174,7.225458805906319,7.085240199925508,2.0219149999422115,0.0,0.10741579724867734
2019,2019_kk_034,34.0,159,8542.704924961588,Group 2,7.921537466349311,88.56582366218238,2.5038858038753666,0.4560768397399046,0.5526762278531151,0.0,-7.105427357601002e-14
2019,2019_kk_035,35.0,159,8699.072867171952,Group 5,0.0,0.0,9.587602068553048,4.317387726071064,56.167176856821854,29.71101849070114,0.21681485785289567
2019,2019_kk_036,36.0,159,9654.750019219018,Group 4,0.0,7.864158946849487,11.000111160404428,43.60022018506003,32.062579852979844,5.313956179163105,0.15897367554310904
2019,2019_kk_038,38.0,159,3579.5736417309836,Group 6,0.0,0.0,5.466201024215581,2.044174826813066,25.774208819457968,66.46039138988465,0.25502393962872816
2019,2019_kk_041,41.0,159,12348.030691317465,Group 2,1.1078275436358245,65.77879417541138,10.69575580711524,19.30680536371715,2.9314926225695883,0.0,0.1793244875508151
2019,2019_kk_045,45.0,159,16671.14229793661,Group 4,0.0,13.121907799005234,5.293822511300183,73.86632713358148,7.521324681499683,0.0,0.19661787461342328
2019,2019_kk_046,46.0,159,13324.632307116062,Group 4,0.0,10.421449361252078,8.415121879416287,65.85388237085618,12.777843177122689,2.4582423284237644,0.07346088292899822
2019,2019_kk_047,47.0,159,4984.049897859314,Group 2,19.222410055282754,80.77758994471733,0.0,0.0,0.0,0.0,-8.526512829121202e-14
2019,2019_kk_048,48.0,160,10779.414859566847,Group 4,0.0,33.67333308938035,11.496422874546388,51.26282927464545,3.148717675658591,0.0,0.4186970857692245
2019,2019_kk_050,50.0,160,12794.853438213422,Group 2,2.2175192317348484,82.92308900695386,7.247913742595083,5.658723293861798,1.9527547248544526,0.0,-5.684341886080802e-14
2019,2019_kk_051,51.0,160,13632.107181766301,Group 2,1.6616410165150308,78.89233839633144,7.668815239293149,9.56076313969641,2.114190941415097,0.0,0.10225126674886553
2019,2019_kk_052_sld24,52.0,160,12124.876512389426,Group 2,1.128216728271339,64.83178781140793,10.68094575059096,20.00136846479026,2.9854457352924,0.0,0.37223550964709773
2019,2019_kk_052_sld32,52.0,160,13116.268121443174,Group 2,1.3566404069375746,69.59176059488522,10.061042333582012,16.19803579516007,2.6862482456304253,0.0,0.10627262380471336
2019,2019_kk_053,53.0,160,6935.750546209556,Group 5,0.0,0.350584646045102,7.419376373986481,13.667926694270532,55.642954853281026,22.83899136541133,0.08016606700552131
2019,2019_kk_054,54.0,160,15926.324851161504,Group 4,0.0,11.888906407926587,7.405791095195677,69.2825551208973,9.851876449643623,1.5094104661783796,0.06146046015842899
2019,2019_kk_054a,54.0,160,12749.386480365176,Group 2,2.2254273654785575,83.52650554313647,7.036005911819579,5.252342526140754,1.9597186534246354,0.0,2.842170943040401e-14
2019,2019_kk_056,56.0,160,5703.750733124206,Group 6,0.0,0.0,12.835810220651908,4.17307849290067,39.5113883685816,42.988999295741756,0.4907236221240652
2019,2019_kk_057,57.0,160,13201.15600743247,Group 2,1.3479167515146895,69.48472438760133,10.399370122950518,16.0938769612628,2.568522521683672,0.0,0.10558925498698102
2019,2019_kk_058,58.0,160,3326.890739087328,Group 6,0.0,0.0,5.103842327574646,2.1994333156722217,26.441756496299806,65.98057442709529,0.27439343335802846
2019,2019_kk_061,61.0,160,8555.854809535374,Group 5,0.0,0.0,6.473377881172484,6.479886581374997,64.45660515259283,22.369686222454725,0.22044416240495934
2019,2019_kk_062,62.0,160,8002.663129427746,Group 5,0.0,0.30384480903095024,5.911133217453784,10.691955059489368,61.081806183070384,21.941782379308307,0.06947835164720573
2019,2019_kk_064,64.0,160,11229.832285156865,Group 4,0.0,32.37984574784928,10.804416641249079,52.46421768357663,3.9496163660435686,0.0,0.40190356128144344
2019,2019_kk_065,65.0,160,5754.980873487032,Group 5,0.0,0.0,14.064393779610407,6.103343313751883,41.79197374423374,37.55393390232897,0.4863552600750012
2019,2019_kk_066,66.0,160,8193.94612553539,Group 2,8.258701740320312,88.4319554809258,2.6104586557688507,0.4754888310609227,0.22339529192418212,0.0,-7.105427357601002e-14
2019,2019_kk_067,67.0,160,8579.625947069704,Group 5,0.0,0.0,4.004598437387665,8.52193237868526,66.59275553190682,20.815907581633176,0.06480607038707831
2019,2019_kk_070,70.0,160,8727.343480207084,Group 5,0.0,0.0,4.165546995049619,6.673764459907103,67.64010179954447,21.30447421922738,0.21611252627141653
2019,2019_kk_071,71.0,160,3138.499246082213,Group 6,0.0,0.0,5.410205465101205,1.029338844603127,27.91948357384555,65.35010794834658,0.2908641681035391
2019,2019_kk_072,72.0,160,8468.202902840216,Group 5,0.0,0.0,10.11566028228089,4.0893196616417224,55.93510162486419,29.637192515362187,0.2227259158510151
2019,2019_kk_073,73.0,160,12606.566994477758,Group 2,1.0851081436757706,68.24039762368844,10.467824339985489,17.30124350065308,2.794857017448039,0.0,0.11056937454918625
2019,2019_kk_074,74.0,160,10958.533769302896,Group 2,0.3278012585328294,53.23265012237023,11.787867461321959,30.88655100800667,3.35327673187401,0.0,0.4118534178943065
2019,2019_kk_076,76.0,160,12382.642373374965,Group 2,1.1047309691278415,65.87444851637594,10.66585927225637,19.25283941778691,2.9232985806561715,0.0,0.17882324379678494
2019,2019_kk_078,78.0,160,10633.742522822573,Group 2,0.3378134418378316,47.59410779558608,13.314340435793653,35.110314708184134,3.2189907739708143,0.0,0.424432844627475
2019,2019_kk_080,80.0,160,2101.2141181796787,Group 1,76.59867418606703,23.40132581393296,0.0,0.0,0.0,0.0,1.4210854715202004e-14
2019,2019_kk_082,82.0,161,3122.066242254583,Group 6,0.0,0.0,5.438682095709808,0.9405631833476001,28.066437848621973,65.26192173990792,0.2923951324127074
2019,2019_kk_083,83.0,161,13234.905639810619,Group 2,1.3444795003488685,69.56253977683528,10.372851239615366,16.052836817436773,2.5619726683472748,0.0,0.10531999741643006
2019,2019_kk_085,85.0,161,12457.120142405845,Group 2,1.0981260799544699,66.979970413126,10.593405804864133,18.310780872410053,2.905820965123087,0.0,0.11189586452226763
2019,2019_kk_085a,85.0,161,12110.55582816442,Group 2,2.34281844442539,86.38500209116597,6.265847835699501,3.3114557718854467,1.6948758568237063,0.0,-1.4210854715202004e-14
2019,2019_kk_087,87.0,161,9158.631778170933,Group 4,0.0,5.184806530191878,10.442588502335354,42.623211468413565,35.650495805307415,5.931312498257547,0.16758519549424022
2019,2019_kk_171,171.0,161,8544.167654559697,Group 5,0.0,0.0,9.761424680294326,4.395661689162094,56.44053340272246,29.181634530475066,0.22074569734606087
2019,2019_kk_088,88.0,162,13472.06941664302,Group 2,1.8172544672181101,80.26241422869847,7.445594993845177,8.231964482878535,2.1393058946449224,0.0,0.10346593271478355
2019,2019_kk_089,89.0,162,12771.933251610626,Group 2,2.221498735353084,83.30045403436007,7.210447978021156,5.311340163443653,1.9562590888220228,0.0,1.4210854715202004e-14
2019,2019_kk_090,90.0,162,11615.394069042899,Group 4,0.0,10.122298531463128,9.412325357820643,56.06766290532617,20.873054666688695,3.3925191478306846,0.13213939087069093
2019,2019_kk_091,91.0,162,13061.44418531231,Group 2,1.3623347517563607,69.07371257355219,10.10327242196125,16.65643809247779,2.6975234691172503,0.0,0.10671869113517118
2019,2019_kk_093,93.0,162,12054.129280076972,Group 2,2.353785404754331,86.32126896566488,6.295178877037682,3.326957017476083,1.7028097350670222,0.0,-1.4210854715202004e-14
2019,2019_kk_094,94.0,162,10753.367235105301,Group 2,0.33405547143641495,52.02259615106891,11.910124977756361,31.896257267180438,3.4172548468441812,0.0,0.41971128571368865
2019,2019_kk_095,95.0,162,12807.911605266227,Group 2,1.3893021649572148,68.2436918856587,10.303266675746938,17.203987146430325,2.7509209398320666,0.0,0.10883118737474717
2019,2019_kk_096,96.0,162,16761.457436293505,Group 4,0.0,12.99286578848948,5.2994962497714075,74.07438634203213,7.574853401192668,0.0,0.058398218514312816
2019,2019_kk_098,98.0,163,12407.499539472195,Group 2,1.1025177527497143,66.31263351539722,10.635771406529958,18.91929191343896,2.9174420486337445,0.0,0.11234336325040317
2019,2019_kk_098a,98.0,163,8560.912372473136,Group 5,0.0,0.0,6.541610279114411,6.362348976114218,63.648480362410076,23.227246452597058,0.22031392976424513
2019,2019_kk_099,99.0,163,1801.5778581562788,Group 1,85.29425260614224,14.705747393857735,0.0,0.0,0.0,0.0,2.842170943040401e-14
2019,2019_kk_101,101.0,163,1609.5686183585462,Group 1,97.94007031912606,2.0599296808739225,0.0,0.0,0.0,0.0,1.4210854715202004e-14
2019,2019_kk_101a,101.0,163,10827.91590756122,Group 2,4.400820984596993,88.4591983260235,3.8082325570329845,1.9040338347501555,1.4277142975963397,0.0,4.263256414560601e-14
2019,2019_kk_103,103.0,163,16811.931169016363,Group 4,0.0,12.134222545617654,6.239097599813514,72.8615837230037,8.65965644623059,0.04721679326215349,0.058222892072393506
2019,2019_kk_109,109.0,164,13650.911832629034,Group 4,0.0,10.55635490523716,8.150489135570922,66.94970910649603,12.085402334570905,2.186339472631591,0.07170504549340251
2019,2019_kk_111,111.0,164,8579.168824852515,Group 5,0.0,0.0,6.740489526769526,6.3488099114944685,63.513036536268075,23.177818923261402,0.2198451022065342
2019,2019_kk_112,112.0,164,13090.685773242323,Group 4,0.0,17.70146605608579,6.961768837021835,72.43271312406205,2.6657597027893325,0.0,0.23829228004099434
2019,2019_kk_113,113.0,164,8179.601169433673,Group 5,0.0,0.0,10.472572194187729,4.660076520818695,56.57631101213856,28.060455894952202,0.23058437790281516
2019,2019_kk_114,114.0,164,16077.771917541017,Group 4,0.0,12.2302376085874,7.192546826813478,69.3876873831111,9.796797701005525,1.331848956661589,0.06088152382089618
2019,2019_kk_115,115.0,165,11973.346956286936,Group 4,0.0,25.392979999941712,8.381480670693392,62.45726645570422,3.391326510670055,0.0,0.37694636299060846
2019,2019_kk_117,117.0,165,12561.86520088859,Group 2,2.2586481476062965,83.88593642698716,6.897158554449641,4.969283887587837,1.9889729833690712,0.0,0.0
2019,2019_kk_118,118.0,165,3409.057383798849,Group 2,36.70404843972405,63.295951560275945,0.0,0.0,0.0,0.0,0.0
2019,2019_kk_119,119.0,165,1985.5525857278787,Group 1,81.06066633063108,18.939333669368903,0.0,0.0,0.0,0.0,1.4210854715202004e-14
2019,2019_kk_120,120.0,165,13490.188977675347,Group 2,1.8148135930921423,79.83560485530295,7.698187843667823,8.411634295086511,2.1364324520423774,0.0,0.1033269608082037
2019,2019_kk_122,122.0,165,11973.346956286936,Group 4,0.0,25.392979999941712,8.381480670693392,62.45726645570422,3.391326510670055,0.0,0.37694636299060846
2019,2019_kk_123,123.0,165,4989.858971675264,Group 2,19.20003178776749,80.7999682122326,0.0,0.0,0.0,0.0,-8.526512829121202e-14
2019,2019_kk_125,125.0,165,13377.640071991154,Group 2,1.3301344053225452,70.70677196997639,10.443145959224635,14.881114018049141,2.5346373751183715,0.0,0.10419627230892559
2019,2019_kk_126,126.0,165,9149.847987253283,Group 4,0.0,5.18978390867654,10.45261331522529,42.568130147424434,35.68472003522912,5.937006517319341,0.16774607612526893
2019,2019_kk_127,127.0,165,2526.073218306343,Group 1,52.55306553673106,47.44693446326898,0.0,0.0,0.0,0.0,-4.263256414560601e-14
2019,2019_kk_129,129.0,166,16621.42479150849,Group 4,0.0,13.497256014624122,5.345160763497482,73.9547776167981,7.064489826448041,0.0,0.1383157786322613
2019,2019_kk_131,131.0,166,12909.177624457925,Group 2,2.1978807939485945,82.37876673107945,7.263239847532597,6.044689139898846,2.0074460262070866,0.0,0.10797746133340524
2019,2019_kk_132,132.0,166,11955.177575074369,Group 2,2.3732674306421178,86.30345465276473,6.251880331483663,3.3544938789975722,1.7169037061119368,0.0,-1.4210854715202004e-14
2019,2019_kk_134,134.0,167,12382.642373374965,Group 2,1.1047309691278415,65.87444851637594,10.66585927225637,19.25283941778691,2.9232985806561715,0.0,0.17882324379678494
2019,2019_kk_135,135.0,167,3777.2254287188075,Group 6,0.0,0.0,7.447411382676348,2.2658690073367067,24.25273399404769,65.79230637557288,0.24167924036638055
2019,2019_kk_138a,138.0,167,7596.966227344562,Group 5,0.0,1.088800166298915,10.479830180970879,28.741784624497935,49.196050334201445,10.29149995396846,0.20203474006237343
2019,2019_kk_140,140.0,167,16304.900240419774,Group 4,0.0,12.059869601700676,7.1435098172867955,69.7400386317093,9.683252295172904,1.3132962139036497,0.06003344022667534
2019,2019_kk_142,142.0,167,10347.048497070467,Group 2,0.0,42.88081217867934,13.591327318810793,39.982963243850264,3.1087043105666368,0.0,0.43619294809296605
2019,2019_kk_143,143.0,167,16304.900240419774,Group 4,0.0,12.059869601700676,7.1435098172867955,69.7400386317093,9.683252295172904,1.3132962139036497,0.06003344022667534
2019,2019_kk_144,144.0,167,13486.731651983255,Group 2,1.3193752037885582,71.35995764119227,10.358673358880994,14.446434352287088,2.412205995160879,0.0,0.10335344869022833
2019,2019_kk_147,147.0,167,8659.56061174767,Group 5,0.0,0.0,7.518559703208896,5.730949714512385,62.457939996774094,24.074746434496316,0.21780415100830908
2019,2019_kk_148,148.0,167,11920.512437884207,Group 2,2.380168949473699,86.52081500637696,6.270060950019708,3.1259382160201703,1.703016878109456,0.0,0.0
2019,2019_kk_149_sld25,149.0,167,12095.236813745627,Group 2,1.130981453290435,64.74560717458681,10.707119691469776,20.05038234875872,2.9927616492570546,0.0,0.3731476826372244
2019,2019_kk_149,149.0,167,5754.980873487032,Group 5,0.0,0.0,14.064393779610407,6.103343313751883,41.79197374423374,37.55393390232897,0.4863552600750012
2019,2019_kk_152_sld26,152.0,168,5687.813276270331,Group 6,0.0,0.0,11.559496974142425,4.097069390966499,35.54705155688326,48.34836010278344,0.44802197522437837
2019,2019_kk_152,152.0,168,5947.22617884545,Group 6,0.0,0.0,12.984686013603566,4.693319939749747,39.92634769204238,41.92501262800963,0.4706337265946843
2019,2019_kk_155,155.0,168,6208.5552258481375,Group 5,0.0,0.0,13.088581572594771,6.032917853279513,45.01786611239291,35.556845870259195,0.30378859147361936
2019,2019_kk_159,159.0,168,11674.366228879555,Group 2,1.1717542726783967,59.16886572552006,11.412520758028213,24.55579850146207,3.3044607762391967,0.0,0.3865999660720689
2019,2019_kk_161_sld29,161.0,168,11993.221480758286,Group 4,0.0,25.569384331107443,8.367591329704977,62.30099604556425,3.3857065859621867,0.0,0.37632170766114825
2019,2019_kk_161,161.0,168,1618.4654316298452,Group 6,0.0,0.0,11.00133069681818,0.0,22.546268237838778,66.45240106534311,-7.105427357601002e-14
2019,2019_kk_163,163.0,168,7249.593792070499,Group 5,0.0,0.7906897737966746,9.592660841293345,23.340844915262597,51.53994184461956,14.524147163303166,0.21171546172465128
2019,2019_kk_167,167.0,168,13182.526804780422,Group 2,1.349821592270481,69.3410067988175,10.414066241254929,16.116620407933418,2.6727464887587518,0.0,0.10573847096492273
2019,2019_kk_170,170.0,168,12411.490462960244,Group 2,1.1021632373908563,66.72059072296464,10.632351466753464,18.516083390637103,2.916503943091009,0.0,0.11230723916291652
2019,2019_kk_173,173.0,168,8348.19005978277,Group 5,0.0,0.0,3.782139072469511,7.762043979312285,67.54361274644633,20.845601520347664,0.06660268142420023
2019,2019_kk_176,176.0,169,13443.77163896642,Group 2,1.8210796038149037,80.2208686097287,7.461267217196185,8.249291934358222,2.1438089168781653,0.0,0.1036837180238166
2019,2019_kk_177,177.0,169,15784.370372623742,Group 4,0.0,15.181816685234836,5.32989547118722,73.27172306368509,6.018938312281972,0.0,0.1976264676108741
2019,2019_kk_180,180.0,169,10952.39256136139,Group 4,0.0,33.20644135046814,11.40985646620543,51.670617482719486,3.3010003489265958,0.0,0.41208435168034896
2019,2019_kk_182,182.0,169,3738.415553043185,Group 6,0.0,0.0,7.524725716988809,2.2893918322405353,24.12061947342825,65.8210747753211,0.24418820202131997
2019,2019_kk_183,183.0,169,9158.631778170933,Group 4,0.0,5.184806530191878,10.442588502335354,42.623211468413565,35.650495805307415,5.931312498257547,0.16758519549424022
2019,2019_kk_184,184.0,169,16533.77042021571,Group 4,0.0,12.937198427146047,5.1452454721102026,73.9717429585752,7.886610720149505,0.0,0.05920242201904102
2019,2019_kk_186,186.0,169,9905.363582367268,Group 4,0.0,8.779989862261766,10.667290596588545,44.19313678973394,31.02512236734966,5.179508868733794,0.1549515153323
2019,2019_kk_188,188.0,169,700.376014666206,Group 6,0.0,0.0,18.583660575114948,0.0,23.099934906902288,58.316404517982775,-1.4210854715202004e-14
2019,2019_kk_190,190.0,169,14080.875449440991,Group 4,0.0,10.448973079206487,7.901611585300724,67.18459941737355,12.295078687468228,2.1002217195239123,0.06951551112709353
2019,2019_kk_191,191.0,169,14213.668872697242,Group 4,0.0,18.480799264762453,5.920134544305235,72.12482678205146,3.2547739500929493,0.0,0.21946545878790857
2019,2019_kk_192,192.0,169,4210.674866341022,Group 2,21.775815747095216,78.2241842529048,0.0,0.0,0.0,0.0,-2.842170943040401e-14
2019,2019_kk_194,194.0,169,8778.219859626608,Group 5,0.0,0.0,8.617946690844661,4.574108523733926,59.83981006671848,26.753274726892734,0.21485999181021498
2019,2019_kk_196,196.0,170,9360.495608727448,Group 2,7.613227041296613,88.30363433630345,2.944978553484428,0.5602567693902222,0.5779032995252281,0.0,5.684341886080802e-14
2019,2019_kk_197,197.0,170,8831.990137299827,Group 5,0.0,0.0,9.717836155295611,4.252413084828042,56.32056262598745,29.495636236997345,0.21355189689155907
2019,2019_kk_199,199.0,170,12592.462235621459,Group 2,1.086323568301485,67.81133710997047,10.47954930173665,17.714109273296334,2.7979875238995437,0.0,0.11069322279551841
2019,2019_kk_200,200.0,170,12970.923735575718,Group 4,0.0,17.013578313524338,7.405092278683824,72.65046397743507,2.6903729701590215,0.0,0.24049246019775694
2019,2019_kk_211,211.0,171,12175.431549121942,Group 4,0.0,18.559497140321977,8.279384618127914,69.85699335317655,3.0479196485330124,0.0,0.2562052398405541
2019,2019_kk_212,212.0,171,12362.808489902847,Group 2,1.1065033095574142,66.19085505650949,10.674219287327084,18.987684383759202,2.927988482910202,0.0,0.11274947993661044
2019,2019_kk_213,213.0,171,11422.180487183337,Group 4,0.0,10.293523768020222,9.409113961652544,53.68382236097459,23.02925948830946,3.44990580678035,0.13437461426283903
2019,2019_kk_215,215.0,171,16573.681504591827,Group 4,0.0,11.864290424171704,6.794475649150518,70.4639604836309,9.526215562418482,1.2919980239687463,0.05905985665964408
2019,2019_kk_218,218.0,171,8172.355451947134,Group 5,0.0,0.0,10.50133586506201,4.798075078065346,56.150596318722165,28.319203921115143,0.23078881703533227
2019,2019_kk_222,222.0,171,3455.1954411677784,Group 6,0.0,0.0,4.721689403815929,2.1177598933960664,26.12475892851348,66.77158762494373,0.2642041493307943
2019,2019_kk_229,229.0,171,8693.720709966125,Group 5,0.0,0.0,6.366415141479989,6.57925582626738,64.9649103416038,21.872470354019562,0.2169483366292866
2019,2019_kk_232,232.0,171,11824.846468071562,Group 4,0.0,22.06775049470058,8.224429766499355,66.28837052873038,3.037769025030195,0.0,0.3816801850394853
2019,2019_kk_236,236.0,172,6931.322327322233,Group 5,0.0,0.0,12.182836969216044,5.268479968422094,51.56031069124277,30.71626148692142,0.2721108841976587
2019,2019_kk_239,239.0,172,5651.621979311872,Group 6,0.0,0.0,10.81176404221198,4.123305798060013,34.67169891395215,49.94234027180939,0.45089097396646594
2019,2019_kk_242,242.0,172,8147.078900469373,Group 5,0.0,0.0,10.720224459708586,4.8129612468611205,55.20339132174807,29.031918125566353,0.2315048461158682
2019,2019_kk_248,248.0,172,8944.609003849811,Group 5,0.0,0.0,9.313107693042513,4.092062914999117,57.598127396865785,28.785838865543134,0.21086312954946607
2019,2019_kk_253,253.0,172,8169.548637112594,Group 5,0.0,0.0,10.50494381289338,4.799723554487308,56.135530962947286,28.328933560437818,0.23086810923420842
2019,2019_kk_254,254.0,172,13527.435489890446,Group 2,1.6744983520106556,79.50278629254635,7.676991612662501,8.912131295308685,2.1305499876623997,0.0,0.10304245980940152
2019,2019_kk_255,255.0,172,16226.294836257255,Group 4,0.0,14.76481575562647,5.021461282323067,73.59281655496157,6.428662312445961,0.0,0.19224409464291625
2019,2019_kk_261,261.0,172,5531.508488378297,Group 6,0.0,0.0,9.533410023163382,3.770943547204137,34.96652610027393,51.56408813710518,0.16503219225336352
2019,2019_kk_263,263.0,172,12547.21497482679,Group 2,2.261285362798902,83.86712152068385,6.905211730569559,4.975086062211009,1.9912953237366853,0.0,0.0
2019,2019_kk_264,264.0,172,8192.373661583722,Group 5,0.0,0.0,10.456244710644304,4.652811130683978,56.60771760461656,28.05300167356769,0.23022488048746936
2019,2019_kk_268_left,268.0,173,8645.749688772705,Group 5,0.0,0.0,8.176995303476868,5.319268537657237,61.123786791217505,25.161797291189774,0.21815207645862245
2019,2019_kk_268_right,268.0,173,16635.27853759738,Group 4,0.0,13.020505431548294,5.179943184132578,73.96102206069256,7.779688153533053,0.0,0.058841170093515416
2019,2019_kk_268,268.0,173,11573.68074285583,Group 4,0.0,10.158780852842733,9.446248826642085,56.55917238842109,20.32967290086529,3.373509389661748,0.13261564156705674
2019,2019_kk_281,281.0,173,12572.207310779217,Group 2,1.088073730519335,67.6314355464488,10.496432771619084,17.793965585498572,2.8792208066617113,0.0,0.11087155925250158
2019,2019_kk_282,282.0,173,8743.849589494885,Group 5,0.0,0.0,4.15768352790737,6.66116613185848,67.75978288229732,21.20566289579385,0.21570456214298872
2019,2019_kk_294,294.0,173,8079.841312752391,Group 2,8.375332448701004,88.26858970392333,2.647323970898759,0.48220376046962077,0.22655011600734584,0.0,-4.263256414560601e-14
2019,2019_kk_296,296.0,173,8288.609587835068,Group 5,0.0,0.0,3.809325976198251,7.817839374024202,67.2503925518306,21.055360660809868,0.0670814371370767
2019,2019_kk_308,308.0,174,16225.613719105366,Group 4,0.0,14.316068337945072,5.146249061554728,73.7804828891968,6.564947546657527,0.0,0.19225216464587902
2019,2019_kk_309,309.0,174,6906.785612830882,Group 5,0.0,0.0,12.226117130084656,5.287196517050507,51.38822617997452,30.8253826006485,0.2730775722418315
2019,2019_kk_312,312.0,174,10911.509061399736,Group 4,0.0,34.625262185930566,11.735585731118778,49.97292491734618,3.2525988065387006,0.0,0.41362835906578255
2019,2019_kk_314,314.0,174,15149.373087577389,Group 4,0.0,10.838605102299399,7.371492349230126,68.64199483612364,11.382468063496074,1.7008271234131602,0.06461252543759599
2019,2019_kk_321,321.0,174,10345.646467815042,Group 2,0.0,42.00948112697823,13.432938195214533,40.89748476161745,3.2238438557662183,0.0,0.4362520604235698
2019,2019_kk_324,324.0,174,7457.898501735283,Group 5,0.0,0.0,11.22676079726109,4.775234036385399,52.82236060454228,30.922746477088324,0.25289808472290076
2019,2019_kk_329,329.0,175,16613.04443003163,Group 4,0.0,12.43894240764575,5.882761537889833,73.60564375911997,7.965950315475953,0.04778205955496194,0.05891992031354221
2019,2019_kk_330,330.0,175,8581.803769927581,Group 5,0.0,0.0,6.489288400316563,6.460293227255749,63.77107694442926,23.059563826725835,0.2197776012725967
2019,2019_kk_332,332.0,175,16596.083756028627,Group 4,0.0,11.848275391884043,6.785304114822837,70.50382975600984,9.513356584396456,1.29025401827353,0.05898013461329299
2019,2019_kk_344,344.0,175,3079.2423468681823,Group 6,0.0,0.0,5.51431938789743,0.9536438619141779,27.82840885580263,65.40716634005776,0.2964615543280047
2019,2019_kk_345,345.0,175,13859.446143251067,Group 4,0.0,18.411153388160916,5.965948831929787,72.59821822967189,2.799604945670671,0.0,0.22507460456674266
2019,2019_kk_346,346.0,175,7752.410408033963,Group 5,0.0,0.0,11.271289562631486,4.59382422897624,53.928662412845696,29.962933238432647,0.2432905571139372
2019,2019_kk_351,351.0,176,16540.84291831277,Group 4,0.0,12.860668932088949,5.2453703016465525,73.8212997745555,7.9654932529739,0.04799063036057,0.059177108374527165
2019,2019_kk_352,352.0,176,8107.683152110091,Group 5,0.0,0.0,3.8376961396233282,8.882914348740645,66.21238570853845,20.998425414846704,0.06857838825087015
2019,2019_kk_354,354.0,176,15445.899945636389,Group 4,0.0,11.508510251441654,7.390387697675606,68.17148149598115,11.198073413059728,1.6681750329048495,0.06337210893700274
2019,2019_kk_357,357.0,176,11879.481239736608,Group 4,0.0,29.81172690143078,9.19569692438494,56.97725865039891,3.635392719249248,0.0,0.37992480453611677
2019,2019_kk_359,359.0,176,11921.761778193064,Group 4,0.0,26.169995636130267,9.249654166000123,60.79577209760646,3.406000699374897,0.0,0.378577400888247
2019,2019_kk_360,360.0,176,15938.167646527505,Group 4,0.0,12.090430326433317,7.255547184116572,69.36648392437183,9.882608995731974,1.34351477715102,0.061414792195293444
2019,2019_kk_362,362.0,176,13110.46504709649,Group 2,1.3572408955636373,69.18934792714062,10.065495644464363,16.594158612183616,2.687437257479131,0.0,0.10631966316863384
2019,2019_kk_365,365.0,177,8161.152549699243,Group 5,0.0,0.2979441488800021,4.7300621459936565,8.824716186634154,65.21829833820371,20.86085009684901,0.06812908343947299
2019,2019_kk_367,367.0,177,8182.343023125323,Group 5,0.0,0.0,10.469062898543369,4.439012769522177,56.677112342485934,28.184304878977066,0.23050711047145
2019,2019_kk_370,370.0,177,13350.957376344611,Group 2,1.3327927593645632,70.4429917128882,10.282686364900162,15.29742164680564,2.539703001181598,0.0,0.10440451485983715
2019,2019_kk_372,372.0,177,1824.937648461428,Group 1,99.99999999999999,0.0,0.0,0.0,0.0,0.0,1.4210854715202004e-14
2019,2019_kk_373,373.0,177,13991.810485941882,Group 4,0.0,10.515486087429245,7.951909346847456,67.10398651762573,12.225588878852763,2.1330711566653555,0.06995801257946255
2019,2019_kk_375,375.0,177,11440.165707632515,Group 4,0.0,31.54914057293495,10.605765471325807,53.57357899535934,3.877000606012965,0.0,0.39451435436693316
2019,2019_kk_378,378.0,177,13975.77903011139,Group 2,1.4509542986764288,75.89977979976975,8.388795742530288,12.09853144499676,2.062201860375313,0.0,0.09973685365146423
2019,2019_kk_380,380.0,177,13227.474128754056,Group 4,0.0,10.497996782624847,8.05222935996943,65.97041473040522,12.929060099865069,2.4762985607986847,0.07400046633674151
2019,2019_kk_382,382.0,177,2095.5298234823454,Group 6,0.0,0.0,11.482462103535278,0.0,20.373280674894286,67.70862659390039,0.4356306276700366
2019,2019_kk_384,384.0,177,8168.240906604734,Group 5,0.0,0.0,10.487137285249723,4.446676534098656,56.647079516886656,28.18820159268386,0.2309050710811107
2019,2019_kk_391_sld32,391.0,178,16494.217011756726,Group 4,0.0,11.927621854776175,5.855216889886063,73.12782571062716,8.815242059540877,0.21474909475183057,0.05934439041789119
2019,2019_kk_391,391.0,178,7282.1185166081505,Group 5,0.0,0.787158251063445,8.816485863803436,21.35468013264839,49.86118114902675,18.969724743903505,0.2107698595544889
2019,2019_kk_393,393.0,178,8457.560988990754,Group 5,0.0,0.0,3.844693910666821,7.391093755149194,66.53373157329241,22.135097266196095,0.09538349469546858
2019,2019_kk_394,394.0,178,12093.760898773231,Group 4,0.0,22.757623013776303,8.041553003264488,65.61966323054503,3.207967531068514,0.0,0.3731932213456588
2019,2019_kk_396,396.0,178,5879.398811437281,Group 5,0.0,0.0,13.99105166164835,5.974186334602544,42.644204343466654,37.06976155380345,0.32079610647900836
2019,2019_kk_398,398.0,178,13946.528582255389,Group 2,1.4539974260614663,75.8492337280267,8.406389800506386,12.123906036320967,2.066526974516061,0.0,0.09994603456841844
2019,2019_kk_400,400.0,178,11852.908214257266,Group 2,1.1541039770347359,61.71692585855442,11.286235870055766,22.32596374549495,3.135993991207516,0.0,0.38077655765262364
2019,2019_kk_404,404.0,178,11982.518861759108,Group 4,0.0,29.555376005284,9.976522689506929,56.487311477485704,3.6041319947529322,0.0,0.3766578329704373
2019,2019_kk_405,405.0,178,7517.711657008661,Group 5,0.0,0.0,11.13743734121212,4.737240850703856,53.105727792735934,30.768708063186303,0.2508859521617808
2019,2019_kk_419,419.0,179,6208.5552258481375,Group 5,0.0,0.0,13.088581572594771,6.032917853279513,45.01786611239291,35.556845870259195,0.30378859147361936
2019,2019_kk_423,423.0,179,7341.005364477543,Group 5,0.0,0.0,11.405528040394342,4.851271589818349,52.11249095285942,31.37378435646232,0.2569250604655622
2019,2019_kk_425,425.0,179,5693.048561967719,Group 6,0.0,0.0,12.859939830019954,4.180923323274826,40.1094726605403,42.358018069153054,0.491646117011868
2019,2019_kk_440,440.0,179,11887.128639048287,Group 4,0.0,10.449391407940823,9.172950242304436,59.955328873738246,17.285378395713547,3.007832338207042,0.1291187420959119
2019,2019_kk_441,441.0,179,16480.580042104797,Group 4,0.0,12.033584092375929,6.218970378305983,71.53543511017409,9.505939666570978,0.6466772572298298,0.05939349534318694
2019,2019_kk_446,446.0,179,16573.681504591827,Group 4,0.0,11.864290424171704,6.794475649150518,70.4639604836309,9.526215562418482,1.2919980239687463,0.05905985665964408
2019,2019_kk_429,429.0,180,6208.5552258481375,Group 5,0.0,0.0,13.088581572594771,6.032917853279513,45.01786611239291,35.556845870259195,0.30378859147361936
2019,2019_kk_430,430.0,180,6604.011141974453,Group 5,0.0,0.0,12.074148696824134,5.66746085064582,49.049372976147296,32.92342010130282,0.28559737507993077
2019,2019_kk_432,432.0,180,8831.990137299827,Group 5,0.0,0.0,9.717836155295611,4.252413084828042,56.32056262598745,29.495636236997345,0.21355189689155907
2019,2019_kk_437,437.0,180,8146.79619311579,Group 2,8.30649933089448,88.36500492706732,2.6255667972131738,0.47824074306649644,0.2246882017586006,0.0,-5.684341886080802e-14
2019,2019_kk_448,448.0,180,16153.730476680286,Group 4,0.0,14.831140955314904,5.019323575177367,73.88716927275982,6.069258520183117,0.0,0.193107676564793
2019,2019_kk_455,455.0,180,7472.629322056034,Group 5,0.0,0.0,11.204629444431857,4.765820600826392,52.91536205010314,30.861788358794723,0.25239954584388613
2019,2019_kk_456,456.0,180,16533.77042021571,Group 4,0.0,12.937198427146047,5.1452454721102026,73.9717429585752,7.886610720149505,0.0,0.05920242201904102
2019,2019_kk_457,457.0,180,8789.845821823146,Group 5,0.0,0.0,9.764429868198135,4.16411203743153,57.29098129186998,28.565900997033367,0.2145758054669784
2019,2019_kk_459,459.0,180,7160.786869956186,Group 5,0.0,0.8004957806550488,8.896520881916123,19.942173695622955,50.85532268260543,19.29114583651681,0.21434112268363492
2019,2019_kk_471,471.0,180,8508.259206972867,Group 5,0.0,0.0,10.06803644350109,4.070067423542523,55.67176298086282,29.968455814665752,0.22167733742782048
2019,2019_kk_453,453.0,181,7980.960650100647,Group 5,0.0,0.30467104862487143,5.641350069032129,10.872507622834817,60.765997080324915,22.34580689633383,0.06966728284943713
2019,2019_kk_454,454.0,181,7448.081729767334,Group 5,0.0,0.0,11.241557969833051,4.781527923231651,52.43899938541391,31.284683310323437,0.2532314111979588
2019,2019_kk_460,460.0,181,8805.974154967724,Group 5,0.0,0.0,6.285259778159019,7.0773029575129875,64.56598942114852,21.857265037966194,0.2141828052132837
2019,2019_kk_461,461.0,181,6604.011141974453,Group 5,0.0,0.0,12.074148696824134,5.66746085064582,49.049372976147296,32.92342010130282,0.28559737507993077
2019,2019_kk_462,462.0,181,7321.180726593094,Group 5,0.0,0.0,11.5340917057445,4.98792943377692,51.299861969311344,31.92049611692575,0.257620774241488
2019,2019_kk_464,464.0,181,8780.389824347507,Group 5,0.0,0.0,9.77494562274114,4.2774035294858885,56.19291344264169,29.539930513309926,0.21480689182135393
2019,2019_kk_466,466.0,181,10626.810410233875,Group 2,4.4841036685435975,88.51917525564016,3.7717404479625403,1.8457525290210128,1.3792280988326613,0.0,2.842170943040401e-14
2019,2019_kk_467,467.0,181,13993.95950400089,Group 2,1.4490692684436055,76.16147881824227,8.147508469714037,12.08281344645788,2.059522718202098,0.0,0.09960727894009835
2019,2019_kk_479,479.0,181,866.8817752889962,Group 6,0.0,0.0,16.110936907224172,0.0,23.323278460587847,60.565784632187956,2.842170943040401e-14
2019,2019_kk_480,480.0,181,16034.740417745115,Group 4,0.0,12.263059185578776,7.211849046197555,69.3055349010748,9.823088796919045,1.3354231622061534,0.06104490802366058
2019,2019_kk_481,481.0,181,5740.407740545451,Group 6,0.0,0.0,11.658073437714476,4.05953143557112,37.72508118530789,46.069723974637775,0.4875899667687378
2019,2019_kk_482,482.0,181,10394.777736028624,Group 2,0.0,43.38832463580499,13.565287142425023,39.36398988942632,3.2482082320248677,0.0,0.43419010031880134
2019,2019_kk_486,486.0,181,16246.227549645819,Group 4,0.0,14.046718502670277,5.255731585806946,74.00829830760728,6.497243376117782,0.0,0.19200822779771443
2019,2019_kk_487,487.0,181,14982.516186634306,Group 4,0.0,16.061317468061727,6.077635618751963,73.23066113518287,4.422182474810043,0.0,0.2082033031934003
2019,2019_kk_474,474.0,182,12405.799700838465,Group 2,1.102668819373043,65.93814909107775,10.645949810407608,19.216901040757516,2.9178417955928704,0.0,0.1784894427912178
2019,2019_kk_476,476.0,182,5807.5792435311205,Group 6,0.0,0.0,11.784593412540449,4.0984717582251795,38.098111129851404,45.53687328560787,0.4819504137750954
2019,2019_kk_478,478.0,182,16523.020245947577,Group 4,0.0,12.002675229817042,6.035479959654006,72.38282435408556,9.146664620699001,0.37311489556438815,0.05924094018001824
2019,2019_kk_488,488.0,182,11921.956609308678,Group 4,0.0,28.793103283867627,9.162934632243143,58.155452056365554,3.5099388134266993,0.0,0.37857121409696504
2019,2019_kk_489,489.0,182,9105.876706966963,Group 4,0.0,5.131703521753058,10.503087838942117,42.235319629927595,35.85703763595035,6.104295269890993,0.16855610353587736
2019,2019_kk_490,490.0,184,1672.962795251175,Group 6,0.0,0.0,10.642958400073239,0.0,22.841378575567077,66.51566302435974,-5.684341886080802e-14
2019,2019_kk_491,491.0,184,3706.595938159697,Group 6,0.0,0.0,7.009706224266782,1.9741224701128424,24.714224638359735,66.05566220908511,0.24628445817552347
2019,2019_kk_493,493.0,185,5687.813276270345,Group 6,0.0,0.0,11.559496974142396,4.097069390966488,35.54705155688317,48.34836010278332,0.44802197522463416
2019,2019_kk_494,494.0,185,5607.311955149876,Group 6,0.0,0.0,9.404530885407016,3.5524564778940717,33.95519428406948,52.92501717809014,0.16280117453929677
2020,2020_kk_004,4.0,153,15692.608497136041,Group 4,0.0,11.918072609560504,7.274201032836096,68.75942885636334,10.38423377415431,1.6016879114803741,0.06237581560537819
2020,2020_kk_005_redo,5.0,156,10765.985728094965,Group 2,4.426136235820457,88.41869560115322,3.8042545065017226,1.9149865853922248,1.4359270711323424,0.0,4.263256414560601e-14
2020,2020_kk_006,6.0,158,13461.16916598622,Group 2,1.8187259983277495,80.11204949223062,7.5860062278428035,8.238630358268319,2.141038208546907,0.0,0.10354971478359687
2020,2020_kk_007,7.0,158,8079.841312752391,Group 2,8.375332448701004,88.26858970392333,2.647323970898759,0.48220376046962077,0.22655011600734584,0.0,-4.263256414560601e-14
2020,2020_kk_008_redo,8.0,158,10109.818411979584,Group 2,4.713410034049901,89.3605601604506,3.8544799235502034,1.0566933003117795,1.0148565816374546,0.0,5.684341886080802e-14
2020,2020_kk_009,9.0,158,3420.853546011349,Group 2,35.84472692321014,64.15527307678988,0.0,0.0,0.0,0.0,-2.842170943040401e-14
2020,2020_kk_010,10.0,158,3643.783865335229,Group 2,31.636414312590254,68.36358568740972,0.0,0.0,0.0,0.0,2.842170943040401e-14
2020,2020_kk_011_redo,11.0,159,12751.685999799141,Group 2,2.225026052783446,83.52947621859455,7.034737104515824,5.251395367960033,1.9593652561461326,0.0,1.4210854715202004e-14
2020,2020_kk_012,12.0,159,12611.850664985208,Group 2,1.0846535431537354,67.92372585223191,10.463438898370969,17.623972527813518,2.7936861263561688,0.0,0.11052305207370239
2020,2020_kk_013,13.0,159,12742.742568932576,Group 2,2.226587676317134,83.2621992281821,7.226965450437664,5.323507218099867,1.9607404269632387,0.0,0.0
2020,2020_kk_014_redo,14.0,159,8860.962824960165,Group 5,0.0,0.0,9.401022052632918,4.130691383866127,58.14184520305899,28.113587714127647,0.21285364631431491
2020,2020_kk_015,15.0,159,6983.07997577429,Group 5,0.0,0.34820847802625743,7.3690898453021365,13.575289179589815,55.55301380264041,23.074775971380795,0.07962272306059504
2020,2020_kk_016,16.0,159,9075.886735132044,Group 5,0.0,0.0,8.401354774003982,4.181044231022063,60.96444056285916,26.24534732225664,0.20781310985816503
2020,2020_kk_017,17.0,159,13794.86117417038,Group 2,1.4699833804098819,72.71517907233162,9.892325210890775,13.463141796462864,2.3583256500583456,0.0,0.10104488984650573
2020,2020_kk_018_redo,18.0,159,12140.252471110838,Group 2,1.1267878112134782,63.05942915875148,11.14086498898612,21.31948939038988,2.9816645873714567,0.0,0.3717640632875856
2020,2020_kk_019,19.0,160,5833.180465010541,Group 5,0.0,0.0,13.87584657878429,6.021521920272627,42.254631015223,37.52466259853147,0.32333788718861456
2020,2020_kk_020_redo,20.0,160,8754.991365723492,Group 5,0.0,0.0,9.803302995304998,4.28981238884664,55.827574343498,29.86388022012528,0.21543005222508782
2020,2020_kk_021_redo,21.0,161,12976.678137614539,Group 2,1.886629079525547,81.67334111745174,7.225458805906319,7.085240199925508,2.0219149999422115,0.0,0.10741579724867734
2020,2020_kk_022,22.0,161,12251.039759089901,Group 2,2.315953104748944,84.5789630478225,7.003544118078669,4.296797358518776,1.8047423708311428,0.0,-2.842170943040401e-14
2020,2020_kk_023,23.0,161,12922.292183162937,Group 2,1.894569321220425,82.01707909729029,7.255868540335786,6.694190545364043,2.0304246184783983,0.0,0.10786787731106529
2020,2020_kk_024,24.0,161,5243.647511898674,Group 2,18.27076489318628,81.12628428986251,0.6029508169513083,0.0,0.0,0.0,-9.947598300641403e-14
2020,2020_kk_025,25.0,161,10359.20374774446,Group 2,4.599940372427018,89.19225962983805,3.76168796836322,1.0312546836076604,1.4148573457639801,0.0,8.526512829121202e-14
2020,2020_kk_026,26.0,161,11464.091477402135,Group 2,4.156606708815735,87.16109021093972,4.556000976349315,2.6290193319480424,1.4972827719471618,0.0,4.263256414560601e-14
2020,2020_kk_027,27.0,161,11853.098929441727,Group 4,0.0,29.09706599171337,9.216164460434454,57.77567017215647,3.530328944700066,0.0,0.38077043099563923
2020,2020_kk_028,28.0,161,10360.43540963549,Group 2,0.0,42.60579426039251,13.190916581189537,40.54841782434484,3.2192419990549843,0.0,0.4356293350181346
2020,2020_kk_029,29.0,162,12807.911605266227,Group 2,1.3893021649572148,68.2436918856587,10.303266675746938,17.203987146430325,2.7509209398320666,0.0,0.10883118737474717
2020,2020_kk_030,30.0,162,9500.704316863801,Group 2,7.500873189139122,87.90846962326833,2.901517392637605,0.9111081117399639,0.7780316832149411,0.0,2.842170943040401e-14
2020,2020_kk_031,31.0,162,6369.587346824673,Group 5,0.0,0.0,12.757683833628988,5.880397210309587,46.436219787527136,34.629590779646776,0.296108388887518
2020,2020_kk_032,32.0,162,3206.285688448188,Group 2,40.7213216964522,59.278678303547835,0.0,0.0,0.0,0.0,-2.842170943040401e-14
2020,2020_kk_033,33.0,162,8867.57109116317,Group 5,0.0,0.0,6.241600388056934,7.361351604820741,64.4789153785107,21.705437604488694,0.2126950241229224
2020,2020_kk_034_redo,34.0,162,5737.617969276577,Group 5,0.0,0.0,14.082617301285778,6.121812958452462,40.399264118251,38.908478576982844,0.4878270450279274
2020,2020_kk_034,34.0,162,5788.3091318058005,Group 6,0.0,0.0,12.648298542660278,4.112116158841259,38.999061291536,43.75696911109973,0.4835548958627385
2020,2020_kk_035,35.0,162,1655.1376852908463,Group 1,97.99678407432467,2.0032159256753146,0.0,0.0,0.0,0.0,1.4210854715202004e-14
2020,2020_kk_036,36.0,162,8560.965840883826,Group 5,0.0,0.0,6.469513172692625,6.535719561003361,64.41812354483119,22.356331167702375,0.2203125537704409
2020,2020_kk_037,37.0,162,8667.386279654089,Group 2,7.807585233151826,88.73030561205675,2.4678671168168083,0.44951612161936466,0.5447259163553083,0.0,-5.684341886080802e-14
2020,2020_kk_038,38.0,162,12977.053635114573,Group 2,1.3711940955247428,68.65760143446529,10.168974602322118,16.979751554187867,2.7150656243807627,0.0,0.10741268911921509
2020,2020_kk_039_redo,39.0,163,5908.108360211182,Group 5,0.0,0.0,13.923064286402592,5.945155690020474,43.048743710233886,36.763799066469154,0.31923724687388244
2020,2020_kk_040,40.0,163,9610.978833061312,Group 2,5.525337236810586,89.30366404303945,3.179399755001892,1.1115389565273586,0.8800600086206682,0.0,4.263256414560601e-14
2020,2020_kk_041,41.0,163,8772.83835735431,Group 5,0.0,0.0,9.783359681706278,4.172184793891416,57.482199735417375,28.347263996098746,0.2149917928861811
2020,2020_kk_042,42.0,163,16616.034094942766,Group 4,0.0,13.435437693342639,5.346894880050589,73.95661458056766,7.1226921939799155,0.0,0.13836065205920534
2020,2020_kk_043,43.0,163,9075.886735132044,Group 5,0.0,0.0,8.401354774003982,4.181044231022063,60.96444056285916,26.24534732225664,0.20781310985816503
2020,2020_kk_044_redo,44.0,164,15352.341046069521,Group 4,0.0,15.90929641664639,5.995105816761355,73.16763572973028,4.724774174447657,0.0,0.20318786241431042
2020,2020_kk_045,45.0,164,13314.995123534973,Group 2,1.8386922490713824,80.13438276980152,7.533429165737577,8.22426646430434,2.1645428517767566,0.0,0.10468649930842844
2020,2020_kk_046,46.0,164,9586.624191758112,Group 2,5.285326104861091,89.53053834845966,3.187476961226282,1.1143628006709552,0.8822957847819655,0.0,5.684341886080802e-14
2020,2020_kk_047,47.0,164,3702.615020267562,Group 6,0.0,0.0,7.017242807134308,1.9762449752665026,24.633280092810207,66.12668287046245,0.2465492543265384
2020,2020_kk_048,48.0,164,12141.456290094287,Group 4,0.0,23.295910953846803,8.337342409171859,64.66918493917336,3.325834494731102,0.0,0.37172720307687257
2020,2020_kk_049,49.0,164,13174.339543376991,Group 2,1.8583230111428772,80.98110797594197,7.224886465241628,7.642225813512529,2.1876525514767713,0.0,0.10580418268423841
2020,2020_kk_050,50.0,164,2103.5136376136434,Group 1,76.51493803301474,23.48506196698526,0.0,0.0,0.0,0.0,0.0
2020,2020_kk_053_redo,53.0,166,6327.806723878987,Group 5,0.0,0.0,12.841919019874751,5.919223721506219,45.910306406131554,35.0304873481094,0.2980635043780637
2020,2020_kk_054,54.0,166,2540.304582641667,Group 6,0.0,0.0,8.881284147945994,0.010915644096982457,29.358086552321893,61.39035636496105,0.3593572906740832
2020,2020_kk_056,56.0,166,12137.191543444616,Group 4,0.0,25.93162714924186,9.085476908147117,61.265492424605824,3.3455456980274674,0.0,0.37185781997773404
2020,2020_kk_058_redo,58.0,166,3416.021176743849,Group 2,37.500947325793696,62.499052674206304,0.0,0.0,0.0,0.0,0.0
2020,2020_kk_061_sld6,61.0,167,11920.512437884207,Group 2,2.380168949473699,86.52081500637696,6.270060950019708,3.1259382160201703,1.703016878109456,0.0,0.0
2020,2020_kk_061,61.0,167,8671.04687575936,Group 5,0.0,0.0,8.153139478206295,5.18503682792929,60.43074126708999,26.013566794098057,0.21751563267636698
2020,2020_kk_062,62.0,167,13412.176323673504,Group 2,1.3267093193793722,70.39739944349144,10.416254938073454,15.227597628133093,2.528110703219787,0.0,0.10392796770285884
2020,2020_kk_063_redo,63.0,167,12107.452160013925,Group 2,1.1298403932315242,64.78117573270701,10.696317156564922,20.030153289831627,2.9897422179711817,0.0,0.3727712096937381
2020,2020_kk_065,65.0,168,10592.562269997678,Group 2,0.33912674475623233,47.577435130734955,13.121781929075265,35.24681158208403,3.2887617192435568,0.0,0.4260828941059742
2020,2020_kk_066,66.0,168,11920.512437884207,Group 2,2.380168949473699,86.52081500637696,6.270060950019708,3.1259382160201703,1.703016878109456,0.0,0.0
2020,2020_kk_067_redo,67.0,168,5333.335302137208,Group 6,0.0,0.0,6.386116087034793,2.524642293001504,35.32571840129208,55.59235884954984,0.171164369121783
2020,2020_kk_068_redo,68.0,168,12474.246094259744,Group 2,1.0966184574310163,66.88801329284772,10.578862067598408,18.42293239028059,2.901831549685175,0.0,0.11174224215709216
2020,2020_kk_070,70.0,168,14028.251971139089,Group 2,1.4455269767616974,76.21975277182756,8.127591649925606,12.053276659985688,2.0544881554297993,0.0,0.09936378606965945
2020,2020_kk_071_redo,71.0,168,8820.401467227106,Group 5,0.0,0.0,9.730603918468628,4.258000110819557,56.40816193210253,29.38940156690652,0.21383247170277286
2020,2020_kk_073,73.0,169,11952.92702698996,Group 2,2.373714279556845,86.31970423532371,6.2530574621791155,3.3551254774132975,1.698398545527032,0.0,0.0
2020,2020_kk_074,74.0,169,13173.21899399511,Group 2,1.3507753366802953,70.04419663915287,10.42142451550236,15.503820627864172,2.57396969812818,0.0,0.10581318267210804
2020,2020_kk_075,75.0,169,13725.276520928086,Group 4,0.0,10.499159697482682,8.106329108402992,67.27778027463586,11.870920674120182,2.1744937037576264,0.07131654160065182
2020,2020_kk_076,76.0,169,16551.288245444597,Group 4,0.0,12.852552712243234,5.2420600089420955,73.89509265839398,7.951154858036788,0.0,0.05913976238390717
2020,2020_kk_077,77.0,169,1956.212779818428,Group 1,99.99999999999999,0.0,0.0,0.0,0.0,0.0,1.4210854715202004e-14
2020,2020_kk_078_redo,78.0,169,8544.810287003074,Group 5,0.0,0.0,4.020915094307657,7.291831026314638,67.30177052228953,21.32041323565244,0.06507012143573832
2020,2020_kk_079,79.0,170,8146.79619311579,Group 2,8.30649933089448,88.36500492706732,2.6255667972131738,0.47824074306649644,0.2246882017586006,0.0,-5.684341886080802e-14
2020,2020_kk_080_redo,80.0,170,6931.322327322233,Group 5,0.0,0.0,12.182836969216044,5.268479968422094,51.56031069124277,30.71626148692142,0.2721108841976587
2020,2020_kk_083_redo_a,83.0,170,11127.877138346925,Group 2,4.2821931760225915,87.84321520550722,4.218203011235709,2.2343972340356584,1.4219913731988023,0.0,1.4210854715202004e-14
2020,2020_kk_083_redo,83.0,170,10851.362436117717,Group 4,0.0,37.36868332008629,11.868685686425295,47.076082767480145,3.2706272193542634,0.0,0.41592100665400267
2020,2020_kk_084,84.0,170,12251.039759089901,Group 2,2.315953104748944,84.5789630478225,7.003544118078669,4.296797358518776,1.8047423708311428,0.0,-2.842170943040401e-14
2020,2020_kk_086,86.0,170,10354.204331564924,Group 2,0.0,43.55834369164728,13.618443315924319,39.126385020476484,3.260936478653969,0.0,0.4358914932979445
2020,2020_kk_088,88.0,170,10490.172426568406,Group 2,0.0,47.0146145435007,13.249857726364192,35.984424193399164,3.3208618396054184,0.0,0.4302416971305263
2020,2020_kk_089,89.0,170,13572.102994651015,Group 2,1.3110760601205231,71.94089754918316,10.133491045632342,14.114799291837517,2.397032719163838,0.0,0.10270333406262466
2020,2020_kk_090,90.0,170,13222.659379884075,Group 2,1.3457246995901218,69.43406102580005,10.38245812948602,16.067704266304418,2.6646343385390825,0.0,0.1054175402802997
2020,2020_kk_091,91.0,170,13324.38453533643,Group 4,0.0,10.42164315189567,8.415278361670184,66.07161755546593,12.77808078576686,2.2399178962405206,0.07346224896082276
2020,2020_kk_097,97.0,172,12110.781030210937,Group 2,1.1295298358857158,63.10503634290174,11.032474528979145,21.371370113030107,2.9889204325106626,0.0,0.37266874669261085
2020,2020_kk_100,100.0,172,16531.166500869327,Group 4,0.0,11.996760532136154,5.981513632010427,72.84487883017886,8.827424550709024,0.2902107076317157,0.059211747333819176
2020,2020_kk_101,101.0,172,12003.991200165668,Group 2,2.3636166582724116,86.35915096397301,6.226457375274523,3.3408529987394964,1.7099220037405742,0.0,0.0
2020,2020_kk_104,104.0,173,8657.158783439903,Group 5,0.0,0.0,8.166219006559562,5.312258381112288,61.41493718843706,24.8887208456469,0.21786457824418903
2020,2020_kk_105,105.0,173,8341.70594489631,Group 5,0.0,0.0,3.785078977618945,7.768077515527548,67.38976495731576,20.990424096996083,0.06665445254166968
2020,2020_kk_106_redo,106.0,173,8605.031768119805,Group 5,0.0,0.0,3.992775109593024,8.496771903413563,66.69138834322051,20.754449909277604,0.06461473449530786
2020,2020_kk_109,109.0,174,8911.710712686712,Group 5,0.0,0.0,9.34748777318614,4.107169091756371,57.81075547991765,28.522946107522827,0.21164154761700615
2020,2020_kk_115_redo,115.0,174,11177.600473571905,Group 4,0.0,10.3278696672143,9.766704674432798,50.861278929434896,24.738853071382657,4.167978757022023,0.13731490051331718
2020,2020_kk_117,117.0,174,16811.931169016363,Group 4,0.0,12.134222545617654,6.239097599813514,72.8615837230037,8.65965644623059,0.04721679326215349,0.058222892072393506
2020,2020_kk_117a,117.0,174,16443.3495089128,Group 4,0.0,11.958328238514806,6.774850282976264,70.92761984215892,9.58646766900258,0.6932059950535987,0.059527972293835774
2020,2020_kk_119,119.0,174,15890.164817371255,Group 4,0.0,11.915961083720118,7.422643888059918,69.37792567475367,9.874295612025566,1.3475734204097718,0.06160032103096569
2020,2020_kk_120,120.0,174,11730.897735043367,Group 2,1.1661075578757851,58.694039958311215,11.357523518929469,25.10905554182249,3.288536492441035,0.0,0.3847369306200079
2020,2020_kk_121,121.0,174,13372.413056826254,Group 2,1.330654328890448,70.69532181909554,10.447227981075605,14.8869307549621,2.5356281153790086,0.0,0.10423700059730834
2020,2020_kk_126,126.0,176,16389.536191070638,Group 4,0.0,12.10043063548373,6.051146579060417,71.68731898275436,9.55874514836457,0.5426352282086169,0.05972342612831483
2020,2020_kk_127,127.0,176,10369.077579478271,Group 2,0.0,44.75350280510894,13.598909226987377,37.919039191019095,3.2932825197461004,0.0,0.435266257138494
2020,2020_kk_128,128.0,176,15160.14318411694,Group 4,0.0,10.830905120716896,7.437297662385638,68.59323006510046,11.374381709797868,1.6996188187095849,0.06456662328955076
2020,2020_kk_129_redo,129.0,176,15666.228267585006,Group 4,0.0,15.409375483873927,5.604915524640657,73.78266544391205,5.003926739945809,0.0,0.19911680762756134
2020,2020_kk_130_redo,130.0,176,2419.359852679522,Group 1,62.20829542620163,37.791704573798434,0.0,0.0,0.0,0.0,-5.684341886080802e-14
2020,2020_kk_131_redo,131.0,176,7560.365677031462,Group 2,8.950804764991316,87.70748399181434,2.740551238011073,0.3590435435039479,0.24211646167936834,0.0,-5.684341886080802e-14
2020,2020_kk_133,133.0,176,12824.127676668642,Group 4,0.0,10.622715588768337,8.323072199121704,64.61067556971345,13.63689751183403,2.6869544911309484,0.11968463943152585
2020,2020_kk_136,136.0,176,16533.77042021571,Group 4,0.0,12.937198427146047,5.1452454721102026,73.9717429585752,7.886610720149505,0.0,0.05920242201904102
2020,2020_kk_138,138.0,176,16077.771917541017,Group 4,0.0,12.2302376085874,7.192546826813478,69.3876873831111,9.796797701005525,1.331848956661589,0.06088152382089618
2020,2020_kk_139,139.0,176,15720.674332981742,Group 4,0.0,11.89679548986626,7.261214533162358,68.67302852739226,10.507868545399049,1.5988284469912877,0.06226445718877471
2020,2020_kk_140_redo,140.0,176,15596.763374962533,Group 4,0.0,11.871763496177186,7.318902402597597,68.5381667124713,10.596877668787936,1.6115305929309438,0.0627591270350365
2020,2020_kk_143,143.0,177,5477.662882539394,Group 6,0.0,0.0,7.865418799293759,3.5925539532209476,34.33099224376412,54.04438053960378,0.16665446411738571
2020,2020_kk_144,144.0,177,762.3442981238461,Group 6,0.0,0.0,18.320170587062773,0.0,21.655783722221813,60.0240456907154,1.4210854715202004e-14
2020,2020_kk_145_redo,145.0,177,15932.102704242256,Group 4,0.0,12.095032842717254,7.258309184571657,69.39288996313155,9.848303619631638,1.3440262187186562,0.061438171229255545
2020,2020_kk_146_redo,146.0,177,13963.37098947082,Group 2,1.6222206265115107,76.82062867897179,7.965093533936568,11.428197318521544,2.064034360887681,0.0,0.09982548117092449
2020,2020_kk_146,146.0,177,13166.16085794174,Group 2,1.859477382527916,80.9692936333352,7.229374491352061,7.64697308658843,2.1890114990282408,0.0,0.10586990716815592
2020,2020_kk_148,148.0,177,13386.107597787865,Group 2,1.329293014551712,70.35482682115983,10.42146318237205,15.257252556988607,2.5330340630874217,0.0,0.10413036184037594
2020,2020_kk_150,150.0,177,11666.192128116856,Group 2,1.1725752807150218,59.1144106612007,11.420517119960886,24.59884999612523,3.306776098587289,0.0,0.3868708434108754
2020,2020_kk_152,152.0,177,2524.8033921791107,Group 6,0.0,0.0,9.21149800465102,0.0,29.18960484115225,61.237333566658506,0.36156358753822815
2020,2020_kk_153,153.0,177,11087.846464014921,Group 2,0.3239782560942183,53.85806098790952,11.908856849771473,30.187884819545967,3.3141689347268315,0.0,0.407050151951978
2020,2020_kk_154_redo,154.0,177,7650.485510972564,Group 5,0.0,1.0811834202988355,10.406518101231068,28.540720297131095,49.551451437528385,10.219505346017886,0.20062139779273025
2020,2020_kk_154,154.0,177,11346.766552406256,Group 4,0.0,10.361937542683028,9.4716496896361,51.55527789218631,24.37002775452995,4.105839413647521,0.13526770731709803
2020,2020_kk_155,155.0,177,16307.47664424681,Group 4,0.0,13.771914033907198,5.0083400094937085,74.3992074024667,6.629251488189797,0.0,0.19128706594260336
2020,2020_kk_156,156.0,177,7933.85467154614,Group 2,8.529442487741246,88.05272626091389,2.696035971646938,0.4910765354676867,0.23071874423032207,0.0,-7.105427357601002e-14
2020,2020_kk_157,157.0,177,8794.58772984224,Group 5,0.0,0.0,9.560268294787278,4.347303264484273,58.34234046332622,27.53562786794782,0.2144601094544072
2020,2020_kk_158,158.0,177,9075.886735132044,Group 5,0.0,0.0,8.401354774003982,4.181044231022063,60.96444056285916,26.24534732225664,0.20781310985816503
2020,2020_kk_166_redo,166.0,178,15692.608497136041,Group 4,0.0,11.918072609560504,7.274201032836096,68.75942885636334,10.38423377415431,1.6016879114803741,0.06237581560537819
2020,2020_kk_167_redo,167.0,178,12909.177624457925,Group 2,2.1978807939485945,82.37876673107945,7.263239847532597,6.044689139898846,2.0074460262070866,0.0,0.10797746133340524
2020,2020_kk_169,169.0,178,13650.911832629034,Group 4,0.0,10.55635490523716,8.150489135570922,66.94970910649603,12.085402334570905,2.186339472631591,0.07170504549340251
2020,2020_kk_172,172.0,178,8793.1742001324,Group 5,0.0,0.0,8.039901518050957,5.176916849701791,59.86091097357673,26.707776074096234,0.2144945845742967
2020,2020_kk_173,173.0,178,9227.855307948992,Group 5,0.0,0.0,8.341508198253761,4.037307025700326,61.19267431356123,26.224119714666706,0.20439074781796762
2020,2020_kk_174_redo,174.0,178,8394.658974834412,Group 5,0.0,2.4511859648778516,10.019744421287303,35.7857661748753,43.996002692529835,7.564464123571689,0.18283662285801938
2020,2020_kk_175_redo,175.0,178,11864.267792199716,Group 2,1.1529989670745393,61.03337205227844,11.232674209935402,23.011459207072257,3.189083584826428,0.0,0.3804119788129441
2020,2020_kk_176,176.0,178,12756.468038713892,Group 4,0.0,10.21552541008026,8.367217337882275,64.60854564326878,13.987186211344014,2.7012059569378697,0.12031944048679577
2020,2020_kk_178,178.0,178,11799.867023832277,Group 4,0.0,22.2096111775009,8.241840274968412,66.12186061682972,3.044199756988387,0.0,0.3824881737125736
2020,2020_kk_184,184.0,179,7409.400775151948,Group 5,0.0,0.0,11.300244793077326,4.806490004539357,52.19070603996489,31.448005750559304,0.2545534118591206
2020,2020_kk_186_redo,186.0,179,8667.85880679386,Group 5,0.0,0.0,8.15613823159179,5.186943902717257,59.444067545902826,26.99525468409677,0.2175956356913673
2020,2020_kk_187,187.0,179,14308.926628337842,Group 4,0.0,18.13794235412599,5.9250360987768484,72.28304372901943,3.4359733904060934,0.0,0.2180044276716444
2020,2020_kk_188,188.0,179,13974.318134614485,Group 4,0.0,10.528648846087505,7.961863148577082,66.99084734226601,12.312853852282311,2.135741228272378,0.07004558251470883
2020,2020_kk_190,190.0,179,11805.267957876378,Group 4,0.0,22.19945023532298,8.238069616319583,66.13735993433764,3.0428070294227583,0.0,0.382313184597038
2020,2020_kk_191_redo,191.0,179,8296.46618779393,Group 5,0.0,0.0,10.325054285472149,4.173968512076112,56.469984394590654,28.80365646917725,0.22733633868384118
2020,2020_kk_191,191.0,179,8944.609003849811,Group 5,0.0,0.0,9.313107693042513,4.092062914999117,57.598127396865785,28.785838865543134,0.21086312954946607
2020,2020_kk_193,193.0,180,11829.584170159667,Group 2,1.1563794899916051,61.01901191828467,11.26560772823938,22.979039755729303,3.1984337841334547,0.0,0.38152732362158304
2020,2020_kk_196_redo,196.0,181,6812.536263924353,Group 5,0.0,0.0,12.395261709214083,5.3603432585822475,50.59679129902563,31.37074821651321,0.2768555166648383
2020,2020_kk_196,196.0,181,8278.581404733068,Group 5,0.0,0.0,3.8139403680266235,7.82730944152392,67.3318556935478,20.95973180128544,0.06716269561621857
2020,2020_kk_201,201.0,181,12532.156059960289,Group 2,2.2640025731180464,83.60327815282906,7.157966930728299,4.981064235248903,1.993688108075688,0.0,0.0
2020,2020_kk_203,203.0,181,12021.760092083721,Group 2,2.3601230892263776,86.28443830085641,6.312128959801035,3.33591501500051,1.7073946351156777,0.0,0.0
2020,2020_kk_204,204.0,181,10903.056793331702,Group 2,0.32946917817111604,52.925653280302875,11.916881564944685,31.043708076944643,3.3703388875799876,0.0,0.41394901205669044
2020,2020_kk_205,205.0,181,12646.710705884196,Group 4,0.0,10.30418315267753,8.567536827443908,63.81285740791358,14.366881928685773,2.827177023375797,0.12136365990340892
2020,2020_kk_207_redo,207.0,181,1652.6203950153963,Group 1,97.99373275292953,2.006267247070439,0.0,0.0,0.0,0.0,2.842170943040401e-14
2020,2020_kk_209,209.0,181,11383.48303112234,Group 4,0.0,10.32851597406443,9.441099670517614,53.526373340828506,23.107546050930907,3.461633551092655,0.13483141256587317
2020,2020_kk_210,210.0,181,11854.054513687257,Group 2,1.1539923739769384,61.72886926909315,11.276903081923582,22.32380480152469,3.1356907373191163,0.0,0.3807397361625249
2020,2020_kk_212_redo,212.0,182,2695.50456133375,Group 6,0.0,0.0,8.635227155717654,0.3480501730083655,27.667726063706667,63.01033015327896,0.33866645428835795
2020,2020_kk_212,212.0,182,2675.318075131725,Group 6,0.0,0.0,6.346881117129954,0.688700501381067,28.389686736802076,64.23350979866024,0.34122184602665584
2020,2020_kk_218,218.0,182,8606.059372385407,Group 5,0.0,0.0,8.214706817730862,5.639713505687852,60.99874309254282,24.927678411228317,0.21915817281015393
2020,2020_kk_219,219.0,182,8555.435977595602,Group 5,0.0,0.0,7.6100649497559125,5.563129440285868,63.146847295535835,23.459503360158678,0.2204549542637011
2020,2020_kk_226_redo,226.0,183,13110.46504709649,Group 2,1.3572408955636373,69.18934792714062,10.065495644464363,16.594158612183616,2.687437257479131,0.0,0.10631966316863384
2020,2020_kk_233,233.0,184,12407.499539472195,Group 2,1.1025177527497143,66.31263351539722,10.635771406529958,18.91929191343896,2.9174420486337445,0.0,0.11234336325040317
2020,2020_kk_233a,233.0,184,11502.035493992857,Group 4,0.0,31.782227419909496,10.548716747711495,53.420517476285504,3.856146106012664,0.0,0.3923922500808459
2020,2020_kk_234,234.0,184,11724.127679901307,Group 4,0.0,20.261508669278612,8.295083602937288,67.99458296073898,3.063865671475516,0.0,0.38495909556961294
2020,2020_kk_234a,234.0,184,13286.61872349475,Group 4,0.0,18.110688802000695,6.549766864932035,72.32304506812585,2.7817209947792176,0.0,0.2347782701621952
2020,2020_kk_236,236.0,185,12018.027250498508,Group 4,0.0,29.928895623067277,9.94704611747538,56.15503004865715,3.5934832487257937,0.0,0.37554496207440025
2020,2020_kk_237_redo,237.0,185,8709.440762729166,Group 5,0.0,3.3326302054897607,9.780047058646177,38.13376812579518,41.28626141484204,7.291064762332167,0.17622843289467482
2020,2020_kk_237,237.0,185,3895.377347930952,Group 6,0.0,0.0,8.993126691889607,2.374531660193606,22.27877305634173,66.11921980049064,0.23434879108441464
2020,2020_kk_237a,237.0,185,5287.377152372443,Group 6,0.0,0.0,6.311781407605406,2.312209378778279,33.17655370016872,58.026803374968,0.1726521384796058
2020,2020_kk_238_redo,238.0,185,12411.490462960244,Group 2,1.1021632373908563,66.72059072296464,10.632351466753464,18.516083390637103,2.916503943091009,0.0,0.11230723916291652
2020,2020_kk_238,238.0,185,9158.631778170933,Group 4,0.0,5.184806530191878,10.442588502335354,42.623211468413565,35.650495805307415,5.931312498257547,0.16758519549424022
2020,2020_kk_239_redo,239.0,185,2524.8033921791107,Group 6,0.0,0.0,9.21149800465102,0.0,29.18960484115225,61.237333566658506,0.36156358753822815
2020,2020_kk_241_sld18,241.0,185,12137.22398281215,Group 4,0.0,18.617921803051235,8.305447837958853,69.93659644991045,2.8830221438996637,0.0,0.25701176517978297
2020,2020_kk_241_sld18a,241.0,185,12743.344726762269,Group 2,1.073461387321159,68.40567174014598,10.355470377515262,17.291154822710354,2.764859068471333,0.0,0.10938260383591114
2020,2020_kk_242_sld18,242.0,186,8468.202902840216,Group 5,0.0,0.0,10.11566028228089,4.0893196616417224,55.93510162486419,29.637192515362187,0.2227259158510151
2020,2020_kk_242_sld19,242.0,186,16480.580042104797,Group 4,0.0,12.033584092375929,6.218970378305983,71.53543511017409,9.505939666570978,0.6466772572298298,0.05939349534318694
2020,2020_kk_244,244.0,186,8179.601169433673,Group 5,0.0,0.0,10.472572194187729,4.660076520818695,56.57631101213856,28.060455894952202,0.23058437790281516
2020,2020_kk_245,245.0,186,10637.358886574706,Group 2,0.33769859601011515,50.946787349194786,12.103096699017847,32.73360623997191,3.454522564848026,0.0,0.4242885509573284
2020,2020_kk_246,246.0,186,15664.233714015745,Group 4,0.0,12.058838819601489,7.287377794652122,68.92531340709442,10.06729590162054,1.5986852715235749,0.062488805507854295
2020,2020_kk_247_redo,247.0,186,1643.3693388522465,Group 1,97.98243882736932,2.0175611726306535,0.0,0.0,0.0,0.0,2.842170943040401e-14
2020,2020_kk_248,248.0,186,15692.608497136041,Group 4,0.0,11.918072609560504,7.274201032836096,68.75942885636334,10.38423377415431,1.6016879114803741,0.06237581560537819
2020,2020_kk_249,249.0,186,10663.589519172992,Group 2,4.468637831545358,88.55877303865913,3.7587315776777013,1.8393864612708002,1.3744710908469684,0.0,4.263256414560601e-14
2020,2020_kk_250_redo,250.0,186,2893.762894855701,Group 6,0.0,0.0,5.867766776454128,0.6367117717116652,28.96311909657455,64.21693871657389,0.3154636386857703
2020,2020_kk_250,250.0,186,3579.5736417309836,Group 6,0.0,0.0,5.466201024215581,2.044174826813066,25.774208819457968,66.46039138988465,0.25502393962872816
2020,2020_kk_251_sld20,251.0,186,11778.874088975655,Group 4,0.0,20.030139209832782,8.201801357813308,68.33526427646657,3.049625291441532,0.0,0.38316986444580436
2020,2020_kk_251_sld32,251.0,186,12145.987544951788,Group 2,1.126255766266414,63.0188066853089,11.000495657298679,21.502596657283473,2.980256709542319,0.0,0.37158852430022193
2020,2020_kk_253_sld20,253.0,186,6818.333954427834,Group 5,0.0,0.0,12.384721907030734,5.35578531064168,50.75760408944123,31.225268588949962,0.2766201039363949
2020,2020_kk_253_sld32,253.0,186,7932.843671100541,Group 5,0.0,0.0,11.009735994440799,4.942940595933752,54.419398551882615,29.39016796685418,0.2377568908886616
2020,2020_kk_255,255.0,186,7477.407223658282,Group 5,0.0,0.0,11.197469928389214,4.7627753444689915,52.94544811608473,30.84206834306772,0.2522382679893411
2020,2020_kk_256_redo,256.0,186,15346.231646038023,Group 4,0.0,15.875819550209691,5.997492493862975,73.19676407643729,4.726655127124248,0.0,0.20326875236580122
2020,2020_kk_257,257.0,187,13493.209764272684,Group 4,0.0,10.67973244341696,8.245748085609545,66.67024361505347,12.119840412494803,2.2118923442601095,0.07254309916511659
2020,2020_kk_258,258.0,187,15456.522924118146,Group 4,0.0,15.618441157591095,5.647623872800025,73.56429122612649,4.967825431853031,0.0,0.20181831162936703
2020,2020_kk_259,259.0,187,6511.163535813673,Group 5,0.0,0.0,12.246323116459461,5.7525361571816775,48.318570749155946,33.39290005311449,0.28966992408842884
2020,2020_kk_261,261.0,188,11263.266812973614,Group 4,0.0,31.93209976902415,10.772344190624052,52.95695341459402,3.937892098080399,0.0,0.4007105276773757
2020,2020_kk_262,262.0,188,6815.882622068769,Group 5,0.0,0.0,12.389176072580831,5.3577115189654085,50.62104653330174,31.35534628478821,0.2767195903638111
2020,2020_kk_263,263.0,188,2603.8717627093915,Group 6,0.0,0.0,8.719355668274098,0.0,28.99588252271602,61.93417735036696,0.35058445864291343
2020,2020_kk_264,264.0,188,12332.8948328131,Group 2,1.1091871531334339,65.77291481408089,10.700109797202538,19.303153296133097,2.935090371366063,0.0,0.17954456808398334
2020,2020_kk_266,266.0,188,11739.978943967504,Group 4,0.0,20.096500075795,8.228974341228591,68.23035740282654,3.0597288545311487,0.0,0.38443932561871463
2020,2020_kk_267_redo,267.0,189,5720.454491306281,Group 6,0.0,0.0,11.49353787473628,4.073691296933762,35.91482348008099,48.07248181004483,0.44546553820413237
2020,2020_kk_271,271.0,189,13927.543167392789,Group 2,1.4559794514633018,76.77089090374594,8.132071424205789,11.471631970690416,2.0693439732834955,0.0,0.10008227661106162
2020,2020_kk_272,272.0,189,8637.753732232104,Group 5,0.0,0.0,3.6641397676172534,6.45999840261753,67.92989010139999,21.66324775105916,0.2827239773060626
2020,2020_kk_274,274.0,189,8734.93532559899,Group 5,0.0,0.0,9.939618840481543,4.299662106811368,55.955758471868755,29.589035885709762,0.21592469512856383
2020,2020_kk_275,275.0,189,5600.707768696381,Group 6,0.0,0.0,10.910050268579099,4.160789428433994,35.09636018889784,49.377810237098,0.4549898769910783
2020,2020_kk_276,276.0,189,13564.22829667858,Group 2,1.3118372039000676,71.74218045771573,10.299491044100527,14.145304022012589,2.3984243138996835,0.0,0.10276295837138605
2020,2020_kk_277,277.0,189,12647.935401091558,Group 2,1.081559011466916,68.34427577481202,10.433586561255138,17.244655223328575,2.785715700872747,0.0,0.1102077282645979
2020,2020_kk_279,279.0,190,16559.089879951054,Group 4,0.0,13.562651575823221,5.209316079320989,73.99811255333086,7.091083338031259,0.0,0.13883645349368123
2020,2020_kk_281,281.0,190,12794.853438213422,Group 2,2.2175192317348484,82.92308900695386,7.247913742595083,5.658723293861798,1.9527547248544526,0.0,-5.684341886080802e-14
2020,2020_kk_282,282.0,190,6715.498783953654,Group 5,0.0,0.0,11.783813800166422,5.437799039355171,50.728130021061205,31.769401121446748,0.28085601797045
2020,2020_kk_283,283.0,190,12570.677009901041,Group 2,1.0882061879982776,67.62749513476139,10.497710562805306,17.796131747364022,2.87957131078535,0.0,0.11088505628565315
2020,2020_kk_284,284.0,191,11816.607183148428,Group 4,0.0,27.638120425502414,9.244625585533637,59.19407645547442,3.5412312169162066,0.0,0.3819463165733339
2020,2020_kk_285,285.0,191,12771.933251610626,Group 2,2.221498735353084,83.30045403436007,7.210447978021156,5.311340163443653,1.9562590888220228,0.0,1.4210854715202004e-14
2020,2020_kk_287_redo,287.0,191,5386.1129766235335,Group 6,0.0,0.0,6.593023004490544,2.4999037199873944,35.30151078205955,55.436075337090685,0.16948715637182943
2020,2020_kk_287,287.0,191,2783.555001957755,Group 6,0.0,0.0,6.100086314596812,0.6619207805849612,28.66420262031162,64.24583665267146,0.32795363183515747
2020,2020_kk_289,289.0,191,16443.3495089128,Group 4,0.0,11.958328238514806,6.774850282976264,70.92761984215892,9.58646766900258,0.6932059950535987,0.059527972293835774
2020,2020_kk_290,290.0,191,6208.5552258481375,Group 5,0.0,0.0,13.088581572594771,6.032917853279513,45.01786611239291,35.556845870259195,0.30378859147361936
2020,2020_kk_293,293.0,192,16558.911708601976,Group 4,0.0,11.976659415653357,6.0223980489955435,72.22593448820294,9.34358934323979,0.372306168543216,0.05911253536515915
2020,2020_kk_296,296.0,193,11277.329843881815,Group 4,0.0,32.24346917234744,10.75891088580778,52.6644276307332,3.9329814765897537,0.0,0.40021083452182893
2020,2020_kk_298,298.0,193,8895.627408774986,Group 5,0.0,3.2909154227748747,10.252092206970756,39.39289058328271,39.7531000157414,7.138461822503279,0.1725399487269783
2020,2020_kk_299,299.0,193,12935.648860206316,Group 4,0.0,18.372160660785106,7.398857912920612,71.34371864441033,2.6441145106285355,0.0,0.24114827125541183
2020,2020_kk_302,302.0,193,5979.357738725727,Group 2,13.360294126143835,85.22115216535015,1.4185537085060953,0.0,0.0,0.0,-8.526512829121202e-14
2020,2020_kk_303,303.0,193,16012.801068302306,Group 4,0.0,12.251502957992708,7.221730095470473,69.29183801689544,9.836547540133557,1.3372528430524144,0.06112854645540722
2020,2020_kk_305_redo,305.0,193,16516.42335120336,Group 4,0.0,13.597687688124898,5.1027828923463625,74.0141431057275,7.0965191908246155,0.0,0.18886712297663166
2020,2020_kk_306,306.0,194,14321.578454574383,Group 4,0.0,10.495460748302378,7.73083964646653,67.75830465276854,11.882124531208579,2.064923258468151,0.06834716278581254
2020,2020_kk_307,307.0,194,8515.290993204768,Group 5,0.0,0.0,10.059722425800205,4.1755687011265925,56.51965517840982,29.023559414708345,0.22149427995503856
2020,2020_kk_308,308.0,194,11798.228767422654,Group 4,0.0,19.997280302678398,8.24298470502853,68.3325712449609,3.0446224627912977,0.0,0.38254128454087777
2020,2020_kk_309,309.0,194,10292.442014885992,Group 2,0.0,42.22663964562342,13.278057727762462,40.816286671758384,3.240508787997719,0.0,0.4385071668580167
2020,2020_kk_310,310.0,194,12788.440660463673,Group 4,0.0,18.9859676209964,7.607384956889939,70.2861822602062,2.8765410242407317,0.0,0.24392413766670984
2020,2020_kk_311_redo,311.0,194,12118.450659410613,Group 4,0.0,19.470665850882824,7.971974983571959,69.2207559106528,2.9641703659989598,0.0,0.3724328888934707
2020,2020_kk_311,311.0,194,12190.940192849639,Group 4,0.0,10.188981153300494,8.94435029660939,61.48419937152813,16.323694347738527,2.9328738689020564,0.12590096192141687
2020,2020_kk_312,312.0,194,6684.695290396753,Group 5,0.0,0.0,11.928413945544294,5.599054703082444,50.20675637729145,31.983624754032714,0.28215022004908974
2020,2020_kk_313,313.0,194,8723.562687810441,Group 5,0.0,0.0,9.822209918154758,4.305267442785196,56.02870625662799,29.62761019298342,0.21620618944862713
2020,2020_kk_314,314.0,194,5720.454491306281,Group 6,0.0,0.0,11.49353787473628,4.073691296933762,35.91482348008099,48.07248181004483,0.44546553820413237
2020,2020_kk_315_redo,315.0,195,12042.166929695431,Group 4,0.0,19.59219541754366,8.022475195742524,69.02758969164834,2.98294754890547,0.0,0.37479214616000434
2020,2020_kk_316,316.0,195,13555.626261190064,Group 2,1.3126696604731298,72.02834101885549,10.145808206622966,14.010406655669902,2.3999462894002734,0.0,0.10282816897824887
2020,2020_kk_318_redo,318.0,195,8177.840161372959,Group 5,0.0,0.0,10.474827347588436,4.270475646934853,57.15880485374094,27.865258120019693,0.23063403171607888
2020,2020_kk_318,318.0,195,8168.240906604734,Group 5,0.0,0.0,10.487137285249723,4.446676534098656,56.647079516886656,28.18820159268386,0.2309050710811107
2020,2020_kk_319,319.0,195,13539.476588587964,Group 2,1.314235391992561,71.71287312407303,10.318319688925717,14.148812067012454,2.402808907211446,0.0,0.10295082078479822
2020,2020_kk_320_redo_a,320.0,195,9240.298029018639,Group 5,0.0,0.0,8.33027576186642,4.031870503519379,61.675079148223624,25.758659065308358,0.20411552108222963
2020,2020_kk_320_redo,320.0,195,8179.601169433673,Group 5,0.0,0.0,10.472572194187729,4.660076520818695,56.57631101213856,28.060455894952202,0.23058437790281516
2020,2020_kk_321,321.0,196,8453.381110540766,Group 5,0.0,0.0,10.13339664288207,4.096489697616479,56.03317580934626,29.513821416330217,0.22311643382496982
2020,2020_kk_322,322.0,196,5682.74579486297,Group 6,0.0,0.0,12.883254785471514,4.188503299722384,40.000891672188345,42.43481277560988,0.49253746700787815
2020,2020_kk_323,323.0,196,13371.704792431163,Group 2,1.330724810186435,70.48885209933297,10.26673184183734,15.273686305883565,2.5357624209998098,0.0,0.10424252175985771
2020,2020_kk_324,324.0,196,11824.846468071562,Group 4,0.0,22.06775049470058,8.224429766499355,66.28837052873038,3.037769025030195,0.0,0.3816801850394853
2020,2020_kk_325,325.0,196,10817.591407746897,Group 4,0.0,33.354667620799155,11.552038007016705,51.538469435642895,3.1376054818698638,0.0,0.41721945467138255
2020,2020_kk_326,326.0,196,16624.97336007227,Group 4,0.0,13.428213444793757,5.344019849220937,73.97061813546615,7.1188623151236445,0.0,0.13828625539549932
2020,2020_kk_327,327.0,196,15149.373087577389,Group 4,0.0,10.838605102299399,7.371492349230126,68.64199483612364,11.382468063496074,1.7008271234131602,0.06461252543759599
2020,2020_kk_328,328.0,197,6650.289476043198,Group 5,0.0,0.0,11.990126566810059,5.491119291532144,50.15422871453035,32.080915479930255,0.283609947197192
2020,2020_kk_329,329.0,197,8867.929933777295,Group 5,0.0,0.0,6.055591577529496,7.4017812061885335,64.67588834679684,21.654052452110232,0.21268641737489702
2020,2020_kk_330,330.0,197,5564.523750998208,Group 6,0.0,0.0,14.520681678788383,6.31224262968886,38.62276763207845,40.041306303193494,0.5030017562508107
2020,2020_kk_331,331.0,197,5771.005078241266,Group 6,0.0,0.0,11.93999487434826,4.0380081735852205,37.57724220162874,45.95974994078951,0.48500480964827375
2020,2020_kk_332,332.0,198,1968.2364139707256,Group 6,0.0,0.0,12.351987404570545,0.0,20.76683592185788,66.8811766735716,-2.842170943040401e-14
2020,2020_kk_333,333.0,198,7258.082777199699,Group 5,0.0,0.789764990498163,9.849224131802863,25.826460991918427,50.58867582990931,12.734406214552871,0.2114678413183526
2020,2020_kk_335,335.0,198,11454.15926944818,Group 4,0.0,10.26478535539892,9.382844726206573,52.00948934595717,24.141537523743054,4.067343593919787,0.13399945477449648
2020,2020_kk_336,336.0,199,13271.746632846216,Group 2,1.3407473646112658,69.73624969528846,10.34405727972073,15.919057122590988,2.554860897768534,0.0,0.10502764002002607
2020,2020_kk_337,337.0,199,5703.750733124206,Group 6,0.0,0.0,12.835810220651908,4.17307849290067,39.5113883685816,42.988999295741756,0.4907236221240652
2020,2020_kk_338,338.0,199,4657.593285353343,Group 6,0.0,0.0,7.952304494809513,2.295130707690717,26.615722429821826,62.940844796319354,0.19599757135858908
2020,2020_kk_339,339.0,200,13350.21198607295,Group 2,1.3328671739699647,70.85203943229193,10.464601461573569,14.809208302419622,2.436873285606135,0.0,0.1044103441387847
2020,2020_kk_340,340.0,201,8168.916211015648,Group 5,0.0,0.0,10.486270339147739,4.165898062713501,57.221246715527975,27.89569889988978,0.2308859827210057
2021,2021_kk_003_R2,3.0,153,8318.74035598836,Group 5,0.0,0.0,3.7955284644479863,7.789522886724674,67.05331621995927,21.294793963039496,0.06683846582856745
2021,2021_kk_005_R2,5.0,155,12386.711836911996,Group 2,1.1043680267702338,66.25609849918479,10.653620635236349,18.95104276210036,2.922338175898358,0.0,0.1125319008099126
2021,2021_kk_006_R2,6.0,155,5656.913114842181,Group 6,0.0,0.0,10.801651369857339,4.1194491063683545,35.74122276105476,48.88720752499056,0.4504692377289956
2021,2021_kk_006_R3,6.0,155,3895.377347930952,Group 6,0.0,0.0,8.993126691889607,2.374531660193606,22.27877305634173,66.11921980049064,0.23434879108441464
2021,2021_kk_007_R2,7.0,156,12569.779992025587,Group 2,2.257225948621779,83.65235690752988,7.136541666189203,4.966154887390884,1.9877205902682784,0.0,-2.842170943040401e-14
2021,2021_kk_014_R1,14.0,158,9973.430440729282,Group 2,5.080341753953919,89.0987326595687,3.7210469878020036,1.0711437199863136,1.0287348786890183,0.0,5.684341886080802e-14
2021,2021_kk_011_R1,11.0,159,13189.16382419474,Group 2,1.8562343038878555,81.00248472127362,7.2167658787310085,7.633636148311439,2.185193686291151,0.0,0.10568526150491664
2021,2021_kk_011_R2,11.0,159,13460.159984144255,Group 2,1.3219797790470529,71.50082915339424,10.379122389804039,14.277543274357033,2.416967924925322,0.0,0.10355747847232522
2021,2021_kk_012_R1,12.0,159,11920.512437884207,Group 2,2.380168949473699,86.52081500637696,6.270060950019708,3.1259382160201703,1.703016878109456,0.0,0.0
2021,2021_kk_013_R1,13.0,159,12547.801904593387,Group 2,2.2611795900348524,83.62372321280563,7.149041667216924,4.974853350049668,1.9912021798929689,0.0,-4.263256414560601e-14
2021,2021_kk_013_R2,13.0,159,10827.91590756122,Group 2,4.400820984596993,88.4591983260235,3.8082325570329845,1.9040338347501555,1.4277142975963397,0.0,4.263256414560601e-14
2021,2021_kk_018_R1,18.0,160,13388.125801549453,Group 2,1.3290926292101048,70.34422112636423,10.43496677074901,15.25495259021518,2.5326522188360205,0.0,0.10411466462544183
2021,2021_kk_021_R1,21.0,160,497.3250720745651,Group 1,100.00000000000004,0.0,0.0,0.0,0.0,0.0,-4.263256414560601e-14
2021,2021_kk_022_R1,22.0,160,2388.480013767872,Group 1,63.01256514194401,36.987434858056055,0.0,0.0,0.0,0.0,-5.684341886080802e-14
2021,2021_kk_030,30.0,161,12251.039759089901,Group 2,2.315953104748944,84.5789630478225,7.003544118078669,4.296797358518776,1.8047423708311428,0.0,-2.842170943040401e-14
2021,2021_kk_031,31.0,161,11675.054781186253,Group 2,2.4302098875106237,86.71737974688986,6.184667969509084,2.9289211007810416,1.7388212953094013,0.0,-1.4210854715202004e-14
2021,2021_kk_033,33.0,161,13794.86117417038,Group 2,1.4699833804098819,72.71517907233162,9.892325210890775,13.463141796462864,2.3583256500583456,0.0,0.10104488984650573
2021,2021_kk_034a,34.0,161,1587.0183391516578,Group 1,100.00000000000004,0.0,0.0,0.0,0.0,0.0,-4.263256414560601e-14
2021,2021_kk_035,35.0,161,13228.37304721107,Group 2,1.345143447215417,69.5475087880135,10.377973684454373,16.060764220347252,2.563237852178556,0.0,0.10537200779089062
2021,2021_kk_037,37.0,161,12758.056737563176,Group 2,2.223914985652141,83.2822904935525,7.2182905425051995,5.317117131512137,1.9583868467780259,0.0,0.0
2021,2021_kk_039,39.0,161,7751.858302219146,Group 5,0.0,0.0,11.272092330724684,4.59415141208127,53.33584321888962,30.55460515345744,0.24330788484698473
2021,2021_kk_041,41.0,161,14562.607758615111,Group 4,0.0,16.432797010423272,6.067706362553612,73.49817829188798,3.787111552125382,0.0,0.21420678300975737
2021,2021_kk_043,43.0,161,13225.839216057666,Group 2,1.3454011523271054,70.10823926775006,10.3799619161727,15.497276546484356,2.5637289221074533,0.0,0.10539219515831633
2021,2021_kk_044_R1,44.0,161,7489.337115668211,Group 2,9.035693824688016,87.59090228182971,2.7665425118410316,0.3624486975206494,0.24441268412066672,0.0,-7.105427357601002e-14
2021,2021_kk_045,45.0,161,1787.6973422986032,Group 1,99.99999999999997,0.0,0.0,0.0,0.0,0.0,2.842170943040401e-14
2021,2021_kk_047,47.0,161,11824.846468071562,Group 4,0.0,22.06775049470058,8.224429766499355,66.28837052873038,3.037769025030195,0.0,0.3816801850394853
2021,2021_kk_036,36.0,162,13263.75047203647,Group 2,1.8457960575843146,80.44398287323709,7.1761835128090965,8.25604101175852,2.172905587816365,0.0,0.10509095679461211
2021,2021_kk_038_R1,38.0,162,1986.2371042084285,Group 1,83.04871314734268,16.951286852657333,0.0,0.0,0.0,0.0,-1.4210854715202004e-14
2021,2021_kk_038,38.0,162,1801.5778581562788,Group 1,85.29425260614224,14.705747393857735,0.0,0.0,0.0,0.0,2.842170943040401e-14
2021,2021_kk_053,53.0,162,15932.102704242256,Group 4,0.0,12.095032842717254,7.258309184571657,69.39288996313155,9.848303619631638,1.3440262187186562,0.061438171229255545
2021,2021_kk_054,54.0,162,12114.671911361755,Group 4,0.0,24.084569034721742,8.35577547432987,63.853918838537815,3.3331875961077104,0.0,0.3725490563028586
2021,2021_kk_055_R1,55.0,162,13110.46504709649,Group 2,1.3572408955636373,69.18934792714062,10.065495644464363,16.594158612183616,2.687437257479131,0.0,0.10631966316863384
2021,2021_kk_049_R1,49.0,163,12733.483194982726,Group 2,2.2282067783029342,83.25002804500534,7.232220664160695,5.327378299036821,1.9621662134942166,0.0,0.0
2021,2021_kk_061,61.0,163,6794.19307616777,Group 5,0.0,0.3578891007424112,8.136309713258871,13.952698866898988,55.10172195361541,22.369544033076945,0.08183633240736299
2021,2021_kk_062_R1,62.0,163,13201.15600743247,Group 2,1.3479167515146895,69.48472438760133,10.399370122950518,16.0938769612628,2.568522521683672,0.0,0.10558925498698102
2021,2021_kk_057,57.0,164,14135.297741372293,Group 4,0.0,10.699407796920289,7.832719801334422,67.22404788054128,12.082440993116704,2.092135658541564,0.06924786954573392
2021,2021_kk_058,58.0,164,13234.905639810619,Group 2,1.3444795003488685,69.56253977683528,10.372851239615366,16.052836817436773,2.5619726683472748,0.0,0.10531999741643006
2021,2021_kk_065_R1,65.0,164,12382.642373374965,Group 2,1.1047309691278415,65.87444851637594,10.66585927225637,19.25283941778691,2.9232985806561715,0.0,0.17882324379678494
2021,2021_kk_065,65.0,164,12394.447796272916,Group 2,1.103678738605483,65.90695230948651,10.655700289674114,19.23450153658,2.9205142068325953,0.0,0.17865291882129952
2021,2021_kk_067,67.0,164,12382.642373374965,Group 2,1.1047309691278415,65.87444851637594,10.66585927225637,19.25283941778691,2.9232985806561715,0.0,0.17882324379678494
2021,2021_kk_068,68.0,164,13353.192084264812,Group 2,1.3325697113834856,70.28175170230409,10.447152007197207,15.294861564609786,2.5392779721416585,0.0,0.1043870423637685
2021,2021_kk_070,70.0,165,13027.219440319896,Group 2,1.3659138393495929,68.81440497748206,10.129815455477697,16.87825634120309,2.704610327004655,0.0,0.10699905948290223
2021,2021_kk_071,71.0,165,6684.695290396753,Group 5,0.0,0.0,11.928413945544294,5.599054703082444,50.20675637729145,31.983624754032714,0.28215022004908974
2021,2021_kk_072,72.0,165,5832.215900393382,Group 6,0.0,0.0,11.273289857479263,3.9956280895170977,36.97214377349393,47.32200909474301,0.4369291847666972
2021,2021_kk_074,74.0,165,12217.189629119126,Group 4,0.0,18.4327028724176,8.340997719725815,69.95992761798246,3.0110422537940376,0.0,0.25532953608009734
2021,2021_kk_077,77.0,165,16674.20503273724,Group 4,0.0,13.1194975537439,5.292850136641128,74.00900534922657,7.519943156994997,0.0,0.05870380339339931
2021,2021_kk_081,81.0,166,1609.5686183585462,Group 1,97.94007031912606,2.0599296808739225,0.0,0.0,0.0,0.0,1.4210854715202004e-14
2021,2021_kk_082,82.0,166,8024.374131372286,Group 5,0.0,1.030806634421648,10.359776971240429,32.74411058289042,47.50583134762075,8.168200842747208,0.19127362107954582
2021,2021_kk_083_R1,83.0,166,5066.094202890815,Group 2,18.911107262469255,81.08889273753083,0.0,0.0,0.0,0.0,-8.526512829121202e-14
2021,2021_kk_083,83.0,166,5225.177960875114,Group 2,18.3353469661723,81.05957095341297,0.6050820804148237,0.0,0.0,0.0,-8.526512829121202e-14
2021,2021_kk_085,85.0,167,10770.332682211176,Group 2,4.4243498275732,88.4233698670569,3.8027190924830396,1.914213688299305,1.4353475245875318,0.0,2.842170943040401e-14
2021,2021_kk_086,86.0,167,12606.089312135358,Group 2,1.0851492616614515,68.23919415757922,10.468220997087208,17.30189909639869,2.794962922920681,0.0,0.11057356435276233
2021,2021_kk_087,87.0,167,8663.852210421703,Group 5,0.0,0.0,3.9543362398200976,6.440538683854928,67.72526210080913,21.597990659269573,0.28187231624626463
2021,2021_kk_088,88.0,167,8347.147717687709,Group 5,0.0,0.0,3.7826113634721317,7.763013257137116,67.41102461340172,20.976739767618646,0.0666109983703791
2021,2021_kk_089_R1,89.0,167,11998.393163150233,Group 2,1.1401100400272586,62.78710166039869,10.624458228943505,22.055253188645125,3.0169173807400065,0.0,0.37615950124541087
2021,2021_kk_089,89.0,167,13350.211986072954,Group 2,1.3328671739699645,70.85203943229192,10.464601461573567,14.809208302419618,2.4368732856061346,0.0,0.1044103441387989
2021,2021_kk_101,101.0,168,11556.904450773256,Group 4,0.0,30.85116680991139,10.498634384758313,54.491259502987276,3.7684100211481844,0.0,0.39052928119483
2021,2021_k_199,99.0,169,16545.030844738652,Group 4,0.0,13.574176353133543,5.093959830608088,74.0462143162926,7.097108941203535,0.0,0.1885405587622273
2021,2021_kk_093,93.0,169,8624.33826594332,Group 5,0.0,0.0,3.972453736816492,6.753472898623292,67.42290406821162,21.632475619339896,0.21869367700868736
2021,2021_kk_094,94.0,169,5243.647511898674,Group 2,18.27076489318628,81.12628428986251,0.6029508169513083,0.0,0.0,0.0,-9.947598300641403e-14
2021,2021_kk_096,96.0,169,15160.14318411694,Group 4,0.0,10.830905120716896,7.437297662385638,68.59323006510046,11.374381709797868,1.6996188187095849,0.06456662328955076
2021,2021_kk_097_R1,97.0,169,7414.198755553977,Group 2,9.127265043489343,87.8112866433071,2.4484367634137727,0.36612189291979363,0.2468896568700401,0.0,-4.263256414560601e-14
2021,2021_kk_097,97.0,169,8627.701495050787,Group 2,7.843497734114833,88.67846846926885,2.4792185497583197,0.45158375811239926,0.5472314887456833,0.0,-8.526512829121202e-14
2021,2021_kk_099,99.0,169,12818.085108676622,Group 2,2.2135001699482637,82.7727980811824,7.234777525899213,5.648467347385328,2.021712065734208,0.0,0.10874480985059165
2021,2021_kk_102a,102.0,170,7640.512283536137,Group 2,8.85691359633948,87.81507865872553,2.7331537219416253,0.35527728797926766,0.2395767350141375,0.0,-2.842170943040401e-14
2021,2021_kk_104,104.0,170,8755.649337490051,Group 5,0.0,3.343527853433722,9.745989824522763,39.010847838045095,40.471750470497895,7.252585638949038,0.175298374551474
2021,2021_kk_106,106.0,170,14526.237212892891,Group 4,0.0,17.86660113906566,5.836398343571242,72.61772003967465,3.4645373673778437,0.0,0.21474311031060722
2021,2021_kk_107,107.0,170,11978.632327231378,Group 4,0.0,21.878161995986563,8.118841669028047,66.57064907685476,3.0555672164111076,0.0,0.3767800417195133
2021,2021_kk_108,108.0,170,7468.651143608634,Group 5,0.0,0.0,11.210597592429382,4.768359116072831,52.89028240877377,30.878226896214194,0.2525339865098317
2021,2021_kk_110_r1,110.0,170,10709.916269940806,Group 2,0.3354107605242607,51.76529254958202,12.021100817353267,32.02566286928434,3.431118916139024,0.0,0.4214140871170713
2021,2021_kk_110,110.0,170,10465.467531958093,Group 2,0.34324516800444305,47.168017188441425,13.281135482253442,35.44764372942851,3.328701101588921,0.0,0.43125733028325897
2021,2021_kk_112,112.0,170,13685.092156113858,Group 2,1.3002513332602919,72.35218464462075,9.990603541923857,13.877863168550435,2.3772419341367663,0.0,0.10185537750790274
2021,2021_kk_116,116.0,170,7258.082777199699,Group 5,0.0,0.789764990498163,9.849224131802863,25.826460991918427,50.58867582990931,12.734406214552871,0.2114678413183526
2021,2021_kk_111,111.0,171,6818.333954427834,Group 5,0.0,0.0,12.384721907030734,5.35578531064168,50.75760408944123,31.225268588949962,0.2766201039363949
2021,2021_kk_113,113.0,171,16414.0895416293,Group 4,0.0,12.082329959564406,6.084208573960752,71.58008404479878,9.544446504511468,0.6492968295411836,0.05963408762340805
2021,2021_kk_114,114.0,171,4787.352818165157,Group 6,0.0,0.0,7.7367600477597,2.5537125641680225,27.79050272573188,61.72833953697394,0.190685125366457
2021,2021_kk_115,115.0,171,5846.836205707196,Group 5,0.0,0.0,13.383028323279078,5.3896622119826425,41.318062110660556,39.43053286285952,0.47871449121819865
2021,2021_kk_118,118.0,171,7735.622521838216,Group 5,0.0,1.0692840903687768,10.435046115787607,29.325707419870074,49.51002432562938,9.461524657221275,0.1984133911228838
2021,2021_kk_120,120.0,171,14653.109668063962,Group 4,0.0,10.257997648875739,7.555926968724656,68.27075356388838,11.83031731128376,2.0182037204894763,0.06680078673798562
2021,2021_kk_128,128.0,171,5575.417336623398,Group 6,0.0,0.0,10.245873957378988,3.741245718690495,34.69114942522038,51.15799840709757,0.16373249161256354
2021,2021_kk_121,121.0,172,6812.536263924353,Group 5,0.0,0.0,12.395261709214083,5.3603432585822475,50.59679129902563,31.37074821651321,0.2768555166648383
2021,2021_kk_122,122.0,172,8466.279470612657,Group 5,0.0,0.0,4.0582119666928165,7.359467990752812,67.62946947700021,20.88717687205621,0.06567369349795626
2021,2021_kk_124,124.0,172,5600.606236246299,Group 6,0.0,0.0,9.415791120081145,3.7244193504550687,34.535124908620794,52.161668521171244,0.16299609967174433
2021,2021_kk_125,125.0,172,12892.993391166103,Group 2,1.898874651315766,82.38110150069056,7.27235720023577,6.30451497108146,2.0350386740942814,0.0,0.10811300258215795
2021,2021_kk_129,129.0,172,10896.243425898634,Group 4,0.0,34.673772173363865,11.752027285070977,49.90283699221937,3.2571556970073847,0.0,0.41420785233839297
2021,2021_kk_136_R1,136.0,172,7360.6897083696,Group 5,0.0,0.7787557827702104,9.627227410738014,25.592382386411423,49.88347713460856,13.909637274737024,0.2085200107347731
2021,2021_kk_131,131.0,173,5850.554756487752,Group 6,0.0,0.0,12.513729894605383,4.068366249691536,38.58413979551728,44.35535383483959,0.4784102253462095
2021,2021_kk_134_r1,134.0,173,7742.9573760407675,Group 5,0.0,0.3140360371637925,6.02489642869169,11.206707113520748,59.63034148796895,22.75221021461366,0.0718087180411544
2021,2021_kk_148,148.0,173,13388.125801549453,Group 2,1.3290926292101048,70.34422112636423,10.43496677074901,15.25495259021518,2.5326522188360205,0.0,0.10411466462544183
2021,2021_kk_138,138.0,174,12457.120142405845,Group 2,1.0981260799544699,66.979970413126,10.593405804864133,18.310780872410053,2.905820965123087,0.0,0.11189586452226763
2021,2021_kk_139,139.0,174,13348.509365154685,Group 4,0.0,18.143296024321863,6.519398734461092,72.33479203793739,2.768823487456399,0.0,0.23368971582324605
2021,2021_kk_141,141.0,174,13939.941528742076,Group 2,1.4546844848151879,74.50171355458956,9.324869367672948,12.329942781166467,2.2887965495949345,0.0,0.09999326216090765
2021,2021_kk_142,142.0,174,16293.033800281215,Group 4,0.0,14.256828880070346,5.240633041674949,73.77329945502379,6.537781992228788,0.0,0.19145663100212573
2021,2021_kk_144_R1,144.0,174,2460.7571915746576,Group 1,56.43473081099847,43.56526918900159,0.0,0.0,0.0,0.0,-5.684341886080802e-14
2021,2021_kk_144,144.0,174,3430.282607550899,Group 2,37.83287787920145,62.167122120798545,0.0,0.0,0.0,0.0,0.0
2021,2021_kk_147_R1,147.0,174,9045.674952603413,Group 4,0.0,3.7316576407829523,10.653081142292388,41.62448571023564,37.057307521643544,6.763790088697591,0.16967789634787778
2021,2021_kk_147,147.0,174,14093.283802822143,Group 4,0.0,10.439773338943613,7.856070172547971,67.28911347939636,12.247216111544434,2.0983725909858633,0.06945430658176122
2021,2021_kk_152_R1,152.0,174,8111.376728989974,Group 5,0.0,0.0,10.767409457366291,4.834145464226467,54.90132279926539,29.264598465963985,0.2325238131778633
2021,2021_kk_152,152.0,174,8057.011370090154,Group 5,0.0,0.0,10.840063454324037,4.866764265549279,54.635878783101724,29.423200709946546,0.23409278707842418
2021,2021_kk_153,153.0,174,6277.91471652069,Group 5,0.0,0.0,12.94397665320771,5.96626513044598,45.62531826406022,35.16400766986223,0.30043228242385567
2021,2021_kk_157,157.0,174,13151.170209612206,Group 2,1.861596948397258,81.15205405481181,7.237615051615144,7.451236668332882,2.1915066915508996,0.0,0.10599058529200533
2021,2021_kk_158,158.0,174,14270.363717477343,Group 4,0.0,18.48492098982543,5.896614393332795,72.15802804213635,3.2418430320345095,0.0,0.21859354267091646
2021,2021_kk_160,160.0,174,13564.22829667858,Group 2,1.3118372039000676,71.74218045771573,10.299491044100527,14.145304022012589,2.3984243138996835,0.0,0.10276295837138605
2021,2021_kk_155,155.0,175,12287.691438349813,Group 2,1.1132675798489207,65.44500590101194,10.748277789666947,19.56735581417019,2.945887846913681,0.0,0.18020506838831807
2021,2021_kk_156_r1,156.0,175,6277.91471652069,Group 5,0.0,0.0,12.94397665320771,5.96626513044598,45.62531826406022,35.16400766986223,0.30043228242385567
2021,2021_kk_161,161.0,175,7295.995535564898,Group 5,0.0,0.7856610722454591,9.712592802027583,23.647448613409082,51.21215338182069,14.431775156239663,0.21036897425751988
2021,2021_kk_164,164.0,175,3704.0289891420275,Group 6,0.0,0.0,7.594581936382454,2.052718924134076,24.20092403220884,65.90531997018438,0.24645513709025124
2021,2021_kk_163,163.0,176,12034.37931315007,Group 2,2.3576482698583194,86.39359558724136,6.2107348950959524,3.3324169825771146,1.7056042652272632,0.0,-1.4210854715202004e-14
2021,2021_kk_166,166.0,176,16594.56079014746,Group 4,0.0,12.151050054929396,5.853320694197888,73.16039395425439,8.728414468110511,0.047835280992570714,0.05898554751523477
2021,2021_kk_169,169.0,176,16620.197718144685,Group 4,0.0,13.432071903052018,5.345555398056551,74.01903530886777,7.065011399502821,0.0,0.1383259905208405
2021,2021_kk_171,171.0,176,12224.224047940184,Group 2,2.321033503247015,85.59239579335522,6.207584197363307,4.07028515589094,1.8087013501435365,0.0,-1.4210854715202004e-14
2021,2021_kk_173,173.0,176,2981.0873320602823,Group 6,0.0,0.0,5.695883374753357,0.9850434543987621,28.49492369328087,64.51792665662259,0.3062228209444129
2021,2021_kk_175,175.0,176,11998.681949340234,Group 2,1.1400825996770576,62.87909067005869,10.533109154098826,22.054722359295305,3.016844769091526,0.0,0.3761504477786133
2021,2021_kk_176,176.0,176,10489.204046124007,Group 4,0.0,8.93461090677028,10.407684159268223,47.33931459083034,28.638714546563378,4.533349050490941,0.14632674607683782
2021,2021_kk_180_r1,180.0,176,9568.132297236467,Group 4,0.0,6.792034893884308,11.044192273339174,43.948384212704134,32.51868976590656,5.536286032799601,0.16041282136622215
2021,2021_kk_182,182.0,177,11816.607183148428,Group 4,0.0,27.638120425502414,9.244625585533637,59.19407645547442,3.5412312169162066,0.0,0.3819463165733339
2021,2021_kk_194,194.0,177,16659.25648379468,Group 4,0.0,12.972409856183287,5.172487605361999,74.0278553410484,7.768490718391896,0.0,0.05875647901441994
2021,2021_kk_195,195.0,177,4814.196080939036,Group 6,0.0,0.0,7.693620989962962,2.539473431349912,27.71792433925923,61.85935934680909,0.1896218926188027
2021,2021_kk_197r1,197.0,177,12145.406598355534,Group 4,0.0,22.804767591229904,8.031387505520552,65.59791225792898,3.194326346968363,0.0,0.37160629835219083
2021,2021_kk_183,183.0,178,13228.37304721107,Group 2,1.345143447215417,69.5475087880135,10.377973684454373,16.060764220347252,2.563237852178556,0.0,0.10537200779089062
2021,2021_kk_184,184.0,178,7507.3932824068115,Group 5,0.0,0.0,11.152744951492851,4.743751849107429,53.17871781367348,30.673554608784464,0.25123077694178164
2021,2021_kk_186,186.0,178,11519.636585216103,Group 2,0.3118345908465663,57.04783782470072,11.58516569172463,27.31452350018686,3.348845686702737,0.0,0.39179270583849757
2021,2021_kk_188_r1,188.0,178,4035.695513488872,Group 6,0.0,0.0,8.68044228945683,2.431187164587635,21.85731675990482,66.80485313011569,0.22620065593503114
2021,2021_kk_190_r1,190.0,178,8919.168429377061,Group 5,0.0,0.0,9.339671919485102,4.103734903499,57.904895653661335,28.44023293872627,0.21146458462828832
2021,2021_kk_190,190.0,178,5410.185150174602,Group 6,0.0,0.0,7.083342243574091,2.4887806041349627,35.09869650283636,55.16044761223575,0.16873303721882849
2021,2021_kk_201,201.0,178,16307.47664424681,Group 4,0.0,13.771914033907198,5.0083400094937085,74.3992074024667,6.629251488189797,0.0,0.19128706594260336
2021,2021_kk_202,202.0,178,16487.990163696344,Group 4,0.0,12.028175894019347,6.216175415049699,71.50328526856164,9.501667455824135,0.6913291641474761,0.05936680239770453
2021,2021_kk_204_R1,204.0,179,16773.377204774595,Group 4,0.0,12.913304930175281,5.290955567547084,74.02174640406398,7.715636379585498,0.0,0.058356718628147064
2021,2021_kk_205,205.0,179,10883.482785985494,Group 4,0.0,34.56237698186606,11.740201220285625,50.021753656933384,3.260974639142715,0.0,0.41469350177220576
2021,2021_kk_206,206.0,179,8645.749688772705,Group 5,0.0,0.0,8.176995303476868,5.319268537657237,61.123786791217505,25.161797291189774,0.21815207645862245
2021,2021_kk_207,207.0,179,16616.034094942766,Group 4,0.0,13.435437693342639,5.346894880050589,73.95661458056766,7.1226921939799155,0.0,0.13836065205920534
2021,2021_kk_209,209.0,179,16116.144430435865,Group 4,0.0,12.201117433326605,7.175421384866118,69.46057524817728,9.77347154208875,1.3286778265265815,0.060736565014678945
2021,2021_kk_213_R1,213.0,179,13234.905639810619,Group 2,1.3444795003488685,69.56253977683528,10.372851239615366,16.052836817436773,2.5619726683472748,0.0,0.10531999741643006
2021,2021_kk_213,213.0,179,12370.574674101616,Group 4,0.0,19.371762842117555,7.687275503611689,69.7150902127732,2.9737077835928045,0.0,0.2521636579047595
2021,2021_kk_217,217.0,179,5765.1078742653,Group 6,0.0,0.0,12.940031744547978,4.128665071388691,40.29784189780349,42.14796035887118,0.4855009273886708
2021,2021_kk_218,218.0,179,15955.171777984106,Group 4,0.0,12.07754502068429,7.3924014359203465,69.29255699787144,9.834064271688865,1.3420829340970903,0.06134933973797274
2021,2021_kk_219,219.0,179,11901.780848367955,Group 4,0.0,29.755870567744573,9.178467532824232,57.05786762031416,3.6285813154859516,0.0,0.37921296363109036
2021,2021_kk_220_R1,220.0,179,8509.066047557297,Group 5,0.0,0.0,7.356474269310167,6.0189163426349745,62.4289024864648,23.97405058389251,0.22165631769755123
2021,2021_kk_222,222.0,179,12097.959541859036,Group 4,0.0,23.337485247955243,8.367318313990193,64.58434060500855,3.337792129833856,0.0,0.37306370321215354
2021,2021_kk_225,225.0,179,16287.136530709466,Group 4,0.0,14.261991012958811,5.242530577544137,73.76380325396968,6.540149201635844,0.0,0.19152595389152793
2021,2021_kk_226,226.0,179,7247.362010450654,Group 5,0.0,0.335510720562005,7.847836631618647,12.499282594822548,55.10563798561622,24.135012863590408,0.0767192037901765
2021,2021_kk_227_a,227.0,179,13564.22829667858,Group 2,1.3118372039000676,71.74218045771573,10.299491044100527,14.145304022012589,2.3984243138996835,0.0,0.10276295837138605
2021,2021_kk_228,228.0,179,5863.012010488853,Group 6,0.0,0.0,12.040254500447558,4.059722113938232,38.6926865301069,44.729943117537054,0.4773937379702602
2021,2021_kk_229,229.0,179,15268.172604577738,Group 4,0.0,11.34258041146785,7.384675323283899,68.3401945186701,11.18084673687921,1.6875932252908665,0.06410978440806048
2021,2021_kk_230,230.0,179,10839.732300186719,Group 4,0.0,38.46191970820178,11.962139423633179,46.24889553636366,2.9106780763185007,0.0,0.4163672554828679
2021,2021_kk_231,231.0,179,5703.750733124206,Group 6,0.0,0.0,12.835810220651908,4.17307849290067,39.5113883685816,42.988999295741756,0.4907236221240652
2021,2021_kk_232_a,232.0,179,14730.294143430563,Group 4,0.0,10.455415287187234,7.516335073728489,68.18584196632335,11.768328268417356,2.0076286434521737,0.06645076089138513
2021,2021_kk_235,235.0,180,10394.988696563274,Group 2,0.0,42.14500150188771,13.394113591245551,40.81816248623416,3.2085411319611996,0.0,0.4341812886713825
2021,2021_kk_237,237.0,180,8502.91425284531,Group 5,0.0,3.413576157031375,9.899647484298095,37.001297674143025,42.03681308496611,7.468156770310225,0.18050882925115275
2021,2021_kk_238_R1,238.0,180,5834.006933739701,Group 6,0.0,0.0,12.549224364626552,4.079905934909375,38.69358147316249,44.19752101906184,0.4797672082397497
2021,2021_kk_239,239.0,180,8494.620342572569,Group 5,0.0,0.0,9.818360992285747,4.1857294520879,56.679691493014374,29.094184802609153,0.2220332600028314
2021,2021_kk_243,243.0,180,14467.172763992485,Group 4,0.0,10.389836837908694,7.6530382489225115,68.13528496255945,11.710038273722418,2.044142344275551,0.06765933261137036
2021,2021_kk_244,244.0,180,6483.971838763772,Group 5,0.0,0.0,12.29768026550924,5.776660447715997,48.10183542052708,33.532939159458756,0.29088470678891554
2021,2021_kk_245,245.0,180,7018.966467009139,Group 2,11.530721821923276,85.64916514191322,2.4333751174648204,0.38673791869868834,0.0,0.0,0.0
2021,2021_kk_247,247.0,181,8115.624897815633,Group 5,0.0,2.0020257837265447,10.321423439670527,33.57778297316336,46.00189298355664,7.907751848290502,0.18912297159243963
2021,2021_kk_248_R1,248.0,181,3514.4240589395786,Group 6,0.0,0.0,5.284670871233445,2.0820692683733566,26.252005159115654,66.12150318666356,0.25975151461398127
2021,2021_kk_253_R1,253.0,181,8608.14970571541,Group 5,0.0,0.0,6.429701742637922,6.644658212090464,64.61663714601889,22.089897945037727,0.21910495421499832
2021,2021_kk_263_R1,263.0,182,10414.04658245802,Group 4,0.0,8.826613284388872,10.48279570576014,47.131744116828735,28.84539819551109,4.5660659212913295,0.14738277621984253
2021,2021_kk_263_R2,263.0,182,11601.62278761393,Group 4,0.0,10.13431383521302,9.423497913917018,56.893488310189596,20.051019271446748,3.3653844271385376,0.13229624209508017
2021,2021_kk_270,270.0,182,6931.322327322233,Group 5,0.0,0.0,12.182836969216044,5.268479968422094,51.56031069124277,30.71626148692142,0.2721108841976587
2021,2021_kk_272,272.0,182,13428.192734190205,Group 2,1.3251268933957616,71.23510412453379,10.40383100147698,14.50941219671421,2.422721775746236,0.0,0.10380400813302515
2021,2021_kk_274,274.0,182,10465.467531958093,Group 2,0.34324516800444305,47.168017188441425,13.281135482253442,35.44764372942851,3.328701101588921,0.0,0.43125733028325897
2021,2021_kk_275,275.0,182,15692.608497136041,Group 4,0.0,11.918072609560504,7.274201032836096,68.75942885636334,10.38423377415431,1.6016879114803741,0.06237581560537819
2021,2021_kk_276,276.0,182,7961.0575549471405,Group 5,0.0,0.0,10.97071763408039,4.925422879113873,54.42998994574686,29.436955257481745,0.23691428357713562
2021,2021_kk_277_R1,277.0,182,8508.259206972867,Group 5,0.0,0.0,10.06803644350109,4.070067423542523,55.67176298086282,29.968455814665752,0.22167733742782048
2021,2021_kk_279_R1,279.0,182,15404.737212968439,Group 4,0.0,11.418321899722878,7.410135425202943,68.3536413361396,11.081727359833755,1.672632534644315,0.06354144445650434
2021,2021_kk_280,280.0,182,15302.11056739874,Group 4,0.0,11.31742413837708,7.459832971077822,68.31887574892832,11.156049166688339,1.6838503771468387,0.06396759778161254
2021,2021_kk_281,281.0,182,6921.845016039506,Group 5,0.0,0.8281288677061134,8.639313618535185,18.463017598867758,51.695776649310154,20.152023094651213,0.22174017092957854
2021,2021_kk_285_R1,285.0,183,3579.5736417309836,Group 6,0.0,0.0,5.466201024215581,2.044174826813066,25.774208819457968,66.46039138988465,0.25502393962872816
2021,2021_kk_285,285.0,183,2845.12962472955,Group 6,0.0,0.0,5.968067544544325,0.6475954148740032,28.0438486483664,65.01963237062303,0.3208560215922489
2021,2021_kk_286,286.0,183,16532.633326046096,Group 4,0.0,11.893747770865685,6.738262978229248,70.87694983198773,9.53469633836011,0.8971365866684465,0.05920649388878019
2021,2021_kk_282_R1,282.0,184,14491.850688230388,Group 4,0.0,17.082004603271873,5.997530824769648,73.12590417130836,3.5793077440146455,0.0,0.21525265663547088
2021,2021_kk_284,284.0,184,16616.034094942766,Group 4,0.0,13.435437693342639,5.346894880050589,73.95661458056766,7.1226921939799155,0.0,0.13836065205920534
2021,2021_kk_287,287.0,184,3674.544668716512,Group 6,0.0,0.0,6.30693475051696,1.9913417821386594,24.82145710367838,66.63183368571353,0.24843267795247925
2021,2021_kk_288,288.0,184,6906.785612830882,Group 5,0.0,0.0,12.226117130084656,5.287196517050507,51.38822617997452,30.8253826006485,0.2730775722418315
2021,2021_kk_290_R1,290.0,184,8160.583444401483,Group 5,0.0,0.0,10.496977863185016,4.450849061433488,56.7002341562921,28.12081717883675,0.23112174025266086
2021,2021_kk_290,290.0,184,8298.243165176462,Group 5,0.0,0.0,10.322843288810146,4.208513363433881,56.32946162274365,28.911894067901677,0.2272876571106508
2021,2021_kk_291,291.0,185,7624.657566975658,Group 5,0.0,1.0113800563772413,10.158493033866801,28.555925494705193,48.73750126324301,11.335399164383473,0.2013009874242897
2021,2021_kk_292,292.0,185,5793.46740919173,Group 6,0.0,0.0,11.34868908595566,4.022352078613176,37.21942483792876,46.96968249601661,0.43985150148579066
2021,2021_kk_293,293.0,185,3419.5409099452277,Group 6,0.0,0.0,4.965557137797768,2.139841142964204,26.39715398312133,66.23048880907177,0.2669589270449251
2021,2021_kk_294,294.0,185,7366.92421154425,Group 5,0.0,0.7780967349423056,9.703708357389639,25.57072398669762,49.84126159286714,13.897865784321569,0.20834354378172293
2021,2021_kk_301,301.0,185,8179.601169433673,Group 5,0.0,0.0,10.472572194187729,4.660076520818695,56.57631101213856,28.060455894952202,0.23058437790281516
2021,2021_kk_296_R1,296.0,186,11804.984892084356,Group 4,0.0,9.959732045593396,9.166747179254985,58.245628694178755,19.190465254345856,3.307409625331395,0.13001720129561534
2021,2021_kk_296,296.0,186,16216.452514241786,Group 4,0.0,14.773777029433937,4.999909822290347,73.60138828568087,6.432564088407888,0.0,0.19236077418695174
2021,2021_kk_298,298.0,186,12890.800944604824,Group 2,2.2010140167699874,82.35364651056007,7.273594070978291,6.053306239613036,2.0103077718119184,0.0,0.10813139026669205
2021,2021_kk_299,299.0,186,8820.401467227106,Group 5,0.0,0.0,9.730603918468628,4.258000110819557,56.40816193210253,29.38940156690652,0.21383247170277286
2021,2021_kk_302,302.0,187,6126.199276566203,Group 2,11.97802658256656,86.59944694772085,1.4225264697126645,0.0,0.0,0.0,-7.105427357601002e-14
2021,2021_kk_303,303.0,187,15130.149681964956,Group 4,0.0,15.811167751773613,6.018332663486958,73.17016875905242,4.79415908080836,0.0,0.20617174487865952
2021,2021_kk_306,306.0,187,8236.202557366329,Group 5,0.0,0.0,3.7778119366811094,8.19750226450429,67.20086050775518,20.756317014138403,0.0675082769210178
2021,2021_kk_309,309.0,187,11860.80651757327,Group 2,1.1533354404891543,62.0433573766623,11.059773715655897,22.31109652434749,3.051913950474438,0.0,0.3805229923707145
2021,2021_kk_304,304.0,188,13263.75047203647,Group 2,1.8457960575843146,80.44398287323709,7.1761835128090965,8.25604101175852,2.172905587816365,0.0,0.10509095679461211
2021,2021_kk_305,305.0,188,2901.4203570589507,Group 6,0.0,0.0,5.852280498432101,0.6350313546309809,28.8866792972774,64.31137778626189,0.31463106339762703
2021,2021_kk_307,307.0,188,5851.708569024723,Group 5,0.0,0.0,13.371885086135496,4.769929138154098,41.84105142944225,39.53881845161349,0.4783158946546564
2021,2021_kk_315_R1,315.0,188,8453.381110540766,Group 5,0.0,0.0,10.13339664288207,4.096489697616479,56.03317580934626,29.513821416330217,0.22311643382496982
2021,2021_kk_310,310.0,189,3326.890739087328,Group 6,0.0,0.0,5.103842327574646,2.1994333156722217,26.441756496299806,65.98057442709529,0.27439343335802846
2021,2021_kk_311,311.0,189,5754.980873487032,Group 5,0.0,0.0,14.064393779610407,6.103343313751883,41.79197374423374,37.55393390232897,0.4863552600750012
2021,2021_kk_313,313.0,189,8772.83835735431,Group 5,0.0,0.0,9.783359681706278,4.172184793891416,57.482199735417375,28.347263996098746,0.2149917928861811
2021,2021_kk_314,314.0,189,13173.21899399511,Group 2,1.3507753366802953,70.04419663915287,10.42142451550236,15.503820627864172,2.57396969812818,0.0,0.10581318267210804
2021,2021_kk_322,322.0,189,8192.373661583722,Group 5,0.0,0.0,10.456244710644304,4.652811130683978,56.60771760461656,28.05300167356769,0.23022488048746936
2021,2021_kk_324,324.0,189,6905.5483444125075,Group 5,0.0,0.8300832011708503,8.659701870141278,18.506589190875466,51.58178163734555,20.199580636299437,0.22226346416741194
2021,2021_kk_326_R1,326.0,189,8171.238067154573,Group 5,0.0,0.0,10.483290666916762,4.4450455201230055,56.75413822668364,28.08670520977474,0.23082037650185327
2021,2021_kk_326,326.0,189,8179.601169433673,Group 5,0.0,0.0,10.472572194187729,4.660076520818695,56.57631101213856,28.060455894952202,0.23058437790281516
2021,2021_kk_320,320.0,190,10516.389994244677,Group 2,0.34158310629578403,47.19772820953038,13.216825569718042,35.50211115282208,3.312582865540074,0.0,0.42916909609363074
2021,2021_kk_332,332.0,190,7198.818122405537,Group 5,0.0,0.7962667729761383,9.660321083544718,22.221590240246012,50.41437396653659,16.694239175076685,0.21320876161985325
2021,2021_kk_333,333.0,190,15248.715808733989,Group 4,0.0,11.357053123411292,7.394097895121406,68.18659759231801,11.308313271375276,1.6897465316586706,0.06419158611535636
2021,2021_kk_327_R1,327.0,191,7727.015654493518,Group 5,0.0,0.3146839296081873,6.037326482610549,11.229827838552724,59.54705424180139,22.799150639745964,0.07195686768119458
2021,2021_kk_328,328.0,191,3159.3583279141976,Group 6,0.0,0.0,5.3744855793486765,1.0225428243471428,27.735150322555857,65.57887748277672,0.28894379097161504
2021,2021_kk_338,338.0,192,13452.09959787067,Group 2,1.8199522053748614,79.96977647548782,7.719985125084889,8.244184942418512,2.1424817223812442,0.0,0.10361952925266849
2021,2021_kk_340_R2,340.0,192,5615.099984929647,Group 6,0.0,0.0,9.391486991834878,3.71480584433732,34.445982520681675,52.28514927053385,0.16257537261228094
2021,2021_kk_340,340.0,192,5837.5295232417,Group 6,0.0,0.0,13.072533942677047,4.077443962981313,40.7454807142903,41.6250636817703,0.4794776982810447
2021,2021_kk_342_R1,342.0,192,7568.019846435783,Group 5,0.0,1.0189490456445824,10.308649142188663,28.011501486037144,49.037861553069675,11.420231284688054,0.20280748837187446
2021,2021_kk_343,343.0,192,10507.349251341308,Group 2,4.535084768345743,89.05972260898521,3.8146224797840356,1.1956611921911469,1.3949089506938204,0.0,4.263256414560601e-14
2021,2021_kk_344,344.0,192,11410.43383716455,Group 2,4.176153179228134,87.64226157955032,4.305841386560067,2.3714201006221383,1.5043237540393062,0.0,4.263256414560601e-14
2021,2021_kk_352,352.0,192,8308.120423533266,Group 5,0.0,0.0,10.310570790947505,4.168113467790702,56.551416133836696,28.74288216533255,0.2270174420925457
2021,2021_kk_353,353.0,192,15435.160607853582,Group 4,0.0,15.87177278197396,5.9629382190791755,73.08933241074725,4.8738589593210815,0.0,0.20209762887853344
2021,2021_kk_354,354.0,192,5924.2459858678,Group 6,0.0,0.0,13.035053704455466,4.711525361701939,40.0812222831793,41.69973933244315,0.47245931822013176
2021,2021_kk_347,347.0,193,11924.519180852061,Group 2,2.379369191843561,86.52534413068517,6.267954154580958,3.1248878733795125,1.7024446495108,0.0,0.0
2021,2021_kk_349,349.0,193,12108.303884685347,Group 2,1.1297609177784096,63.42741703168362,11.087550394297004,20.992994755150836,2.9895319129414686,0.0,0.37274498814866774
2021,2021_kk_350_R1,350.0,193,15955.171777984106,Group 4,0.0,12.07754502068429,7.3924014359203465,69.29255699787144,9.834064271688865,1.3420829340970903,0.06134933973797274
2021,2021_kk_350,350.0,193,15720.674332981742,Group 4,0.0,11.89679548986626,7.261214533162358,68.67302852739226,10.507868545399049,1.5988284469912877,0.06226445718877471
2021,2021_kk_357,357.0,193,16775.909550401615,Group 4,0.0,12.91135564979963,5.305252022459809,74.01057272401714,7.714471694118711,0.0,0.058347909604705706
2021,2021_kk_356,356.0,194,5405.4428407813175,Group 6,0.0,0.0,7.089556609620868,2.490964064026125,35.04175721584789,55.208841040222026,0.16888107028309207
2021,2021_kk_359,359.0,194,8277.104916980681,Group 5,0.0,0.0,10.349205987569391,4.183731990434649,56.602075345671956,28.63711856711616,0.22786810920784717
2021,2021_kk_362_R1,362.0,194,16487.990163696344,Group 4,0.0,12.028175894019347,6.216175415049699,71.50328526856164,9.501667455824135,0.6913291641474761,0.05936680239770453
2021,2021_kk_360,360.0,195,13818.800763305195,Group 2,1.6391920560069033,77.8264938658639,7.764656713306417,10.583159544829966,2.085627979572707,0.0,0.10086984042010272
2021,2021_kk_363_R1,363.0,195,9209.171292821644,Group 5,0.0,0.0,8.358431856247025,4.045498110776649,61.113940121621205,26.27732448563585,0.20480542571925753
2021,2021_kk_368_R1,368.0,195,16533.77042021571,Group 4,0.0,12.937198427146047,5.1452454721102026,73.9717429585752,7.886610720149505,0.0,0.05920242201904102
2021,2021_kk_368,368.0,195,16590.62646490964,Group 4,0.0,12.455750439436402,5.860905190557287,73.59978396109655,7.9767142487556,0.04784662472052851,0.058999535433628125
2021,2021_kk_366,366.0,196,8453.381110540766,Group 5,0.0,0.0,10.13339664288207,4.096489697616479,56.03317580934626,29.513821416330217,0.22311643382496982
2021,2021_kk_369,369.0,196,15867.220245015493,Group 4,0.0,11.904572235910187,7.194151664568896,69.32284635464268,9.938506772834112,1.5782335747288008,0.06168939731531964
2021,2021_kk_371_R1,371.0,197,8191.8227404789095,Group 5,0.0,0.0,10.456947919938582,4.433875868039178,57.061240790675996,27.817695057644627,0.23024036370161127
2021,2021_kk_372_R1,372.0,197,8792.986471519262,Group 5,0.0,0.0,6.1855481984923415,7.464867293294997,64.67763154091101,21.457453803308248,0.21449916399339486
2021,2021_kk_372,372.0,197,8850.716769892762,Group 5,0.0,0.0,6.145201913283289,7.416176432728036,64.90802766852617,21.317493928576475,0.21310005688602018
2021,2021_kk_374_R1,374.0,197,7596.966227344562,Group 5,0.0,1.088800166298915,10.479830180970879,28.741784624497935,49.196050334201445,10.29149995396846,0.20203474006237343
2021,2021_kk_375,375.0,198,5813.030560726223,Group 5,0.0,0.0,13.356692954827349,4.801666689997579,41.07101861379141,40.28912328886168,0.48149845252197565
2021,2021_kk_376,376.0,198,3138.499246082211,Group 6,0.0,0.0,5.410205465101209,1.0293388446031277,27.91948357384557,65.3501079483466,0.29086416810349647
2022,corrected_2022_kk_001,1.0,152,10551.845069101757,Group 2,4.515960880148086,88.68416883985249,3.798536691414909,1.6123067953764743,1.3890267932079945,0.0,5.684341886080802e-14
2022,corrected_2022_kk_003,3.0,157,9303.750228310544,Group 2,7.659661592317129,88.29013546853943,2.9051010108163173,0.5636738842879817,0.5814280440391075,0.0,1.4210854715202004e-14
2022,corrected_2022_kk_004,4.0,158,10314.300131821929,Group 2,0.0,44.35132254983577,13.671130660225142,38.229196341312374,3.31077256837154,0.0,0.4375778802551622
2022,corrected_2022_kk_005,5.0,158,13324.38453533643,Group 4,0.0,10.42164315189567,8.415278361670184,66.07161755546593,12.77808078576686,2.2399178962405206,0.07346224896082276
2022,corrected_2022_kk_006,6.0,158,16627.011015363438,Group 4,0.0,13.492721303396978,5.343364934738002,73.96352810372868,7.06211634984692,0.0,0.13826930828942352
2022,corrected_2022_kk_008,8.0,161,8020.215166482426,Group 5,0.0,0.3031798523887306,4.81318243235396,9.61068765418906,63.83597285476785,21.367650906259943,0.06932630004045848
2022,corrected_2022_kk_009,9.0,161,12011.207318053934,Group 2,1.1388937137851651,62.580877677334755,10.859048085745506,22.03172354476205,3.013698782840163,0.0,0.3757581955323701
2022,corrected_2022_kk_010,10.0,161,12976.678137614539,Group 2,1.886629079525547,81.67334111745174,7.225458805906319,7.085240199925508,2.0219149999422115,0.0,0.10741579724867734
2022,corrected_2022_kk_011,11.0,162,8015.3210536296965,Group 5,0.0,0.3033649724110399,5.90179826059884,10.675070151722338,61.14326642204464,21.90713156290873,0.06936863031441476
2022,corrected_2022_kk_012,12.0,162,10354.204331564924,Group 2,0.0,43.55834369164728,13.618443315924319,39.126385020476484,3.260936478653969,0.0,0.4358914932979445
2022,corrected_2022_kk_015,15.0,162,12788.440660463673,Group 4,0.0,18.9859676209964,7.607384956889939,70.2861822602062,2.8765410242407317,0.0,0.24392413766670984
2022,corrected_2022_kk_017,17.0,162,11664.628759867463,Group 2,1.172732436763588,58.10735986905675,11.654454597072931,25.37131110889042,3.307219293897385,0.0,0.3869226943189119
2022,corrected_2022_kk_019,19.0,162,6365.579783228039,Group 2,11.52758747571592,86.75182424270014,1.3690317184636263,0.35155656312034506,0.0,0.0,-2.842170943040401e-14
2022,corrected_2022_kk_020,20.0,163,10449.05019069577,Group 2,0.0,42.24781449566664,13.21825221464365,40.91005765543252,3.1919407209751514,0.0,0.4319349132820349
2022,corrected_2022_kk_021,21.0,163,7480.442084453982,Group 5,0.0,0.3250566775128621,7.394926733742739,12.109822496168178,56.548804882920045,23.547060468554527,0.07432874110165244
2022,corrected_2022_kk_022,22.0,163,11634.316921447704,Group 2,2.438719329895688,86.94040458874152,6.206323743369506,2.939176793297801,1.4753755446954588,0.0,2.842170943040401e-14
2022,corrected_2022_kk_023,23.0,163,8166.367347946773,Group 5,0.0,0.0,10.489543283660135,4.447696707324356,56.639209981730495,28.19259198109559,0.2309580461894285
2022,corrected_2022_kk_024,24.0,163,8146.79619311579,Group 2,8.30649933089448,88.36500492706732,2.6255667972131738,0.47824074306649644,0.2246882017586006,0.0,-5.684341886080802e-14
2022,corrected_2022_kk_025,25.0,163,987.7469806858662,Group 6,0.0,0.0,16.14781310590619,0.0,23.888737162242723,59.96344973185107,1.4210854715202004e-14
2022,corrected_2022_kk_026,26.0,163,8636.265194936761,Group 5,0.0,0.0,8.185975419279453,5.205919037070828,60.271380096888564,26.11833379196887,0.21839165479228484
2022,corrected_2022_kk_027,27.0,164,10664.596034925526,Group 2,4.46821608520306,88.47780763800661,3.840422045889947,1.8392128614980376,1.374341369402311,0.0,2.842170943040401e-14
2022,corrected_2022_kk_028,28.0,164,7507.3932824068115,Group 5,0.0,0.0,11.152744951492851,4.743751849107429,53.17871781367348,30.673554608784464,0.25123077694178164
2022,corrected_2022_kk_029,29.0,165,12187.863884218266,Group 4,0.0,18.95451184360942,8.360672350231562,69.55782856457424,2.87104334609673,0.0,0.25594389548804486
2022,corrected_2022_kk_030,30.0,165,3326.890739087328,Group 6,0.0,0.0,5.103842327574646,2.1994333156722217,26.441756496299806,65.98057442709529,0.27439343335802846
2022,corrected_2022_kk_031,31.0,165,5600.606236246299,Group 6,0.0,0.0,9.415791120081145,3.7244193504550687,34.535124908620794,52.161668521171244,0.16299609967174433
2022,corrected_2022_kk_032,32.0,165,8562.107713434716,Group 5,0.0,0.0,7.01644791017719,6.361460739642832,62.91061029079892,23.491197887261258,0.22028317211979243
2022,corrected_2022_kk_033,33.0,166,11818.672603446057,Group 2,2.4006785295155852,86.40466677093879,6.324089180641897,3.1528739846182914,1.7176915342854353,0.0,0.0
2022,corrected_2022_kk_034,34.0,166,12569.779992025587,Group 2,2.257225948621779,83.65235690752988,7.136541666189203,4.966154887390884,1.9877205902682784,0.0,-2.842170943040401e-14
2022,corrected_2022_kk_036,36.0,166,10645.041939952489,Group 4,0.0,9.658489927033335,10.255321060262936,47.902880603984705,27.662626132708485,4.376497677616001,0.14418459839454556
2022,corrected_2022_kk_038,38.0,166,16494.217011756726,Group 4,0.0,11.927621854776175,5.855216889886063,73.12782571062716,8.815242059540877,0.21474909475183057,0.05934439041789119
2022,corrected_2022_kk_039,39.0,166,5412.944960026943,Group 6,0.0,0.0,6.165362672591425,2.258571467313183,34.726703150006514,56.68071570202827,0.16864700806060284
2022,corrected_2022_kk_040,40.0,166,16592.79520445017,Group 4,0.0,12.210939716549069,5.909333959147971,73.04355089885881,8.729343230477252,0.04784037099018147,0.058991823976711544
2022,corrected_2022_kk_041,41.0,166,7752.410408033963,Group 5,0.0,0.0,11.271289562631486,4.59382422897624,53.928662412845696,29.962933238432647,0.2432905571139372
2022,corrected_2022_kk_042,42.0,167,8783.545034290088,Group 2,7.704333143721327,88.87934266487785,2.435230593661583,0.4435714566040131,0.5375221411353068,0.0,-9.947598300641403e-14
2022,corrected_2022_kk_043,43.0,167,12457.120142405845,Group 2,1.0981260799544699,66.979970413126,10.593405804864133,18.310780872410053,2.905820965123087,0.0,0.11189586452226763
2022,corrected_2022_kk_044,44.0,167,5095.245446788865,Group 2,18.80291182695047,81.19708817304961,0.0,0.0,0.0,0.0,-8.526512829121202e-14
2022,corrected_2022_kk_046,46.0,168,6282.057780862839,Group 2,11.680850502258723,86.57568543507782,1.3872334406406943,0.3562306220228097,0.0,0.0,-4.263256414560601e-14
2022,corrected_2022_kk_047,47.0,168,12968.149237666128,Group 2,1.3721356066827153,68.63608061690681,10.175956985840592,16.991410461996793,2.7169298860402353,0.0,0.10748644253284567
2022,corrected_2022_kk_049,49.0,168,10507.349251341308,Group 2,4.535084768345743,89.05972260898521,3.8146224797840356,1.1956611921911469,1.3949089506938204,0.0,4.263256414560601e-14
2022,corrected_2022_kk_055,55.0,169,8260.097279714819,Group 5,0.0,0.0,3.8224750557170313,8.173788616356044,67.1367292551901,20.79969408304773,0.06731298968909982
2022,corrected_2022_kk_056,56.0,169,12186.273962711883,Group 2,2.328261587855607,84.4970056142182,7.040765512711997,4.319633338052057,1.8143339471621593,0.0,-1.4210854715202004e-14
2022,corrected_2022_kk_057,57.0,169,11736.632554202606,Group 4,0.0,20.10223006025633,8.28624555017433,68.16637419612957,3.0606012551345483,0.0,0.3845489383052296
2022,corrected_2022_kk_058,58.0,169,8504.845514650848,Group 5,0.0,0.0,3.823318504427993,7.291348474839615,66.80792471911616,22.012032411829356,0.06537588978687836
2022,corrected_2022_kk_059,59.0,169,8182.574511290743,Group 5,0.0,0.0,10.468766724746148,4.658383166171282,56.555752603117185,28.086596916628316,0.23050058933708328
2022,corrected_2022_kk_050,50.0,170,10729.625324934745,Group 4,0.0,9.582350476949557,10.174476693093748,48.5451039247721,27.213023904265583,4.341997033210509,0.1430479677085117
2022,corrected_2022_kk_051,51.0,170,13271.746632846216,Group 2,1.3407473646112658,69.73624969528846,10.34405727972073,15.919057122590988,2.554860897768534,0.0,0.10502764002002607
2022,corrected_2022_kk_052,52.0,170,11453.100722720397,Group 4,0.0,31.13078245349832,10.593787428024573,54.07879679642882,3.8025645281674874,0.0,0.3940687938807912
2022,corrected_2022_kk_053,53.0,170,12894.959235021865,Group 4,0.0,18.430133417231325,7.422204768834054,71.25329467902297,2.6524579281160485,0.0,0.24190920679559724
2022,corrected_2022_kk_054,54.0,170,9045.674952603413,Group 4,0.0,3.7316576407829523,10.653081142292388,41.62448571023564,37.057307521643544,6.763790088697591,0.16967789634787778
2022,corrected_2022_kk_060,60.0,170,16713.017728845796,Group 4,0.0,12.959941649572096,5.080959491897455,74.15702979241587,7.743501590757098,0.0,0.05856747535749207
2022,corrected_2022_kk_061,61.0,170,14980.2342226427,Group 4,0.0,16.06376411526197,6.078561435093014,73.13481628941217,4.514623141084052,0.0,0.20823501914878761
2022,corrected_2022_kk_062,62.0,170,13225.839216057666,Group 2,1.3454011523271054,70.10823926775006,10.3799619161727,15.497276546484356,2.5637289221074533,0.0,0.10539219515831633
2022,corrected_2022_kk_063,63.0,170,12936.421977710976,Group 4,0.0,17.73978455172355,7.252739158168307,72.12238593976407,2.6439564907977036,0.0,0.24113385954636612
2022,corrected_2022_kk_064,64.0,170,12338.54179193466,Group 2,1.1086795133638787,65.58741605755124,10.703981329416678,19.48671362981406,2.933747073622725,0.0,0.1794623962314148
2022,corrected_2022_kk_065,65.0,170,16533.77042021571,Group 4,0.0,12.937198427146047,5.1452454721102026,73.9717429585752,7.886610720149505,0.0,0.05920242201904102
2022,corrected_2022_kk_066,66.0,170,16616.034094942766,Group 4,0.0,13.435437693342639,5.346894880050589,73.95661458056766,7.1226921939799155,0.0,0.13836065205920534
2022,corrected_2022_kk_067,67.0,170,10495.8582855885,Group 2,0.34225130175245927,47.07470842081616,13.242679959570994,35.591288844182074,3.3190628488291107,0.0,0.4300086248492079
2022,corrected_2022_kk_068,68.0,170,12771.985099645042,Group 4,0.0,10.203114267333442,8.357051759059317,64.65154376371841,13.970192766785203,2.6979241822494107,0.12017326085421587
2022,corrected_2022_kk_069,69.0,170,8645.749688772705,Group 5,0.0,0.0,8.176995303476868,5.319268537657237,61.123786791217505,25.161797291189774,0.21815207645862245
2022,corrected_2022_kk_070,70.0,170,8699.072867171952,Group 5,0.0,0.0,9.587602068553048,4.317387726071064,56.167176856821854,29.71101849070114,0.21681485785289567
2022,corrected_2022_kk_071,71.0,170,12716.458931719975,Group 2,2.231189808327358,83.227603883237,7.2419028586475465,5.334510370248629,1.9647930795394861,0.0,-1.4210854715202004e-14
2022,corrected_2022_kk_072,72.0,170,11453.100722720397,Group 4,0.0,31.13078245349832,10.593787428024573,54.07879679642882,3.8025645281674874,0.0,0.3940687938807912
2022,corrected_2022_kk_073,73.0,171,1796.0949635011436,Group 1,85.3951512986867,14.60484870131328,0.0,0.0,0.0,0.0,2.842170943040401e-14
2022,corrected_2022_kk_074,74.0,171,7879.302902227072,Group 5,0.0,1.0497855196507362,10.355990195588745,30.652869742936755,48.45756704772805,9.288992203693711,0.1947952904019985
2022,corrected_2022_kk_075,75.0,171,7568.019846435783,Group 5,0.0,1.0189490456445824,10.308649142188663,28.011501486037144,49.037861553069675,11.420231284688054,0.20280748837187446
2022,corrected_2022_kk_076,76.0,171,11863.931573560076,Group 2,1.1530316425617346,62.02701465214393,11.083201294017616,22.30521960021544,3.0511100515389957,0.0,0.38042275952227556
2022,corrected_2022_kk_077,77.0,171,8423.242005595766,Group 5,0.0,0.0,4.171785579836323,8.192208701992632,66.80924030149376,20.760756171940997,0.06600924473629277
2022,corrected_2022_kk_079,79.0,171,5882.491510319122,Group 6,0.0,0.0,11.95637940537851,4.046278600064786,38.56455813767764,44.956970978179314,0.47581287869974176
2022,corrected_2022_kk_080,80.0,171,8389.949781736472,Group 5,0.0,0.0,3.7633140401194525,8.152522615422601,67.14816707649548,20.86972509143759,0.06627117652487868
2022,corrected_2022_kk_081,81.0,171,13753.815075011447,Group 2,1.4743703147452076,72.54895659023467,9.92184730052948,13.588115649792568,2.3653637022608374,0.0,0.10134644243724722
2022,corrected_2022_kk_082,82.0,171,8826.061998387784,Group 5,0.0,0.0,9.784997649227599,4.147025343863085,57.069189582142435,28.785092092976484,0.21369533179039024
2022,corrected_2022_kk_083,83.0,171,16681.015752231928,Group 4,0.0,12.984804868679792,5.0907071445135115,74.10745090942098,7.758357242265232,0.0,0.058679835120486246
2022,corrected_2022_kk_084,84.0,171,12209.790780711042,Group 4,0.0,18.507269377219846,8.052181974317506,70.14572180575406,3.03934258288547,0.0,0.2554842598231204
2022,corrected_2022_kk_085,85.0,171,12592.462235621459,Group 2,1.086323568301485,67.81133710997047,10.47954930173665,17.714109273296334,2.7979875238995437,0.0,0.11069322279551841
2022,corrected_2022_kk_086,86.0,171,11846.408550239157,Group 2,2.395057830914857,86.43649746776784,6.309282617092679,3.14549217394446,1.7136699102801638,0.0,1.4210854715202004e-14
2022,corrected_2022_kk_087,87.0,171,11602.223971082973,Group 2,0.30961487816518124,55.817404636822296,11.380884961478063,28.778083883509243,3.3250078077214624,0.0,0.38900383230375724
2022,corrected_2022_kk_088,88.0,171,9386.928041632429,Group 4,0.0,6.791598947005638,10.648254254537086,43.01395072028793,33.59562758738385,5.787059077461197,0.16350941332429159
2022,corrected_2022_kk_089,89.0,171,8772.83835735431,Group 5,0.0,0.0,9.783359681706278,4.172184793891416,57.482199735417375,28.347263996098746,0.2149917928861811
2022,corrected_2022_kk_090,90.0,171,5682.74579486297,Group 6,0.0,0.0,12.883254785471514,4.188503299722384,40.000891672188345,42.43481277560988,0.49253746700787815
2022,corrected_2022_kk_092,92.0,171,16530.704869338693,Group 4,0.0,13.571328477040634,5.218261039222181,73.96807613689647,7.103259496119745,0.0,0.1390748507209736
2022,corrected_2022_kk_093,93.0,171,8778.219859626608,Group 5,0.0,0.0,8.617946690844661,4.574108523733926,59.83981006671848,26.753274726892734,0.21485999181021498
2022,corrected_2022_kk_094,94.0,171,8437.1576621738,Group 5,0.0,0.0,3.853991419319785,6.613586891067576,67.2481816199084,22.188625911947497,0.09561415775675641
2022,corrected_2022_kk_096,96.0,171,4524.4714233868135,Group 6,0.0,0.0,7.742699361870854,2.348554973173846,25.824891657619293,63.88208967137694,0.20176433595906929
2022,corrected_2022_kk_097,97.0,172,8179.601169433673,Group 5,0.0,0.0,10.472572194187729,4.660076520818695,56.57631101213856,28.060455894952202,0.23058437790281516
2022,corrected_2022_kk_098,98.0,172,3584.4058675106085,Group 6,0.0,0.0,5.458831904065086,2.0414190244119705,25.73946197412002,66.50560696182458,0.2546801355783401
2022,corrected_2022_kk_099,99.0,172,12220.038835046427,Group 2,1.1194308540386917,64.89564325855045,10.807782426543673,19.845609820720394,2.9621968770709293,0.0,0.3693367630758644
2022,corrected_2022_kk_100,100.0,172,12251.039759089901,Group 2,2.315953104748944,84.5789630478225,7.003544118078669,4.296797358518776,1.8047423708311428,0.0,-2.842170943040401e-14
2022,corrected_2022_kk_101,101.0,172,11703.91883235634,Group 2,1.1687955722731136,59.24620229088783,11.383703939878368,24.51955744875472,3.2961169539328763,0.0,0.38562379427308713
2022,corrected_2022_kk_102,102.0,172,11311.924773232058,Group 4,0.0,10.393853272933756,9.500823250592108,51.40606364760168,24.445089703978347,4.11848578047216,0.13568434442194643
2022,corrected_2022_kk_103,103.0,172,9588.756345896532,Group 2,5.284150860697942,89.53286633607162,3.1867681944218247,1.1141150111587972,0.8820995976497689,0.0,2.842170943040401e-14
2022,corrected_2022_kk_105,105.0,172,7317.751637588399,Group 5,0.0,0.7833252560972497,9.683716697674953,23.847541705526336,51.33258423383814,14.14308857182443,0.2097435350388963
2022,corrected_2022_kk_108,108.0,172,5589.08595999382,Group 2,17.136187478674493,81.34620478448498,1.517607736840637,0.0,0.0,0.0,-1.1368683772161603e-13
2022,corrected_2022_kk_109,109.0,172,3778.863108888922,Group 6,0.0,0.0,7.444183830476482,2.2648870271393657,24.05158719884886,65.99776744189275,0.24157450164254612
2022,corrected_2022_kk_111,111.0,172,7096.448642816532,Group 5,0.0,0.0,11.899356163217293,5.145888411824036,51.47532729343143,31.213648959144198,0.2657791723830485
2022,corrected_2022_kk_112,112.0,172,8671.87506105251,Group 5,0.0,0.0,8.152360833430938,5.184541644221603,59.41653688064855,27.029065782297835,0.2174948594010715
2022,corrected_2022_kk_113,113.0,172,10507.349251341308,Group 2,4.535084768345743,89.05972260898521,3.8146224797840356,1.1956611921911469,1.3949089506938204,0.0,4.263256414560601e-14
2022,corrected_2022_kk_114,114.0,172,13933.76801877174,Group 2,1.4553289988589557,76.7365938359706,8.128438456012944,11.51118164117876,2.068419502697487,0.0,0.10003756528125507
2022,corrected_2022_kk_116,116.0,172,10795.751896034044,Group 4,0.0,33.422143203898685,11.575407464910068,51.44043308073447,3.1439527722051284,0.0,0.41806347825163925
2022,corrected_2022_kk_117,117.0,172,10688.73674311671,Group 2,0.3360753705123577,50.70189996964655,12.044920398032927,33.05693753830573,3.4379176124552964,0.0,0.4222491110471367
2022,corrected_2022_kk_118,118.0,172,5933.677947959482,Group 5,0.0,0.0,13.863066589001638,5.9195366420326145,43.11899115132486,36.78054403774254,0.3178615798983486
2022,corrected_2022_kk_120,120.0,172,12743.344726762269,Group 2,1.073461387321159,68.40567174014598,10.355470377515262,17.291154822710354,2.764859068471333,0.0,0.10938260383591114
2022,corrected_2022_kk_126,126.0,172,12220.285957182074,Group 4,0.0,18.602634390901805,8.338884310481296,69.79293712919883,3.010279327733076,0.0,0.25526484168499053
2022,corrected_2022_kk_132,132.0,173,6631.205317786886,Group 5,0.0,0.36668562256363935,7.785619153251535,14.420722333801708,55.26573090073893,21.92978314868685,0.2314588409573446
2022,corrected_2022_kk_137,137.0,173,8170.193225744074,Group 5,0.0,0.0,10.484631317731798,4.445613972729039,56.612687390411246,28.226217424268153,0.23084989485975882
2022,corrected_2022_kk_156,156.0,175,12547.801904593387,Group 2,2.2611795900348524,83.62372321280563,7.149041667216924,4.974853350049668,1.9912021798929689,0.0,-4.263256414560601e-14
2022,corrected_2022_kk_166,166.0,175,16345.660686302419,Group 4,0.0,13.961270180497332,4.99664034991913,74.23748393498403,6.613765322015164,0.0,0.19084021258434802
2022,corrected_2022_kk_173,173.0,176,2540.304582641667,Group 6,0.0,0.0,8.881284147945994,0.010915644096982457,29.358086552321893,61.39035636496105,0.3593572906740832
2022,corrected_2022_kk_174,174.0,176,5714.123882009045,Group 6,0.0,0.0,13.055488548054969,4.1655028845644075,40.08738617467944,42.201789606915064,0.48983278578612044
2022,corrected_2022_kk_175,175.0,176,3749.4502331722074,Group 6,0.0,0.0,7.502580352686867,2.2826541227130783,24.05716610566015,65.91412986592948,0.24346955301041362
2022,corrected_2022_kk_176,176.0,176,8789.292302574928,Group 5,0.0,0.0,9.765044798239582,4.273071042810028,56.5941644123239,29.153130427917013,0.2145893187094714
2022,corrected_2022_kk_177,177.0,176,10903.526816784717,Group 4,0.0,37.66832250104718,11.811903816800267,46.85086254809078,3.2549799662996275,0.0,0.41393116776214356
2022,corrected_2022_kk_178,178.0,176,10276.199425322813,Group 4,0.0,8.60436734735166,10.623414189993458,45.98796432320816,29.757772523047528,4.877121815807657,0.1493598005915402
2022,corrected_2022_kk_179,179.0,176,13913.41096609089,Group 2,1.4574583263955274,74.64377594201547,9.207203063070624,12.298217831548683,2.293160904274232,0.0,0.10018393269547232
2022,corrected_2022_kk_180,180.0,176,5656.913114842181,Group 6,0.0,0.0,10.801651369857339,4.1194491063683545,35.74122276105476,48.88720752499056,0.4504692377289956
2022,corrected_2022_kk_181,181.0,176,13512.996842844084,Group 4,0.0,10.664094113338363,8.233673838338753,66.71904837065466,12.102093332605426,2.208653470743275,0.0724368743195356
2022,corrected_2022_kk_182,182.0,176,8081.692336414546,Group 5,0.0,0.30087357314306873,4.7765687106245585,9.409342389294453,63.92843334632374,21.515983043476332,0.06879893713784213
2022,corrected_2022_kk_183,183.0,176,7590.13740368604,Group 5,0.0,0.32035884477126125,7.022731282824596,11.432343169917312,58.04914587632256,23.102166310014027,0.07325451615024292
2022,corrected_2022_kk_184,184.0,176,12060.429251019928,Group 4,0.0,26.74921041561753,9.237874677828946,60.27185083634322,3.3668394473498986,0.0,0.37422462286041025
2022,corrected_2022_kk_185,185.0,176,8974.399637673285,Group 5,0.0,0.0,8.975791823039442,4.228325615903997,59.83851377286407,26.747205621485453,0.21016316670704782
2022,corrected_2022_kk_193,193.0,177,11699.252444551154,Group 4,0.0,30.61792683335766,10.218077767649268,55.05565904489299,3.722558749130133,0.0,0.3857776049699595
2022,corrected_2022_kk_194,194.0,177,8789.845821823146,Group 5,0.0,0.0,9.764429868198135,4.16411203743153,57.29098129186998,28.565900997033367,0.2145758054669784
2022,corrected_2022_kk_195,195.0,177,7360.6897083696,Group 5,0.0,0.7787557827702104,9.627227410738014,25.592382386411423,49.88347713460856,13.909637274737024,0.2085200107347731
2022,corrected_2022_kk_196,196.0,177,16321.554226495266,Group 4,0.0,14.353182209320185,5.2314755137884585,73.69786238392393,6.526357814952201,0.0,0.19112207801521208
2022,corrected_2022_kk_197,197.0,177,4163.505941947878,Group 6,0.0,0.0,8.413971900390903,2.3565550930828674,22.513283009018572,66.49693320166455,0.21925679584310842
2022,corrected_2022_kk_198,198.0,177,6042.359502020213,Group 5,0.0,0.0,13.448584364155078,5.977141557333182,44.274109167425024,35.98802058294537,0.3121443281413576
2022,corrected_2022_kk_199,199.0,177,10603.345494394289,Group 4,0.0,9.696470835948343,10.295648939468343,47.69801462995949,27.771406251695375,4.393707755062481,0.14475158786598286
2022,corrected_2022_kk_211,211.0,177,8579.625947069704,Group 5,0.0,0.0,4.004598437387665,8.52193237868526,66.59275553190682,20.815907581633176,0.06480607038707831
2022,corrected_2022_kk_212,212.0,177,13818.800763305195,Group 2,1.6391920560069033,77.8264938658639,7.764656713306417,10.583159544829966,2.085627979572707,0.0,0.10086984042010272
2022,corrected_2022_kk_214,214.0,177,11937.912145984123,Group 4,0.0,21.95278833859481,8.146535012741571,66.45662166469744,3.0659897466947883,0.0,0.3780652372714002
2022,corrected_2022_kk_215,215.0,177,8476.074212817843,Group 5,0.0,0.0,10.106266369991896,4.085522113172207,55.97602251176737,29.60966992373572,0.2225190813328055
2022,corrected_2022_kk_216,216.0,177,13144.74585885317,Group 2,1.3537012820824115,69.35376930868861,10.443998601893052,16.162943187445514,2.5795452328591693,0.0,0.1060423870312377
2022,corrected_2022_kk_217,217.0,177,8497.223450524274,Group 5,0.0,0.0,4.043433347499663,7.3326673268663045,67.11865125887813,21.43981353437506,0.0654345323808343
2022,corrected_2022_kk_218,218.0,177,11982.518861759108,Group 4,0.0,29.555376005284,9.976522689506929,56.487311477485704,3.6041319947529322,0.0,0.3766578329704373
2022,corrected_2022_kk_219,219.0,177,5924.2459858678,Group 6,0.0,0.0,13.035053704455466,4.711525361701939,40.0812222831793,41.69973933244315,0.47245931822013176
2022,corrected_2022_kk_200,200.0,178,13205.21637749961,Group 2,1.3475022909958774,70.11678214634348,10.396172500892899,15.466253527088753,2.5677327465171254,0.0,0.10555678816186287
2022,corrected_2022_kk_202,202.0,178,8161.152549699243,Group 5,0.0,0.2979441488800021,4.7300621459936565,8.824716186634154,65.21829833820371,20.86085009684901,0.06812908343947299
2022,corrected_2022_kk_204,204.0,178,5882.491510319122,Group 6,0.0,0.0,11.95637940537851,4.046278600064786,38.56455813767764,44.956970978179314,0.47581287869974176
2022,corrected_2022_kk_205,205.0,178,4802.0767227902725,Group 6,0.0,0.0,7.713037953418729,2.545882489305553,27.705292776945406,61.84568632483929,0.19010045549102017
2022,corrected_2022_kk_206,206.0,178,13271.746632846216,Group 2,1.3407473646112658,69.73624969528846,10.34405727972073,15.919057122590988,2.554860897768534,0.0,0.10502764002002607
2022,corrected_2022_kk_207,207.0,178,7594.7027144528065,Group 5,0.0,1.0153691184343616,10.348304273850637,28.05854357327474,48.99558009409149,11.380107986179828,0.20209495416894185
2022,corrected_2022_kk_208,208.0,178,16573.881551803315,Group 4,0.0,12.166210924725174,5.8606238846642675,73.12690616753716,8.739304914177016,0.04789496509094035,0.05905914380544175
2022,corrected_2022_kk_209,209.0,178,13324.38453533643,Group 4,0.0,10.42164315189567,8.415278361670184,66.07161755546593,12.77808078576686,2.2399178962405206,0.07346224896082276
2022,corrected_2022_kk_210,210.0,178,16561.19631035974,Group 4,0.0,13.479925399677315,5.364599631816431,73.9264747556528,7.090181418067639,0.0,0.13881879478580572
2022,corrected_2022_kk_213,213.0,178,11778.874088975655,Group 4,0.0,20.030139209832782,8.201801357813308,68.33526427646657,3.049625291441532,0.0,0.38316986444580436
2022,corrected_2022_kk_230,230.0,178,10077.110178545434,Group 2,4.728708796585295,89.32602672023661,3.866990775061497,1.0601231101007493,1.0181505980157861,0.0,7.105427357601002e-14
2022,corrected_2022_kk_231,231.0,178,16484.519936011795,Group 4,0.0,12.178214121937584,6.757929955252765,70.75047665489281,9.562525269112529,0.6914746988438988,0.05937929996041191
2022,corrected_2022_kk_233,233.0,178,12945.223963450255,Group 4,0.0,10.523345240524927,8.227795505007354,64.95914391594158,13.509330954734128,2.661819336069451,0.11856504772255505
2022,corrected_2022_kk_234,234.0,178,9075.383876866093,Group 5,0.0,0.0,8.579661109132482,4.1812758986496155,60.784436816001886,26.246801551633915,0.20782462458208784
2022,corrected_2022_kk_235,235.0,178,12220.285957182074,Group 4,0.0,18.602634390901805,8.338884310481296,69.79293712919883,3.010279327733076,0.0,0.25526484168499053
2022,corrected_2022_kk_236,236.0,178,8793.426614448363,Group 5,0.0,0.0,8.039670733587624,5.1128757148710156,60.023195541043805,26.60976958296596,0.2144884275315917
2022,corrected_2022_kk_237,237.0,178,11730.897735043367,Group 2,1.1661075578757851,58.694039958311215,11.357523518929469,25.10905554182249,3.288536492441035,0.0,0.3847369306200079
2022,corrected_2022_kk_238,238.0,178,8793.17420013241,Group 5,0.0,0.0,8.03990151805095,5.176916849701787,59.860910973576665,26.707776074096206,0.21449458457439619
2022,corrected_2022_kk_239,239.0,178,13793.226580092696,Group 2,1.4701575837490326,72.71194562971107,9.893497520800306,13.464737273178894,2.3586051281861393,0.0,0.10105686437455574
2022,corrected_2022_kk_242,242.0,178,5682.74579486297,Group 6,0.0,0.0,12.883254785471514,4.188503299722384,40.000891672188345,42.43481277560988,0.49253746700787815
2022,corrected_2022_kk_244,244.0,178,16782.549704760764,Group 4,0.0,12.15546611302937,6.2500204825900285,72.93325485485427,8.555634269335796,0.04729945641810425,0.05832482377243764
2022,corrected_2022_kk_245,245.0,178,4689.451038992922,Group 2,20.429992780821628,79.57000721917838,0.0,0.0,0.0,0.0,0.0
2022,corrected_2022_kk_246,246.0,178,5703.750733124206,Group 6,0.0,0.0,12.835810220651908,4.17307849290067,39.5113883685816,42.988999295741756,0.4907236221240652
2022,corrected_2022_kk_247,247.0,178,5618.060226425377,Group 6,0.0,0.0,9.386538474307587,3.712848456561863,34.48052393087185,52.257599429086255,0.16248970917244776
2022,corrected_2022_kk_220,220.0,179,3704.0289891420275,Group 6,0.0,0.0,7.594581936382454,2.052718924134076,24.20092403220884,65.90531997018438,0.24645513709025124
2022,corrected_2022_kk_221,221.0,179,6508.314173652871,Group 5,0.0,0.0,12.251684598521626,5.755054637147084,48.29594444301979,33.40751957874156,0.2897967425699335
2022,corrected_2022_kk_222,222.0,179,8423.242005595766,Group 5,0.0,0.0,4.171785579836323,8.192208701992632,66.80924030149376,20.760756171940997,0.06600924473629277
2022,corrected_2022_kk_223,223.0,179,6858.382134550739,Group 2,11.800705796308272,86.29356609943846,1.5099349813836753,0.3957931228696132,0.0,0.0,-4.263256414560601e-14
2022,corrected_2022_kk_224,224.0,179,8889.758894782637,Group 5,0.0,3.2930878982530936,10.258860056051878,39.35288121139112,39.77934275488009,7.143174229620844,0.17265384980298393
2022,corrected_2022_kk_226,226.0,179,13460.159984144255,Group 2,1.3219797790470529,71.50082915339424,10.379122389804039,14.277543274357033,2.416967924925322,0.0,0.10355747847232522
2022,corrected_2022_kk_227,227.0,179,3738.415553043177,Group 6,0.0,0.0,7.524725716988826,2.28939183224054,24.120619473428302,65.82107477532125,0.24418820202107838
2022,corrected_2022_kk_228,228.0,179,8964.264986030774,Group 5,0.0,0.0,9.299075626336558,4.233105997476281,59.27288539718756,26.984532209936336,0.21040076906326988
2022,corrected_2022_kk_229,229.0,179,3749.1677524139122,Group 6,0.0,0.0,7.503145634031197,2.2828261091138184,24.051444198633796,65.91909616101587,0.24348789720531272
2022,corrected_2022_kk_240,240.0,179,8611.100550968367,Group 5,0.0,0.0,7.793940052283283,5.70551175640644,62.02848979640662,24.253028523404257,0.21902987149940145
2022,corrected_2022_kk_241,241.0,179,5739.48136888815,Group 6,0.0,0.0,12.755902014622123,4.147099360282095,39.330839861125284,43.27849009853605,0.4876686654344553
2022,corrected_2022_kk_258,258.0,179,12935.648860206316,Group 4,0.0,18.372160660785106,7.398857912920612,71.34371864441033,2.6441145106285355,0.0,0.24114827125541183
2022,corrected_2022_kk_259,259.0,179,13388.252910016605,Group 2,1.3290800107655671,71.1492927127417,10.43486770086738,14.552696662274723,2.429949237192864,0.0,0.10411367615776612
2022,corrected_2022_kk_286,286.0,179,5331.992387494763,Group 6,0.0,0.0,6.387724493082363,2.2928620583792156,35.02445194431703,56.12375402567243,0.17120747854895058
2022,corrected_2022_kk_287,287.0,179,12486.77011889629,Group 2,2.2722315936232595,84.27309808863171,6.871328344171195,4.636894144088622,1.9464478294852132,0.0,0.0
2022,corrected_2022_kk_288,288.0,179,15692.608497136041,Group 4,0.0,11.918072609560504,7.274201032836096,68.75942885636334,10.38423377415431,1.6016879114803741,0.06237581560537819
2022,corrected_2022_kk_289,289.0,179,6112.065596140811,Group 5,0.0,0.0,13.295207690961567,5.930145857535725,44.41054472812473,36.0555172984436,0.308584424934395
2022,corrected_2022_kk_248,248.0,180,12619.78408915591,Group 2,1.08397167597001,67.88102561864366,10.456861060075278,17.675758197268483,2.7919298762584166,0.0,0.11045357178414861
2022,corrected_2022_kk_249,249.0,180,6511.163535813673,Group 5,0.0,0.0,12.246323116459461,5.7525361571816775,48.318570749155946,33.39290005311449,0.28966992408842884
2022,corrected_2022_kk_250,250.0,180,8571.21663831602,Group 5,0.0,0.0,7.596053887137848,5.790018909783183,62.47110581710259,23.922772316312773,0.22004906966360238
2022,corrected_2022_kk_251,251.0,180,5744.514192012445,Group 6,0.0,0.0,12.986420854781114,4.14346604737494,40.007898270076566,42.374973413455386,0.4872414143119954
2022,corrected_2022_kk_252,252.0,180,12034.37931315007,Group 2,2.3576482698583194,86.39359558724136,6.2107348950959524,3.3324169825771146,1.7056042652272632,0.0,-1.4210854715202004e-14
2022,corrected_2022_kk_253,253.0,180,9195.320798695244,Group 5,0.0,0.0,8.292233193358555,4.126738447310929,61.132443830778335,26.243470613721076,0.2051139148311023
2022,corrected_2022_kk_255,255.0,180,6217.058275390259,Group 5,0.0,0.0,13.070680363917281,5.829998509007999,45.32581303970567,35.47013498652286,0.30337310084618707
2022,corrected_2022_kk_256,256.0,180,11341.934561877575,Group 4,0.0,32.486864498730675,10.614981896216792,52.58964356183391,3.9105788469685536,0.0,0.39793119625008444
2022,corrected_2022_kk_257,257.0,180,11320.730233708224,Group 4,0.0,32.36040881509924,10.634864320317748,52.68814675353386,3.917903568562603,0.0,0.39867654248654105
2022,corrected_2022_kk_260,260.0,180,8605.031768119805,Group 5,0.0,0.0,3.992775109593024,8.496771903413563,66.69138834322051,20.754449909277604,0.06461473449530786
2022,corrected_2022_kk_282,282.0,180,8298.243165176462,Group 5,0.0,0.0,10.322843288810146,4.208513363433881,56.32946162274365,28.911894067901677,0.2272876571106508
2022,corrected_2022_kk_283,283.0,180,7967.7418551102755,Group 5,0.0,0.30517650979624344,4.844880700829098,9.673980945431335,63.39741516939412,21.708763810956075,0.06978286359313302
2022,corrected_2022_kk_284,284.0,180,9863.510559432034,Group 2,5.136957556124888,89.2396267010919,3.5001359012223197,1.0830806454697661,1.040199196091072,0.0,7.105427357601002e-14
2022,corrected_2022_kk_285,285.0,180,10825.129185951704,Group 2,4.401953891440572,88.48197044775074,3.783469833892588,1.9045239916934495,1.4280818352226337,0.0,2.842170943040401e-14
2022,corrected_2022_kk_296,296.0,180,9647.323452764784,Group 2,5.252071763352266,89.18526174351184,3.57857053204322,1.107351426083461,0.8767445350091366,0.0,8.526512829121202e-14
2022,corrected_2022_kk_298,298.0,180,9126.093213513264,Group 4,0.0,5.183025931983897,10.479820955831833,42.300592009615144,35.777605614039295,6.090772777582721,0.16818271094712145
2022,corrected_2022_kk_299,299.0,180,8022.80178864104,Group 5,0.0,1.0310086562790552,10.361807324282568,32.79901720473297,47.447054025608196,8.169801681401934,0.19131110769527027
2022,corrected_2022_kk_300,300.0,180,12095.340487670073,Group 4,0.0,24.757374695110755,8.369130124092022,63.14322908466724,3.3571216118884424,0.0,0.3731444842415357
2022,corrected_2022_kk_301,301.0,180,5984.503070430631,Group 5,0.0,0.0,13.745330488122507,5.869263265736709,43.60206956351598,36.4681746340889,0.31516204853589613
2022,corrected_2022_kk_291,291.0,181,12382.871359950432,Group 2,2.2912968036018255,84.97605492068071,6.928982378241022,4.018137331664501,1.7855285658119768,0.0,-2.842170943040401e-14
2022,corrected_2022_kk_292,292.0,181,9126.093213513264,Group 4,0.0,5.183025931983897,10.479820955831833,42.300592009615144,35.777605614039295,6.090772777582721,0.16818271094712145
2022,corrected_2022_kk_294,294.0,181,8669.064067869345,Group 5,0.0,0.0,4.156917207354364,6.718630095661881,67.47400165985874,21.43288565378258,0.21756538334243203
2022,corrected_2022_kk_297,297.0,181,8837.344302224095,Group 5,0.0,0.0,5.949987267198606,7.427398421617484,65.05944072238002,21.34975107377621,0.2134225150276734
2022,corrected_2022_kk_310,310.0,181,16592.43368492061,Group 4,0.0,13.024653713304717,5.1270542348972805,73.98952213896973,7.799776803524903,0.0,0.05899310930335844
2022,corrected_2022_kk_305,305.0,182,12090.48933917181,Group 4,0.0,24.658954729412045,8.372488126559444,63.255408529901544,3.339854410609945,0.0,0.3732942035170197
2022,corrected_2022_kk_306,306.0,182,4830.1675340441525,Group 6,0.0,0.0,6.856090878208716,2.5310763973889516,27.723808845450993,62.700028990912536,0.18899488803879194
2022,corrected_2022_kk_307,307.0,182,8576.77438336916,Group 5,0.0,0.0,6.5021921323149074,6.668965519705929,64.35074131517639,22.2581945548145,0.21990647798827467
2022,corrected_2022_kk_308,308.0,182,15884.022302025294,Group 4,0.0,11.891979625702156,7.29232132996756,69.24951691740158,9.927993859025865,1.5765641253920295,0.06162414251082282
2022,corrected_2022_kk_309,309.0,182,14491.850688230388,Group 4,0.0,17.082004603271873,5.997530824769648,73.12590417130836,3.5793077440146455,0.0,0.21525265663547088
2022,corrected_2022_kk_314,314.0,182,12771.933251610626,Group 2,2.221498735353084,83.30045403436007,7.210447978021156,5.311340163443653,1.9562590888220228,0.0,1.4210854715202004e-14
2022,corrected_2022_kk_317,317.0,182,5740.407740545451,Group 6,0.0,0.0,11.658073437714476,4.05953143557112,37.72508118530789,46.069723974637775,0.4875899667687378
2022,corrected_2022_kk_320,320.0,182,9015.812245126435,Group 5,0.0,0.0,8.875286155368894,4.208903517910532,60.08226564901782,26.624346859927943,0.2091978177748075
2022,corrected_2022_kk_322,322.0,182,4388.127442194549,Group 6,0.0,0.0,7.9832736091047325,2.23592665933859,25.574073953987174,63.99869240015945,0.2080333774100609
2022,corrected_2022_kk_323,323.0,182,10629.201611681114,Group 2,0.3379577594336226,47.57171942546356,13.320028467598377,35.12531421850139,3.2203659620238585,0.0,0.42461416697918253
2022,corrected_2022_kk_313,313.0,183,6208.5552258481375,Group 5,0.0,0.0,13.088581572594771,6.032917853279513,45.01786611239291,35.556845870259195,0.30378859147361936
2022,corrected_2022_kk_315,315.0,183,16523.020245947577,Group 4,0.0,12.002675229817042,6.035479959654006,72.38282435408556,9.146664620699001,0.37311489556438815,0.05924094018001824
2022,corrected_2022_kk_316,316.0,183,5863.012010488853,Group 6,0.0,0.0,12.040254500447558,4.059722113938232,38.6926865301069,44.729943117537054,0.4773937379702602
2022,corrected_2022_kk_321,321.0,183,8611.100550968367,Group 5,0.0,0.0,7.793940052283283,5.70551175640644,62.02848979640662,24.253028523404257,0.21902987149940145
2022,corrected_2022_kk_324,324.0,183,8308.900627636162,Group 5,0.0,0.0,10.309602630417634,4.203115287901149,56.38547590720897,28.874810049271986,0.2269961252002588
2022,corrected_2022_kk_325,325.0,183,3444.3226374016276,Group 6,0.0,0.0,5.649325155464836,2.124445093991006,26.207227793126584,65.75396378637275,0.2650381710448215
2022,corrected_2022_kk_327,327.0,184,8288.98565965603,Group 5,0.0,0.0,3.8091531468298183,7.817484678141002,67.06044325387732,21.24584052750393,0.06707839364793244
2022,corrected_2022_kk_328,328.0,185,6511.163535813673,Group 5,0.0,0.0,12.246323116459461,5.7525361571816775,48.318570749155946,33.39290005311449,0.28966992408842884
2022,corrected_2022_kk_329,329.0,185,6208.5552258481375,Group 5,0.0,0.0,13.088581572594771,6.032917853279513,45.01786611239291,35.556845870259195,0.30378859147361936
2022,corrected_2022_kk_330,330.0,185,12337.349410655466,Group 2,1.1087866651233336,65.74916655509864,10.705015848787507,19.323520575381522,2.9340306146794006,0.0,0.17947974092959385
2022,corrected_2022_kk_331,331.0,185,8897.641227285625,Group 4,0.0,3.2901705842018147,10.24977183322992,39.82777848757397,39.40128288682555,7.058495310706454,0.17250089746228525
2022,corrected_2022_kk_333,333.0,185,12444.150756476463,Group 4,0.0,10.471909730323503,8.706995104692176,62.18990329939095,15.634656243702471,2.8731964622293207,0.12333915966158315
2022,corrected_2022_kk_334,334.0,185,4462.499105720999,Group 6,0.0,0.0,7.8502249911375594,2.198662879282038,26.357754886560386,63.38879093372146,0.20456630929855635
2022,corrected_2022_kk_335,335.0,185,13911.869747325429,Group 2,1.4576197901069707,72.94466353585256,9.809123823935973,13.34990733981543,2.3384904787722336,0.0,0.10019503151683296
2022,corrected_2022_kk_336,336.0,185,8668.552266918508,Group 5,0.0,0.0,6.384899514876145,6.598358165442404,64.86318878169575,21.935975309341412,0.21757822864428533
2022,corrected_2022_kk_337,337.0,185,3763.5191981116072,Group 6,0.0,0.0,7.474533853019763,2.274120997430406,24.3410591884945,65.66772655740905,0.2425594036462826
2022,corrected_2022_kk_338,338.0,185,2641.68931106075,Group 6,0.0,0.0,6.773987040854738,0.3551404871833073,28.231359946150363,64.29394691804586,0.3455656077657352
2022,corrected_2022_kk_343,343.0,187,8141.909339486782,Group 5,0.0,0.0,3.821563596052433,8.170672540332518,66.36305905782042,21.576414700877322,0.06829010491730969
2022,corrected_2022_kk_344,344.0,187,15955.171777984106,Group 4,0.0,12.07754502068429,7.3924014359203465,69.29255699787144,9.834064271688865,1.3420829340970903,0.06134933973797274
2022,corrected_2022_kk_345,345.0,187,6159.548874638712,Group 5,0.0,0.0,13.192716410784106,5.88443102143045,44.83907766778352,35.77756931814312,0.306205581858805
2022,corrected_2022_kk_347,347.0,187,7321.180726593094,Group 5,0.0,0.0,11.5340917057445,4.98792943377692,51.299861969311344,31.92049611692575,0.257620774241488
2022,corrected_2022_kk_348,348.0,187,16480.580042104797,Group 4,0.0,12.033584092375929,6.218970378305983,71.53543511017409,9.505939666570978,0.6466772572298298,0.05939349534318694
2022,corrected_2022_kk_349,349.0,188,13488.23271860147,Group 2,1.8150768036722789,80.0234346900201,7.699304346484445,8.222099904588417,2.1367423084525705,0.0,0.10334194678219433
2022,corrected_2022_kk_351,351.0,189,7606.0003482861075,Group 5,0.0,1.0138609317422196,10.183411416381974,28.62597205300666,48.61175637687577,11.363204451191134,0.20179477080225183
2022,corrected_2022_kk_352,352.0,189,7380.630243827285,Group 5,0.0,0.7766517880182454,9.685688305494644,27.753313434353693,49.529224248661656,12.047165579350722,0.20795664412105452
2022,corrected_2022_kk_353,353.0,189,7783.045654722484,Group 5,0.0,0.3124185258793398,5.838623327187756,11.148984517791325,59.99351479727504,22.63501998033115,0.07143885153539031
2022,corrected_2022_kk_354,354.0,189,10268.398907446432,Group 4,0.0,8.610903762805806,10.63148439967699,46.03659719247481,29.780378387761157,4.791162993645965,0.14947326363527225
2022,corrected_2022_kk_355,355.0,189,15932.102704242256,Group 4,0.0,12.095032842717254,7.258309184571657,69.39288996313155,9.848303619631638,1.3440262187186562,0.061438171229255545
2022,corrected_2022_kk_356,356.0,189,5556.8244359821065,Group 6,0.0,0.0,14.540800958024485,6.320988622121037,38.537725779081086,40.09678594528696,0.5036986954864346
2022,corrected_2022_kk_357,357.0,189,5691.782818390738,Group 5,0.0,0.0,14.19602269805994,6.171111083415861,39.99506337833194,39.14604739049244,0.49175544969980933
2022,corrected_2022_kk_358,358.0,189,12370.574674101616,Group 4,0.0,19.371762842117555,7.687275503611689,69.7150902127732,2.9737077835928045,0.0,0.2521636579047595
2022,corrected_2022_kk_360,360.0,190,8057.011370090154,Group 5,0.0,0.0,10.840063454324037,4.866764265549279,54.635878783101724,29.423200709946546,0.23409278707842418
2022,corrected_2022_kk_361,361.0,190,11843.326926143838,Group 4,0.0,27.57576603139923,9.407215951778193,59.10269156851156,3.533241841245554,0.0,0.38108460706546055
2022,corrected_2022_kk_363,363.0,190,16225.613719105366,Group 4,0.0,14.316068337945072,5.146249061554728,73.7804828891968,6.564947546657527,0.0,0.19225216464587902
2022,corrected_2022_kk_364,364.0,191,11472.23952199924,Group 4,0.0,10.24860805093695,9.368057360411788,54.07417143829848,22.740522711201752,3.434852167553063,0.1337882715979788
2022,corrected_2022_kk_365,365.0,191,13939.941528742076,Group 2,1.4546844848151879,74.50171355458956,9.324869367672948,12.329942781166467,2.2887965495949345,0.0,0.09999326216090765
2022,corrected_2022_kk_370,370.0,191,6684.695290396753,Group 5,0.0,0.0,11.928413945544294,5.599054703082444,50.20675637729145,31.983624754032714,0.28215022004908974
2022,corrected_2022_kk_371,371.0,191,8984.581139385044,Group 5,0.0,0.0,8.96562028155154,4.223533995256544,59.677406587955204,26.923514129508842,0.2099250057278681
2022,corrected_2022_kk_372,372.0,191,13939.941528742076,Group 2,1.4546844848151879,74.50171355458956,9.324869367672948,12.329942781166467,2.2887965495949345,0.0,0.09999326216090765
2022,corrected_2022_kk_368,368.0,192,15502.62923004,Group 4,0.0,15.571990415891165,5.630827297835418,73.51715265712747,5.078811544528268,0.0,0.2012180846176932
2022,corrected_2022_kk_369,369.0,192,10976.479997885253,Group 4,0.0,9.619635868879328,9.945658609609778,50.52740657661673,25.523120006418043,4.244348036647698,0.13983090182843227
2022,corrected_2022_kk_376,376.0,192,6873.826123262939,Group 5,0.0,0.3537429674095041,7.6441243991363415,13.791057314429075,55.44019425452015,22.68999280328761,0.08088826121731074
2022,corrected_2022_kk_374,374.0,193,12758.056737563176,Group 2,2.223914985652141,83.2822904935525,7.2182905425051995,5.317117131512137,1.9583868467780259,0.0,0.0
2022,corrected_2022_kk_378,378.0,193,8192.373661583722,Group 5,0.0,0.0,10.456244710644304,4.652811130683978,56.60771760461656,28.05300167356769,0.23022488048746936
2022,corrected_2022_kk_379,379.0,194,13866.563394567691,Group 2,1.4623822849312555,74.8959566397632,8.956774086321449,12.283456342269096,2.3009082470310736,0.0,0.10052239968393906
2022,corrected_2022_kk_380,380.0,198,4015.2244224450224,Group 6,0.0,0.0,8.724698377214969,2.3036562512813568,21.788914607560994,66.95537685385928,0.22735391008339434
2022,corrected_2022_kk_381,381.0,198,13446.822231256025,Group 4,0.0,18.30614919980162,6.011965559045717,72.70132411498427,2.748579970579392,0.0,0.23198115558901122
2022,corrected_2022_kk_382,382.0,199,10868.392522431799,Group 4,0.0,9.460003412434139,10.044569384925989,49.382952186017874,26.68469488943115,4.286558590166098,0.14122153702476226
2022,corrected_2022_kk_383,383.0,202,12416.799050295966,Group 2,1.101692026591663,65.96832258424605,10.636519157483502,19.199877860372517,2.9152570423532134,0.0,0.1783313289530355
2022,corrected_2022_kk_384,384.0,203,6684.695290396738,Group 5,0.0,0.0,11.928413945544323,5.599054703082457,50.20675637729157,31.983624754032792,0.28215022004886237
