"states","AICc","Delta_AICc"
1,766.679322219692,596.218238383255
2,340.434321221918,169.973237385481
3,192.81990822025,22.3588243838132
4,170.461083836437,0
