"states","AICc","Delta_AICc"
1,770.488454170303,790.633032537327
2,217.880685828032,238.025264195057
3,13.2887264295706,33.4333047965955
4,-20.1445783670248,0
