"states","AICc","Delta_AICc"
1,769.976833848092,290.678574299879
2,517.809831757762,38.5115722095491
3,481.433637640975,2.13537809276221
4,479.298259548213,0
