"states","AICc","Delta_AICc"
1,1037.15757912207,828.237860093536
2,539.771275638104,330.851556609574
3,246.234368352336,37.314649323806
4,208.91971902853,0
