year,doy,interval_number,mgmt_river,cumulative_production,cumulative_percent,overall_percent,fish_count
2017,158,1,Aniak,904.6075353177135,2.2745763504214556,0.1516384233614304,1
2017,161,2,Aniak,979.5059743182803,2.462903565686515,0.16419357104576765,4
2017,164,3,Aniak,2017.4679442102183,5.072790900445309,0.3381860600296873,12
2017,167,4,Aniak,2927.0137917893794,7.3597843133411995,0.49065228755608,26
2017,170,5,Aniak,6831.088840768075,17.176325111399642,1.1450883407599763,48
2017,173,6,Aniak,10326.39591435784,25.96504563013356,1.731003042008904,73
2017,176,7,Aniak,14709.144637546002,36.98518000487363,2.4656786669915753,113
2017,179,8,Aniak,20713.468160905904,52.08265792021842,3.472177194681228,151
2017,182,9,Aniak,24809.887132558826,62.38283490367347,4.158855660244899,181
2017,185,10,Aniak,27960.96217015643,70.30600653235729,4.687067102157153,198
2017,188,11,Aniak,30398.428759722217,76.43485649558644,5.095657099705764,213
2017,191,12,Aniak,32702.74758068703,82.22891512252102,5.4819276748347345,224
2017,194,13,Aniak,36138.261094433394,90.86728865450388,6.057819243633593,240
2017,197,14,Aniak,38274.048330719605,96.23758565903017,6.415839043935345,249
2017,200,15,Aniak,39770.37460844517,100,6.666666666666667,256
2017,158,1,Big River,0,0,0,1
2017,161,2,Big River,690.7569801777662,2.3155173925629358,0.1543678261708623,4
2017,164,3,Big River,1188.210970275857,3.983055179550666,0.2655370119700443,12
2017,167,4,Big River,4909.768548393271,16.458254919606276,1.097216994640418,26
2017,170,5,Big River,6414.958223101627,21.503868602723028,1.433591240181535,48
2017,173,6,Big River,10644.56177743159,35.68211200053369,2.3788074667022454,73
2017,176,7,Big River,18398.40483740779,61.67411639541914,4.111607759694609,113
2017,179,8,Big River,22817.44669838438,76.48738442048011,5.099158961365339,151
2017,182,9,Big River,24805.463818980945,83.15150559703278,5.543433706468851,181
2017,185,10,Big River,27137.771180665175,90.96973750167831,6.064649166778553,198
2017,188,11,Big River,28457.50596218598,95.39367953610444,6.359578635740294,213
2017,191,12,Big River,29162.254938840055,97.75610012635816,6.51707334175721,224
2017,194,13,Big River,29258.650754915725,98.0792328562454,6.538615523749693,240
2017,197,14,Big River,29760.041832661085,99.75996833096545,6.650664555397695,249
2017,200,15,Big River,29831.647233415955,100,6.666666666666665,256
2017,158,1,E. Fork Kuskokwim,0,0,0,1
2017,161,2,E. Fork Kuskokwim,58.78174012902178,4.026866142372936,0.2684577428248625,4
2017,164,3,E. Fork Kuskokwim,145.54160017770954,9.97038435364453,0.6646922902429688,12
2017,167,4,E. Fork Kuskokwim,336.9178512557741,23.08068942846888,1.5387126285645922,26
2017,170,5,E. Fork Kuskokwim,340.8579997217874,23.350610843161363,1.5567073895440913,48
2017,173,6,E. Fork Kuskokwim,464.16982657355186,31.79813586391797,2.1198757242611985,73
2017,176,7,E. Fork Kuskokwim,571.829473623699,39.17340217373608,2.6115601449157397,113
2017,179,8,E. Fork Kuskokwim,788.9901146391929,54.050076985367745,3.6033384656911838,151
2017,182,9,E. Fork Kuskokwim,1021.9532259080853,70.00930621423156,4.667287080948772,181
2017,185,10,E. Fork Kuskokwim,1156.7934636487523,79.24658954057745,5.283105969371831,198
2017,188,11,E. Fork Kuskokwim,1159.6671759818487,79.4434543300795,5.296230288671969,213
2017,191,12,E. Fork Kuskokwim,1226.232241551549,84.00352023182234,5.600234682121491,224
2017,194,13,E. Fork Kuskokwim,1297.0780910948813,88.85684291719213,5.92378952781281,240
2017,197,14,E. Fork Kuskokwim,1375.039863166664,94.19764466389402,6.279842977592938,249
2017,200,15,E. Fork Kuskokwim,1459.7391135127998,100,6.666666666666668,256
2017,158,1,George,0,0,0,1
2017,161,2,George,200.25095962572982,1.5246373443914685,0.10164248962609794,4
2017,164,3,George,441.1413728967697,3.3586885802275033,0.22391257201516698,12
2017,167,4,George,968.4729764276726,7.373597957559384,0.49157319717062586,26
2017,170,5,George,2505.907104762196,19.079057401957375,1.2719371601304923,48
2017,173,6,George,4081.797446553495,31.077308347927556,2.071820556528505,73
2017,176,7,George,5741.150258829644,43.71101192590612,2.914067461727076,113
2017,179,8,George,7926.320964329477,60.34810004624303,4.023206669749537,151
2017,182,9,George,9734.098291315873,74.11185342959266,4.9407902286395124,181
2017,185,10,George,10375.481666783486,78.99511115848162,5.266340743898777,198
2017,188,11,George,11166.876107181684,85.0204981040923,5.668033206939489,213
2017,191,12,George,11554.296050960407,87.97017143075728,5.864678095383821,224
2017,194,13,George,12025.87004127912,91.56056279580935,6.104037519720626,240
2017,197,14,George,12529.101198838978,95.39198021878246,6.359465347918834,249
2017,200,15,George,13134.333903231025,100,6.66666666666667,256
2017,158,1,Hoholitna,0,0,0,1
2017,161,2,Hoholitna,646.0956015262221,1.5762977722291922,0.10508651814861285,4
2017,164,3,Hoholitna,1923.5467731187268,4.692931643681283,0.3128621095787522,12
2017,167,4,Hoholitna,4528.949323198617,11.049406174307704,0.7366270782871803,26
2017,170,5,Hoholitna,8949.547543247245,21.83446508776043,1.4556310058506958,48
2017,173,6,Hoholitna,13801.753013585503,33.672528456749454,2.2448352304499637,73
2017,176,7,Hoholitna,19993.08378169588,48.77769381285558,3.2518462541903728,113
2017,179,8,Hoholitna,26951.075762177443,65.75330428306017,4.383553618870679,151
2017,182,9,Hoholitna,32427.05671944008,79.11321040734332,5.274214027156222,181
2017,185,10,Hoholitna,33928.63126143664,82.77664442514816,5.518442961676545,198
2017,188,11,Hoholitna,36317.400467032756,88.60459243819162,5.9069728292127746,213
2017,191,12,Hoholitna,37873.87586196398,92.40196962473179,6.160131308315455,224
2017,194,13,Hoholitna,39276.59160464999,95.82421502470616,6.388281001647078,240
2017,197,14,Hoholitna,39828.062469421,97.16965414166408,6.477976942777606,249
2017,200,15,Hoholitna,40988.16942515354,100,6.666666666666668,256
2017,158,1,Holitna,202.0176066420049,0.44984319186379834,0.02998954612425321,1
2017,161,2,Holitna,800.7888986919286,1.7831586077298451,0.11887724051532297,4
2017,164,3,Holitna,2140.0882697853376,4.765446706120603,0.3176964470747068,12
2017,167,4,Holitna,3975.079568448247,8.85151799739975,0.5901011998266498,26
2017,170,5,Holitna,8959.8733364431,19.951419519108622,1.3300946346072409,48
2017,173,6,Holitna,13950.476938058253,31.064258101816268,2.0709505401210837,73
2017,176,7,Holitna,19261.47177299428,42.890528634530355,2.859368575635356,113
2017,179,8,Holitna,26733.06866254103,59.52792499310342,3.9685283328735603,151
2017,182,9,Holitna,32505.7537460053,72.38226539805582,4.825484359870387,181
2017,185,10,Holitna,34698.02548104402,77.26391176103947,5.150927450735963,198
2017,188,11,Holitna,37535.88355967361,83.58311906859582,5.572207937906386,213
2017,191,12,Holitna,39486.89401987507,87.92753630709902,5.861835753806599,224
2017,194,13,Holitna,41770.64859922692,93.01289231386399,6.200859487590931,240
2017,197,14,Holitna,43142.55526600538,96.06778878640998,6.40451925242733,249
2017,200,15,Holitna,44908.45038801231,100,6.666666666666665,256
2017,158,1,Holokuk,171.71157615000863,3.3801231175151605,0.22534154116767732,1
2017,161,2,Holokuk,171.71157615000863,3.3801231175151605,0.22534154116767732,4
2017,164,3,Holokuk,384.6391078890487,7.571577698060262,0.5047718465373506,12
2017,167,4,Holokuk,453.33775732826024,8.92390290709968,0.5949268604733119,26
2017,170,5,Holokuk,795.7377754728813,15.664008861034725,1.0442672574023149,48
2017,173,6,Holokuk,1305.4732650824296,25.69809480257861,1.7132063201719068,73
2017,176,7,Holokuk,1946.9761292625772,38.32600673364846,2.555067115576564,113
2017,179,8,Holokuk,2715.6468736740144,53.45720412404966,3.5638136082699763,151
2017,182,9,Holokuk,3264.720082027756,64.265648646994,4.284376576466265,181
2017,185,10,Holokuk,3686.1092317810253,72.56064679730369,4.837376453153579,198
2017,188,11,Holokuk,3931.845923965767,77.39794602137997,5.1598630680919975,213
2017,191,12,Holokuk,4208.385734728888,82.84160117982483,5.522773411988322,224
2017,194,13,Holokuk,4581.874510942787,90.19368584946977,6.012912389964651,240
2017,197,14,Holokuk,4920.376440795713,96.85705837258847,6.457137224839229,249
2017,200,15,Holokuk,5080.039104499822,100,6.666666666666665,256
2017,158,1,Kisaralik,439.74365223184356,1.527370682675594,0.10182471217837291,1
2017,161,2,Kisaralik,527.1673020898463,1.83102104599047,0.12206806973269799,4
2017,164,3,Kisaralik,2006.5472659821482,6.969381938566777,0.4646254625711184,12
2017,167,4,Kisaralik,2755.1846198032317,9.569639475836025,0.6379759650557348,26
2017,170,5,Kisaralik,5502.854980989858,19.113179522482348,1.2742119681654898,48
2017,173,6,Kisaralik,7760.035573615684,26.95309135562321,1.7968727570415473,73
2017,176,7,Kisaralik,11495.127730947996,39.92626386021041,2.661750924014027,113
2017,179,8,Kisaralik,16115.235321214253,55.973378692602004,3.7315585795067996,151
2017,182,9,Kisaralik,19327.9048492299,67.13200992084604,4.475467328056403,181
2017,185,10,Kisaralik,21515.45961925736,74.73008895059297,4.98200593003953,198
2017,188,11,Kisaralik,22860.681619723142,79.40247622616504,5.293498415077667,213
2017,191,12,Kisaralik,24255.488701075064,84.24708838425491,5.616472558950327,224
2017,194,13,Kisaralik,26646.679167388535,92.55245947126046,6.170163964750696,240
2017,197,14,Kisaralik,27880.418777212453,96.83763266372576,6.455842177581717,249
2017,200,15,Kisaralik,28790.892559330532,100,6.666666666666665,256
2017,158,1,Kwethluk,278.7858719878425,1.2714950531419684,0.08476633687613123,1
2017,161,2,Kwethluk,278.7858719878425,1.2714950531419684,0.08476633687613123,4
2017,164,3,Kwethluk,672.4625647778084,3.066987643389013,0.20446584289260084,12
2017,167,4,Kwethluk,1403.7647336169048,6.402332736025031,0.42682218240166875,26
2017,170,5,Kwethluk,3921.8303497277166,17.88680270411367,1.192453513607578,48
2017,173,6,Kwethluk,5573.12726664608,25.418087722824534,1.6945391815216357,73
2017,176,7,Kwethluk,8068.899279432065,36.800880349295724,2.4533920232863817,113
2017,179,8,Kwethluk,10635.776967236741,48.50797389314098,3.233864926209398,151
2017,182,9,Kwethluk,13819.758021463576,63.029571170938894,4.201971411395926,181
2017,185,10,Kwethluk,15752.228330139349,71.8432403153069,4.7895493543537935,198
2017,188,11,Kwethluk,16812.990701091552,76.68119748152833,5.112079832101888,213
2017,191,12,Kwethluk,17911.152341178768,81.68972636774842,5.4459817578498955,224
2017,194,13,Kwethluk,20357.437846325483,92.84681943056545,6.1897879620376965,240
2017,197,14,Kwethluk,21029.73941593287,95.91307280230247,6.394204853486832,249
2017,200,15,Kwethluk,21925.83221609394,100,6.666666666666667,256
2017,158,1,Lower Kusko,15.438015968116249,1.3892468313358994,0.09261645542239332,1
2017,161,2,Lower Kusko,16.37805449646659,1.4738396669400025,0.09825597779600018,4
2017,164,3,Lower Kusko,69.77296031587028,6.278777287958455,0.41858515253056366,12
2017,167,4,Lower Kusko,122.91089612973981,11.060590514840122,0.7373727009893416,26
2017,170,5,Lower Kusko,207.59385768437363,18.681099280402048,1.24540661869347,48
2017,173,6,Lower Kusko,316.4573682983822,28.4775839764253,1.898505598428354,73
2017,176,7,Lower Kusko,480.44887260433023,43.234964600565505,2.8823309733710345,113
2017,179,8,Lower Kusko,651.3007048484301,58.60969714801543,3.907313143201029,151
2017,182,9,Lower Kusko,769.539664782915,69.24986624543598,4.616657749695732,181
2017,185,10,Lower Kusko,843.3751346691964,75.89422344726559,5.059614896484374,198
2017,188,11,Lower Kusko,923.5036681955571,83.10488520140498,5.540325680093666,213
2017,191,12,Lower Kusko,970.926195787394,87.37237633024965,5.824825088683312,224
2017,194,13,Lower Kusko,1021.0232482112528,91.88054444478274,6.125369629652185,240
2017,197,14,Lower Kusko,1076.9095888959794,96.90968302525596,6.460645535017065,249
2017,200,15,Lower Kusko,1111.2507597567133,100,6.666666666666668,256
2017,158,1,Middle Kusko Main,554.9342304635767,1.767158702310428,0.11781058015402858,1
2017,161,2,Middle Kusko Main,649.5064597027664,2.0683189636936916,0.1378879309129128,4
2017,164,3,Middle Kusko Main,1995.7505091700245,6.355361926356713,0.42369079509044766,12
2017,167,4,Middle Kusko Main,3172.22991794484,10.101798370849751,0.673453224723317,26
2017,170,5,Middle Kusko Main,5561.161178414242,17.709223601463655,1.1806149067642442,48
2017,173,6,Middle Kusko Main,8500.21407912513,27.068482095399442,1.8045654730266303,73
2017,176,7,Middle Kusko Main,13431.175467950685,42.77086780287425,2.851391186858284,113
2017,179,8,Middle Kusko Main,18250.905071149504,58.11904177289755,3.8746027848598383,151
2017,182,9,Middle Kusko Main,21723.07177856777,69.17597298393675,4.611731532262451,181
2017,185,10,Middle Kusko Main,24277.557566796433,77.31059785078911,5.154039856719276,198
2017,188,11,Middle Kusko Main,25918.62221099272,82.53648140211163,5.502432093474111,213
2017,191,12,Middle Kusko Main,27241.800509256664,86.75007270018693,5.783338180012464,224
2017,194,13,Middle Kusko Main,29117.569898892303,92.72336109808062,6.18155740653871,240
2017,197,14,Middle Kusko Main,30534.590822113445,97.23578927129736,6.482385951419826,249
2017,200,15,Middle Kusko Main,31402.625567134495,100,6.66666666666667,256
2017,158,1,N. Fork Kusko,0,0,0,1
2017,161,2,N. Fork Kusko,48.8833548590926,2.8976053985343238,0.19317369323562164,4
2017,164,3,N. Fork Kusko,100.82291110401239,5.976369918820982,0.3984246612547323,12
2017,167,4,N. Fork Kusko,352.5204252032705,20.895969397088408,1.393064626472561,26
2017,170,5,N. Fork Kusko,396.1297910103215,23.480954289254928,1.5653969526169957,48
2017,173,6,N. Fork Kusko,613.5553451454922,36.36905211432065,2.4246034742880442,73
2017,176,7,N. Fork Kusko,885.8905701112833,52.5119707079113,3.5007980471940883,113
2017,179,8,N. Fork Kusko,1101.9521221288182,65.31921606466616,4.3546144043110795,151
2017,182,9,N. Fork Kusko,1316.6070198711332,78.04308070760754,5.2028720471738374,181
2017,185,10,N. Fork Kusko,1458.5424288497209,86.45643139691755,5.7637620931278395,198
2017,188,11,N. Fork Kusko,1495.1129975731478,88.62418517866853,5.908279011911237,213
2017,191,12,N. Fork Kusko,1538.007020956908,91.16676749692203,6.077784499794805,224
2017,194,13,N. Fork Kusko,1584.1849773753238,93.90400793790613,6.260267195860411,240
2017,197,14,N. Fork Kusko,1637.7025214267574,97.07630912318143,6.47175394154543,249
2017,200,15,N. Fork Kusko,1687.0259450724016,100,6.66666666666667,256
2017,158,1,Oskakawlik,124.28913048514318,1.971588166632863,0.13143921110885748,1
2017,161,2,Oskakawlik,174.508212769173,2.768209303041815,0.18454728686945426,4
2017,164,3,Oskakawlik,393.3206733849975,6.239213214470313,0.4159475476313541,12
2017,167,4,Oskakawlik,567.0510556500107,8.995083856748618,0.5996722571165745,26
2017,170,5,Oskakawlik,1170.7535320793634,18.57156616094611,1.2381044107297403,48
2017,173,6,Oskakawlik,1860.304553254014,29.509856808977126,1.967323787265141,73
2017,176,7,Oskakawlik,2607.4556155924406,41.361852131848075,2.757456808789871,113
2017,179,8,Oskakawlik,3664.7344690287428,58.13337887863263,3.8755585919088404,151
2017,182,9,Oskakawlik,4383.405146727338,69.53359222251746,4.635572814834496,181
2017,185,10,Oskakawlik,4762.376556289085,75.54518425528518,5.036345617019011,198
2017,188,11,Oskakawlik,5088.557684595112,80.71936843564671,5.3812912290431125,213
2017,191,12,Oskakawlik,5415.257204554743,85.90177581980683,5.726785054653787,224
2017,194,13,Oskakawlik,5825.25356315544,92.40551404554269,6.160367603036178,240
2017,197,14,Oskakawlik,6098.328204662426,96.73727443119476,6.449151628746316,249
2017,200,15,Oskakawlik,6304.010776114967,100,6.666666666666665,256
2017,158,1,S. Fork Kusko,0,0,0,1
2017,161,2,S. Fork Kusko,148.95933721905294,2.2196627042660717,0.14797751361773806,4
2017,164,3,S. Fork Kusko,335.5220597183176,4.99965840556939,0.33331056037129253,12
2017,167,4,S. Fork Kusko,917.9948018599509,13.67916145734587,0.911944097156391,26
2017,170,5,S. Fork Kusko,1326.3410120669548,19.76398212147102,1.3175988080980676,48
2017,173,6,S. Fork Kusko,2282.601473186224,34.01334520764905,2.2675563471766025,73
2017,176,7,S. Fork Kusko,3665.1245989224894,54.61450440500367,3.640966960333577,113
2017,179,8,S. Fork Kusko,4697.364794734296,69.99605152560076,4.666403435040048,151
2017,182,9,S. Fork Kusko,5230.555510620532,77.94119661290199,5.196079774193463,181
2017,185,10,S. Fork Kusko,5759.447694572253,85.8222887096605,5.721485913977364,198
2017,188,11,S. Fork Kusko,6095.396633280256,90.82830809528208,6.055220539685471,213
2017,191,12,S. Fork Kusko,6283.148629096303,93.62602531492541,6.241735020995025,224
2017,194,13,S. Fork Kusko,6366.746936812628,94.87173470946176,6.324782313964115,240
2017,197,14,S. Fork Kusko,6604.476736924555,98.41417777380684,6.560945184920454,249
2017,200,15,S. Fork Kusko,6710.899675557063,100,6.666666666666663,256
2017,158,1,Stony,358.26541531912676,0.695939573545433,0.046395971569695535,1
2017,161,2,Stony,881.9872237332108,1.7132823490948936,0.1142188232729929,4
2017,164,3,Stony,2755.249194101775,5.3521408072464265,0.35680938714976174,12
2017,167,4,Stony,5971.681573087536,11.600141542051288,0.7733427694700858,26
2017,170,5,Stony,10462.110309752456,20.322912221010274,1.354860814734018,48
2017,173,6,Stony,15963.51060485807,31.00952056099792,2.067301370733195,73
2017,176,7,Stony,24195.043894276867,46.99948085889698,3.133298723926466,113
2017,179,8,Stony,32318.311587030807,62.77913251423429,4.185275500948953,151
2017,182,9,Stony,37930.64421882284,73.68122970629877,4.912081980419918,181
2017,185,10,Stony,40829.40671295736,79.31214870577992,5.287476580385328,198
2017,188,11,Stony,44078.27167895308,85.62315055598015,5.708210037065343,213
2017,191,12,Stony,46134.30095868517,89.61703910606282,5.974469273737521,224
2017,194,13,Stony,48422.54863520547,94.06201772825372,6.270801181883582,240
2017,197,14,Stony,50036.91689950067,97.1979686555798,6.479864577038653,249
2017,200,15,Stony,51479.38541473646,100,6.666666666666667,256
2017,158,1,Swift,0,0,0,1
2017,161,2,Swift,768.9191147095044,2.4751637770303527,0.1650109184686901,4
2017,164,3,Swift,1497.313623313418,4.819878154127558,0.32132521027517047,12
2017,167,4,Swift,4599.822665827907,14.806907807880117,0.9871271871920075,26
2017,170,5,Swift,6236.385588826635,20.075031838543257,1.3383354559028833,48
2017,173,6,Swift,10815.668236666832,34.815820977333004,2.3210547318222,73
2017,176,7,Swift,17874.54673367868,57.53847155009581,3.835898103339719,113
2017,179,8,Swift,22437.955175000272,72.22816134668909,4.815210756445937,151
2017,182,9,Swift,24704.793861732134,79.52515383710143,5.301676922473427,181
2017,185,10,Swift,27235.902264220425,87.67283506094907,5.844855670729936,198
2017,188,11,Swift,28679.86805810339,92.3209856400126,6.154732376000838,213
2017,191,12,Swift,29495.548421070675,94.94667467469648,6.329778311646431,224
2017,194,13,Swift,29762.87161651147,95.80719261144337,6.387146174096222,240
2017,197,14,Swift,30719.723320156707,98.88731460548071,6.592487640365379,249
2017,200,15,Swift,31065.383302919727,100,6.666666666666663,256
2017,158,1,Takotna and Nixon Fork,0,0,0,1
2017,161,2,Takotna and Nixon Fork,160.126391412564,0.6765264594290147,0.04510176396193432,4
2017,164,3,Takotna and Nixon Fork,1101.6027178696493,4.654219581440326,0.31028130542935517,12
2017,167,4,Takotna and Nixon Fork,2368.2280380645716,10.0056518827329,0.6670434588488602,26
2017,170,5,Takotna and Nixon Fork,4714.498158685842,19.918532598806102,1.3279021732537404,48
2017,173,6,Takotna and Nixon Fork,7268.99895310354,30.711178100966663,2.0474118733977775,73
2017,176,7,Takotna and Nixon Fork,10962.901492609943,46.31774229368244,3.0878494862454966,113
2017,179,8,Takotna and Nixon Fork,14937.303287656714,63.10940262544923,4.207293508363282,151
2017,182,9,Takotna and Nixon Fork,17546.823988407607,74.13450463962728,4.942300309308486,181
2017,185,10,Takotna and Nixon Fork,18845.211482478844,79.62013062908552,5.308008708605703,198
2017,188,11,Takotna and Nixon Fork,20625.46399901997,87.14161363560672,5.809440909040449,213
2017,191,12,Takotna and Nixon Fork,21324.02713018562,90.093009952267,6.006200663484467,224
2017,194,13,Takotna and Nixon Fork,22017.620965051767,93.02341122618823,6.2015607484125495,240
2017,197,14,Takotna and Nixon Fork,22864.504488882474,96.60145421380409,6.44009694758694,249
2017,200,15,Takotna and Nixon Fork,23668.902994231736,100,6.666666666666668,256
2017,158,1,Tatlawiksuk,0,0,0,1
2017,161,2,Tatlawiksuk,374.84123283363584,2.914355401609876,0.1942903601073251,4
2017,164,3,Tatlawiksuk,572.3242374934671,4.449767226519664,0.29665114843464424,12
2017,167,4,Tatlawiksuk,1981.6039883065512,15.406785010057867,1.0271190006705244,26
2017,170,5,Tatlawiksuk,2576.238888009952,20.030015541117113,1.3353343694078075,48
2017,173,6,Tatlawiksuk,4546.327403348301,35.34726882972248,2.3564845886481653,73
2017,176,7,Tatlawiksuk,7530.739780754435,58.5507949385622,3.90338632923748,113
2017,179,8,Tatlawiksuk,9442.210289392026,73.41229872712316,4.894153248474877,151
2017,182,9,Tatlawiksuk,10198.641189884584,79.29347797768209,5.286231865178807,181
2017,185,10,Tatlawiksuk,11367.40550801637,88.38051084759056,5.892034056506037,198
2017,188,11,Tatlawiksuk,11909.612831314866,92.59612189310413,6.173074792873608,213
2017,191,12,Tatlawiksuk,12300.048444830703,95.63172214078489,6.375448142718993,224
2017,194,13,Tatlawiksuk,12345.596302623653,95.98585245987269,6.39905683065818,240
2017,197,14,Tatlawiksuk,12759.969097859055,99.20756204861064,6.613837469907375,249
2017,200,15,Tatlawiksuk,12861.891608229227,100,6.666666666666667,256
2017,158,1,Tuluksak,569.0613462003663,2.3558191534347137,0.1570546102289809,1
2017,161,2,Tuluksak,773.2616913129091,3.2011745573224455,0.21341163715482966,4
2017,164,3,Tuluksak,1694.9043996961743,7.016621801332327,0.4677747867554884,12
2017,167,4,Tuluksak,2392.6434169020786,9.905145071815753,0.6603430047877167,26
2017,170,5,Tuluksak,4536.017328263067,18.77835592521749,1.2518903950144993,48
2017,173,6,Tuluksak,7191.649803002407,29.772231875933297,1.9848154583955526,73
2017,176,7,Tuluksak,9944.240393915274,41.16749827196344,2.7444998847975617,113
2017,179,8,Tuluksak,13734.696887811893,56.859356571962124,3.790623771464141,151
2017,182,9,Tuluksak,16532.50688901496,68.44182379191042,4.562788252794026,181
2017,185,10,Tuluksak,18107.57800222783,74.9623557544207,4.997490383628046,198
2017,188,11,Tuluksak,19351.73618863305,80.11296333830676,5.340864222553782,213
2017,191,12,Tuluksak,20711.17855591504,85.74082822179844,5.716055214786561,224
2017,194,13,Tuluksak,22234.754020345266,92.04817677880996,6.136545118587329,240
2017,197,14,Tuluksak,23409.338863198238,96.9107623130466,6.460717487536439,249
2017,200,15,Tuluksak,24155.561574864176,100,6.666666666666665,256
2017,158,1,Upper Kusko Main,0,0,0,1
2017,161,2,Upper Kusko Main,700.6018726548936,2.285249937355116,0.15234999582367434,4
2017,164,3,Upper Kusko Main,1314.9931881644738,4.289294987876134,0.2859529991917421,12
2017,167,4,Upper Kusko Main,3848.9967402619245,12.554804522905341,0.8369869681936889,26
2017,170,5,Upper Kusko Main,6185.112874365174,20.174837322537105,1.3449891548358066,48
2017,173,6,Upper Kusko Main,10466.734938739988,34.1407956453613,2.2760530430240857,73
2017,176,7,Upper Kusko Main,16496.934799498256,53.810331785503394,3.5873554523668916,113
2017,179,8,Upper Kusko Main,21356.693961458117,69.66207976662857,4.64413865110857,151
2017,182,9,Upper Kusko Main,24076.07268697245,78.53225311997274,5.235483541331514,181
2017,185,10,Upper Kusko Main,26255.663784032753,85.64172657761843,5.709448438507893,198
2017,188,11,Upper Kusko Main,27773.16192190282,90.59155994212658,6.039437329475103,213
2017,191,12,Upper Kusko Main,28722.86451098557,93.68933610704472,6.245955740469645,224
2017,194,13,Upper Kusko Main,29222.6274044032,95.31948179384852,6.354632119589899,240
2017,197,14,Upper Kusko Main,30090.438207578052,98.15014020484638,6.5433426803230885,249
2017,200,15,Upper Kusko Main,30657.560085779958,100,6.666666666666663,256
2018,152,1,Aniak,272.12757637096905,0.7295965765661024,0.04291744568035897,2
2018,155,2,Aniak,301.0584175115533,0.8071625584295996,0.0474801504958588,5
2018,158,3,Aniak,301.0584175115533,0.8071625584295996,0.0474801504958588,10
2018,161,4,Aniak,1130.2921878024506,3.030406994166188,0.17825923495095225,16
2018,164,5,Aniak,4196.14724106695,11.250218381676468,0.6617775518633217,37
2018,167,6,Aniak,6226.089582931477,16.692661970090885,0.9819212923582874,65
2018,170,7,Aniak,7283.031250248075,19.526410142135845,1.1486123613021084,77
2018,173,8,Aniak,8829.862689988959,23.67359337880014,1.3925643164000079,92
2018,176,9,Aniak,16344.781513673288,43.8217133159649,2.577747842115582,138
2018,179,10,Aniak,22788.63590330155,61.09822077346043,3.594012986674143,168
2018,182,11,Aniak,27908.506176477083,74.82501712973712,4.40147159586689,196
2018,185,12,Aniak,29018.680091822618,77.80148536875495,4.576557962867938,208
2018,188,13,Aniak,32770.79633309635,87.86121985439023,5.168307050258249,227
2018,191,14,Aniak,35128.34936528925,94.18201484437006,5.540118520257063,233
2018,194,15,Aniak,36196.694813813025,97.04633749857379,5.7086080881514,236
2018,197,16,Aniak,36763.247302953365,98.5653116578053,5.797959509282664,239
2018,198,17,Aniak,37298.36256246659,100,5.88235294117647,240
2018,152,1,Big River,0,0,0,2
2018,155,2,Big River,62.91420766264693,0.2197342391210478,0.012925543477708693,5
2018,158,3,Big River,1924.894875017347,6.7228902097588,0.39546412998581176,10
2018,161,4,Big River,3523.9781664589727,12.30785048169308,0.7239912048054753,16
2018,164,5,Big River,8343.598531332935,29.140862500322562,1.7141683823719154,37
2018,167,6,Big River,14012.122319802127,48.93875566108074,2.8787503330047493,65
2018,170,7,Big River,16012.268568738757,55.924468912013815,3.2896746418831655,77
2018,173,8,Big River,17527.39815074176,61.21621235502762,3.6009536679428016,92
2018,176,9,Big River,22197.22477795222,77.52605458111866,4.56035615183051,138
2018,179,10,Big River,23846.664782302167,83.28689077053853,4.899228868855208,168
2018,182,11,Big River,26217.65048150708,91.56779834192952,5.386341078937031,196
2018,185,12,Big River,28027.33542775676,97.88830621266725,5.758135659568661,208
2018,188,13,Big River,28156.025962827793,98.33777093385618,5.784574760815069,227
2018,191,14,Big River,28616.29507753023,99.94530741039206,5.879135730023062,233
2018,194,15,Big River,28616.29507753023,99.94530741039206,5.879135730023062,236
2018,197,16,Big River,28631.95463497547,100,5.88235294117647,239
2018,198,17,Big River,28631.95463497547,100,5.88235294117647,240
2018,152,1,E. Fork Kuskokwim,0,0,0,2
2018,155,2,E. Fork Kuskokwim,48.74778651374663,3.9837340216281185,0.23433729538988932,5
2018,158,3,E. Fork Kuskokwim,69.22444816634354,5.6571140765730705,0.3327714162690042,10
2018,161,4,E. Fork Kuskokwim,206.4364043795787,16.87025783617064,0.9923681080100378,16
2018,164,5,E. Fork Kuskokwim,374.1551763313891,30.576459197779148,1.798615246928185,37
2018,167,6,E. Fork Kuskokwim,594.9966475434728,48.62391827586248,2.8602304868154396,65
2018,170,7,E. Fork Kuskokwim,704.140733044916,57.54331826849549,3.384901074617382,77
2018,173,8,E. Fork Kuskokwim,729.3138718272585,59.60050068784708,3.5059118051674756,92
2018,176,9,E. Fork Kuskokwim,839.5122474601462,68.60605867381007,4.035650510224122,138
2018,179,10,E. Fork Kuskokwim,1029.289370108501,84.11489782505541,4.947935166179731,168
2018,182,11,E. Fork Kuskokwim,1090.426441831693,89.11110073034459,5.241829454726153,196
2018,185,12,E. Fork Kuskokwim,1110.3842242348544,90.74207728213746,5.337769251890439,208
2018,188,13,E. Fork Kuskokwim,1222.72559225245,99.9227634591752,5.877809615245601,227
2018,191,14,E. Fork Kuskokwim,1223.6707131823982,100,5.882352941176471,233
2018,194,15,E. Fork Kuskokwim,1223.6707131823982,100,5.882352941176471,236
2018,197,16,E. Fork Kuskokwim,1223.6707131823982,100,5.882352941176471,239
2018,198,17,E. Fork Kuskokwim,1223.6707131823982,100,5.882352941176471,240
2018,152,1,George,0,0,0,2
2018,155,2,George,207.91842413528403,1.7181621867793162,0.10106836392819506,5
2018,158,3,George,207.91842413528403,1.7181621867793162,0.10106836392819506,10
2018,161,4,George,207.91842413528403,1.7181621867793162,0.10106836392819506,16
2018,164,5,George,214.79081106106554,1.7749530911828213,0.10440900536369538,37
2018,167,6,George,865.9382532647423,7.155798573565303,0.42092932785678255,65
2018,170,7,George,2121.5000953594194,17.531304684781386,1.0312532167518462,77
2018,173,8,George,2771.745032662425,22.904692195124277,1.3473348350073104,92
2018,176,9,George,6219.4561594279085,51.395322179374425,3.0232542458455547,138
2018,179,10,George,7275.759900035013,60.12423185831559,3.5367195210773876,168
2018,182,11,George,8993.194982505323,74.31649033286385,4.371558254874343,196
2018,185,12,George,10748.255886770323,88.81967490510159,5.224686759123623,208
2018,188,13,George,11462.964398967719,94.7257659373608,5.572103878668283,227
2018,191,14,George,11697.187268882626,96.66129849076684,5.685958734750991,233
2018,194,15,George,11697.187268882626,96.66129849076684,5.685958734750991,236
2018,197,16,George,12101.210568777897,100,5.88235294117647,239
2018,198,17,George,12101.210568777897,100,5.88235294117647,240
2018,152,1,Hoholitna,0,0,0,2
2018,155,2,Hoholitna,489.91925176250936,1.3696898261336152,0.0805699897725656,5
2018,158,3,Hoholitna,1112.4686235106951,3.1101797899015913,0.18295175234715244,10
2018,161,4,Hoholitna,1139.5679219157048,3.1859425471052902,0.18740838512384062,16
2018,164,5,Hoholitna,3088.189681257511,8.633794186229835,0.5078702462488139,37
2018,167,6,Hoholitna,7326.734806906894,20.483690093207635,1.2049229466592728,65
2018,170,7,Hoholitna,10379.19468573733,29.01759282447205,1.706917224968944,77
2018,173,8,Hoholitna,11982.423365210165,33.49981311554985,1.9705772420911676,92
2018,176,9,Hoholitna,21468.1217722954,60.01941722421762,3.5305539543657427,138
2018,179,10,Hoholitna,24385.456500009117,68.17554434435121,4.010326137903013,168
2018,182,11,Hoholitna,29033.146981860857,81.16930677583098,4.774665104460646,196
2018,185,12,Hoholitna,32909.87014310074,92.00764034525932,5.412214137956431,208
2018,188,13,Hoholitna,34724.80984619251,97.08175090006522,5.710691229415602,227
2018,191,14,Hoholitna,35362.39722401247,98.8642833103134,5.815546077077259,233
2018,194,15,Hoholitna,35362.39722401247,98.8642833103134,5.815546077077259,236
2018,197,16,Hoholitna,35768.62749615817,100,5.882352941176471,239
2018,198,17,Hoholitna,35768.62749615817,100,5.882352941176471,240
2018,152,1,Holitna,63.69863976635525,0.16319425046074407,0.009599661791808477,2
2018,155,2,Holitna,563.9907615179959,1.4449295923792693,0.08499585837525114,5
2018,158,3,Holitna,580.9105741776037,1.4882777102519422,0.08754574766187898,10
2018,161,4,Holitna,865.2941075794718,2.2168608911036127,0.1304035818296243,16
2018,164,5,Holitna,2340.176570071714,5.995471217273378,0.35267477748666937,37
2018,167,6,Holitna,5132.060007620201,13.148203624679395,0.7734237426281999,65
2018,170,7,Holitna,8154.551734761401,20.89174844359306,1.2289263790348859,77
2018,173,8,Holitna,10125.88516136359,25.94225316618334,1.5260148921284322,92
2018,176,9,Holitna,20517.60341786424,52.565563775157884,3.092091986773994,138
2018,179,10,Holitna,24855.75046959381,63.679783153974654,3.745869597292628,168
2018,182,11,Holitna,30114.067761805654,77.15145464232774,4.538320861313397,196
2018,185,12,Holitna,33943.79614173003,86.96311867035787,5.115477568844582,208
2018,188,13,Holitna,36835.38867023276,94.37130316311585,5.55125312724211,227
2018,191,14,Holitna,37816.0848136096,96.88382105415974,5.6990482973035155,233
2018,194,15,Holitna,38039.99677768679,97.45747765469002,5.732792803217061,236
2018,197,16,Holitna,38889.57577378334,99.63407684085347,5.86082804946197,239
2018,198,17,Holitna,39032.40438098509,100,5.882352941176472,240
2018,152,1,Holokuk,32.974956765111884,0.5989756374619076,0.03523386102717104,2
2018,155,2,Holokuk,32.974956765111884,0.5989756374619076,0.03523386102717104,5
2018,158,3,Holokuk,32.974956765111884,0.5989756374619076,0.03523386102717104,10
2018,161,4,Holokuk,153.56109748923055,2.789370033542481,0.16408059020838126,16
2018,164,5,Holokuk,527.8039934559496,9.587328216596838,0.5639604833292257,37
2018,167,6,Holokuk,709.5276538141843,12.888258861641628,0.7581328742142134,65
2018,170,7,Holokuk,835.6154647205623,15.178588685325565,0.8928581579603275,77
2018,173,8,Holokuk,1026.0425294852876,18.63761285690932,1.0963301680534896,92
2018,176,9,Holokuk,2261.5389833597887,41.079864451439796,2.4164626147905763,138
2018,179,10,Holokuk,3498.4958826662346,63.548644397161404,3.7381555527742005,168
2018,182,11,Holokuk,4249.36829381247,77.18791265526946,4.540465450309969,196
2018,185,12,Holokuk,4391.308386825389,79.76619223572268,4.69212895504251,208
2018,188,13,Holokuk,4852.974020191361,88.15214612822963,5.185420360484096,227
2018,191,14,Holokuk,5058.014836338563,91.8766226888,5.404507216988235,233
2018,194,15,Holokuk,5178.27790343075,94.06114859395235,5.533008740820727,236
2018,197,16,Holokuk,5375.496157468078,97.64353174224858,5.743737161308741,239
2018,198,17,Holokuk,5505.225038006484,100,5.882352941176471,240
2018,152,1,Kisaralik,89.96759723686074,0.302588614441389,0.017799330261258184,2
2018,155,2,Kisaralik,89.96759723686074,0.302588614441389,0.017799330261258184,5
2018,158,3,Kisaralik,89.96759723686074,0.302588614441389,0.017799330261258184,10
2018,161,4,Kisaralik,809.4712016258729,2.722499842752561,0.16014704957368014,16
2018,164,5,Kisaralik,3102.846041975285,10.435822601713069,0.6138719177478278,37
2018,167,6,Kisaralik,4978.54101394066,16.74435989861829,0.9849623469775467,65
2018,170,7,Kisaralik,6875.731013206698,23.12519156291851,1.3603053860540304,77
2018,173,8,Kisaralik,8324.694834529097,27.99850116032111,1.6469706564894777,92
2018,176,9,Kisaralik,15242.093554866131,51.263833998040184,3.0155196469435417,138
2018,179,10,Kisaralik,20081.731257896492,67.5410194729711,3.9730011454688894,168
2018,182,11,Kisaralik,23065.474900469915,77.57626418755027,4.563309658091194,196
2018,185,12,Kisaralik,24401.577612482222,82.0699872700374,4.827646310002202,208
2018,188,13,Kisaralik,26979.023329447915,90.73872748593155,5.337572205054799,227
2018,191,14,Kisaralik,27845.893714777234,93.65427838262262,5.509075198977804,233
2018,194,15,Kisaralik,28334.395900733034,95.29726101347802,5.605721236086944,236
2018,197,16,Kisaralik,29416.42376604772,98.9364524847203,5.819791322630608,239
2018,198,17,Kisaralik,29732.644568583837,100,5.882352941176473,240
2018,152,1,Kwethluk,82.58171517054232,0.311644408088014,0.018332024005177288,2
2018,155,2,Kwethluk,82.58171517054232,0.311644408088014,0.018332024005177288,5
2018,158,3,Kwethluk,82.58171517054232,0.311644408088014,0.018332024005177288,10
2018,161,4,Kwethluk,376.4428781930639,1.4206088806844448,0.08356522827555554,16
2018,164,5,Kwethluk,1634.4815119810726,6.168157470212524,0.3628327923654424,37
2018,167,6,Kwethluk,3904.1163064379693,14.73323741113858,0.866661024184622,65
2018,170,7,Kwethluk,5213.31294023376,19.673844531825367,1.1572849724603154,77
2018,173,8,Kwethluk,6547.897189442562,24.71025867664353,1.4535446280378541,92
2018,176,9,Kwethluk,11110.720857894692,41.92930623975321,2.4664297788090117,138
2018,179,10,Kwethluk,15503.217201362371,58.50557763544649,3.441504566790969,168
2018,182,11,Kwethluk,19020.27335794855,71.77813902349797,4.222243471970468,196
2018,185,12,Kwethluk,21367.194516101295,80.63487993341127,4.743228231377131,208
2018,188,13,Kwethluk,23815.159863610246,89.87293838459402,5.286643434387882,227
2018,191,14,Kwethluk,25126.236089534716,94.82063865386921,5.577684626698186,233
2018,194,15,Kwethluk,25908.464120280398,97.77258741308495,5.751328671357936,236
2018,197,16,Kwethluk,26265.80195960999,99.12109826921507,5.830652839365589,239
2018,198,17,Kwethluk,26498.699488045924,100,5.882352941176468,240
2018,152,1,Lower Kusko,4.215388594448099,0.40712265153732385,0.02394839126690141,2
2018,155,2,Lower Kusko,4.821747448848235,0.46568485026596523,0.027393226486233255,5
2018,158,3,Lower Kusko,13.838462729236502,1.3365201127477129,0.0786188301616302,10
2018,161,4,Lower Kusko,23.64145710948077,2.283294289236905,0.1343114287786415,16
2018,164,5,Lower Kusko,110.46031017168384,10.668267790533077,0.6275451641490047,37
2018,167,6,Lower Kusko,244.0174528373156,23.567229970531006,1.3863076453253536,65
2018,170,7,Lower Kusko,277.81497165064104,26.831397713639195,1.5783175125670117,77
2018,173,8,Lower Kusko,338.3574214982296,32.6785935676534,1.9222702098619653,92
2018,176,9,Lower Kusko,523.240617217771,50.53463107868351,2.9726253575696187,138
2018,179,10,Lower Kusko,693.8076793796986,67.0080149806455,3.941647940037971,168
2018,182,11,Lower Kusko,814.7633290078429,78.68992370428877,4.628819041428753,196
2018,185,12,Lower Kusko,897.4347994096327,86.67434257394999,5.098490739644118,208
2018,188,13,Lower Kusko,948.4669090651191,91.60302882219972,5.388413460129397,227
2018,191,14,Lower Kusko,995.9389003805779,96.18787848554061,5.6581104991494495,233
2018,194,15,Lower Kusko,1009.8580334028711,97.5321897432501,5.737187631955889,236
2018,197,16,Lower Kusko,1025.3306165956305,99.02653337360115,5.825090198447128,239
2018,198,17,Lower Kusko,1035.4099872680858,100,5.882352941176472,240
2018,152,1,Middle Kusko Main,111.06354043285071,0.3364440304344511,0.01979082531967359,2
2018,155,2,Middle Kusko Main,164.25437097254448,0.4975746529518403,0.02926909723246119,5
2018,158,3,Middle Kusko Main,480.1008241474101,1.4543661732872268,0.08555095136983687,10
2018,161,4,Middle Kusko Main,1162.5632707547616,3.5217450382312694,0.2071614728371335,16
2018,164,5,Middle Kusko Main,3626.5708095977725,10.985946378818198,0.6462321399304822,37
2018,167,6,Middle Kusko Main,6124.921036765789,18.554181792432043,1.0914224583783554,65
2018,170,7,Middle Kusko Main,7817.493839970107,23.681481115814336,1.393028300930255,77
2018,173,8,Middle Kusko Main,9130.927375748593,27.660256425541274,1.6270739073847809,92
2018,176,9,Middle Kusko Main,16486.59691925376,49.942736329529836,2.9378080193841076,138
2018,179,10,Middle Kusko Main,22170.51374046055,67.16098704014155,3.950646296478914,168
2018,182,11,Middle Kusko Main,25931.83839896241,78.55514234031372,4.620890725900806,196
2018,185,12,Middle Kusko Main,27691.684383183147,83.88623185508646,4.934484226769791,208
2018,188,13,Middle Kusko Main,29894.94006869308,90.56053937330172,5.327090551370689,227
2018,191,14,Middle Kusko Main,30993.02707799358,93.88696690961946,5.52276275938938,233
2018,194,15,Middle Kusko Main,31435.95831366399,95.22873550040522,5.601690323553248,236
2018,197,16,Middle Kusko Main,32502.048101230954,98.45823406974803,5.791660827632236,239
2018,198,17,Middle Kusko Main,33011.000459551644,100,5.88235294117647,240
2018,152,1,N. Fork Kusko,0,0,0,2
2018,155,2,N. Fork Kusko,26.019570238130513,1.322900350910574,0.07781766770062203,5
2018,158,3,N. Fork Kusko,79.6808289175752,4.051173619364102,0.23830433055082959,10
2018,161,4,N. Fork Kusko,233.66345603545184,11.880037416270802,0.6988257303688711,16
2018,164,5,N. Fork Kusko,643.1053154450638,32.69709067784576,1.9233582751673985,37
2018,167,6,N. Fork Kusko,1078.9221602381363,54.8551144896533,3.226771440567843,65
2018,170,7,N. Fork Kusko,1230.3807003005381,62.55564735638487,3.679743962140288,77
2018,173,8,N. Fork Kusko,1299.6286775143792,66.07638857223286,3.886846386601935,92
2018,176,9,N. Fork Kusko,1527.743638241841,77.6743265409421,4.569078031820126,138
2018,179,10,N. Fork Kusko,1679.2748824135979,85.37855586733455,5.022267992196153,168
2018,182,11,N. Fork Kusko,1839.945449575168,93.54745134615217,5.502791255656013,196
2018,185,12,N. Fork Kusko,1879.7496778800144,95.57119836081421,5.621835197694957,208
2018,188,13,N. Fork Kusko,1959.7729948848173,99.63978493537434,5.861163819727905,227
2018,191,14,N. Fork Kusko,1966.857913388625,100,5.882352941176474,233
2018,194,15,N. Fork Kusko,1966.857913388625,100,5.882352941176474,236
2018,197,16,N. Fork Kusko,1966.857913388625,100,5.882352941176474,239
2018,198,17,N. Fork Kusko,1966.857913388625,100,5.882352941176474,240
2018,152,1,Oskakawlik,29.966107997954996,0.5228592857654593,0.030756428574438787,2
2018,155,2,Oskakawlik,63.72868116628756,1.111960642992201,0.06540944958777656,5
2018,158,3,Oskakawlik,63.72868116628756,1.111960642992201,0.06540944958777656,10
2018,161,4,Oskakawlik,166.82505471010901,2.9108227521393135,0.17122486777290086,16
2018,164,5,Oskakawlik,550.1382426640994,9.59900727352534,0.5646474866779614,37
2018,167,6,Oskakawlik,804.0622026676948,14.029562632108359,0.8252683901240213,65
2018,170,7,Oskakawlik,1040.8712435396671,18.161490808485905,1.0683229887344654,77
2018,173,8,Oskakawlik,1287.8599548258346,22.471037486487262,1.321825734499251,92
2018,176,9,Oskakawlik,2752.0016733854427,48.01790173985416,2.8245824552855403,138
2018,179,10,Oskakawlik,3683.2271002602884,64.26625343156016,3.780367848915305,168
2018,182,11,Oskakawlik,4450.844859876553,77.65992048906499,4.568230617003825,196
2018,185,12,Oskakawlik,4691.527425026189,81.85943529155205,4.815260899503063,208
2018,188,13,Oskakawlik,5193.646652452432,90.62058974774989,5.330622926338231,227
2018,191,14,Oskakawlik,5431.705678507172,94.77432810915126,5.5749604770089,233
2018,194,15,Oskakawlik,5522.386319552166,96.35655611195948,5.668032712468206,236
2018,197,16,Oskakawlik,5641.752869506378,98.43930603255663,5.790547413679803,239
2018,198,17,Oskakawlik,5731.199352056071,100,5.882352941176473,240
2018,152,1,S. Fork Kusko,0,0,0,2
2018,155,2,S. Fork Kusko,39.72797231295678,0.6846583422154904,0.04027402013032297,5
2018,158,3,S. Fork Kusko,293.70868582164724,5.061675444818921,0.2977456144011131,10
2018,161,4,S. Fork Kusko,576.9848836964497,9.943560946003082,0.5849153497648872,16
2018,164,5,S. Fork Kusko,1321.119499734901,22.767723442609704,1.3392778495652766,37
2018,167,6,S. Fork Kusko,2331.8243391686283,40.18586636681291,2.3638744921654653,65
2018,170,7,S. Fork Kusko,2737.598782749581,47.17884490765179,2.7752261710383412,77
2018,173,8,S. Fork Kusko,3125.5509349231556,53.86468014922199,3.1685105970130585,92
2018,176,9,S. Fork Kusko,4070.9864955034564,70.1579945544823,4.1269408561460175,138
2018,179,10,S. Fork Kusko,4572.921424969041,78.80817015370054,4.635774714923562,168
2018,182,11,S. Fork Kusko,5090.3763042308,87.72581128111163,5.16034184006539,196
2018,185,12,S. Fork Kusko,5558.574532783498,95.79458006860332,5.634975298153137,208
2018,188,13,S. Fork Kusko,5653.3622030594715,97.42811849040822,5.731065793553425,227
2018,191,14,S. Fork Kusko,5733.601155189498,98.81092925944753,5.812407603496913,233
2018,194,15,S. Fork Kusko,5733.601155189498,98.81092925944753,5.812407603496913,236
2018,197,16,S. Fork Kusko,5802.59815200685,100,5.882352941176471,239
2018,198,17,S. Fork Kusko,5802.59815200685,100,5.882352941176471,240
2018,152,1,Stony,111.02293105776846,0.2349474428131596,0.013820437812538802,2
2018,155,2,Stony,345.7060747074432,0.7315854251337169,0.04303443677257159,5
2018,158,3,Stony,1350.1806248119335,2.857260947023442,0.16807417335432015,10
2018,161,4,Stony,2106.3118929004604,4.457390813672648,0.26219945962780283,16
2018,164,5,Stony,6271.208256796726,13.271171362936796,0.7806571389962822,37
2018,167,6,Stony,12303.562860883974,26.036879085380487,1.531581122669441,65
2018,170,7,Stony,15084.425719848165,31.92175900435658,1.8777505296680344,77
2018,173,8,Stony,17688.64411965786,37.43282277949598,2.2019307517350577,92
2018,176,9,Stony,27341.924733851847,57.8611574798527,3.403597498814866,138
2018,179,10,Stony,32770.388732452746,69.34890800781301,4.079347529871354,168
2018,182,11,Stony,38307.574294042955,81.06673580863595,4.768631518155058,196
2018,185,12,Stony,42108.8681610585,89.11105840872963,5.24182696521939,208
2018,188,13,Stony,44564.188299670015,94.30702272311316,5.5474719248890105,227
2018,191,14,Stony,46012.15831766393,97.37122621473942,5.72771918910232,233
2018,194,15,Stony,46410.17093182734,98.21350307605212,5.777264886826597,236
2018,197,16,Stony,47029.403776579355,99.52392761622845,5.854348683307556,239
2018,198,17,Stony,47254.3687764496,100,5.882352941176471,240
2018,152,1,Swift,0,0,0,2
2018,155,2,Swift,170.3723957898561,0.6223076924302925,0.03660633484884074,5
2018,158,3,Swift,1611.3101426301723,5.885523250412671,0.34620725002427477,10
2018,161,4,Swift,3233.1391311894254,11.80946797577619,0.6946745868103642,16
2018,164,5,Swift,7338.435816453448,26.804606684158973,1.5767415696564102,37
2018,167,6,Swift,12455.77638138887,45.49636941708932,2.676257024534666,65
2018,170,7,Swift,14239.22935899882,52.01066712305879,3.0594510072387524,77
2018,173,8,Swift,15937.011920263294,58.21204231092706,3.4242377829957094,92
2018,176,9,Swift,20318.33582260888,74.21540691009237,4.365612171181905,138
2018,179,10,Swift,22303.279483033788,81.46567596451574,4.792098586147985,168
2018,182,11,Swift,24588.356712948975,89.81222254784548,5.283071914579145,196
2018,185,12,Swift,26520.12564581676,96.8682638821721,5.698133169539535,208
2018,188,13,Swift,26822.896408978417,97.97417410950077,5.7631867123235745,227
2018,191,14,Swift,27210.919376660408,99.39147928096746,5.846557604762792,233
2018,194,15,Swift,27210.919376660408,99.39147928096746,5.846557604762792,236
2018,197,16,Swift,27377.517241431222,100,5.88235294117647,239
2018,198,17,Swift,27377.517241431222,100,5.88235294117647,240
2018,152,1,Takotna and Nixon Fork,0,0,0,2
2018,155,2,Takotna and Nixon Fork,151.578397425899,0.6927420203925678,0.04074953061132752,5
2018,158,3,Takotna and Nixon Fork,488.29547148513933,2.231602901267781,0.13127075889810474,10
2018,161,4,Takotna and Nixon Fork,662.3240847459512,3.026946665311383,0.17805568619478723,16
2018,164,5,Takotna and Nixon Fork,1694.6824731057943,7.745020268584744,0.45558942756380855,37
2018,167,6,Takotna and Nixon Fork,4646.985906885855,21.237606812973624,1.2492709889984486,65
2018,170,7,Takotna and Nixon Fork,6508.25890102445,29.743977353617616,1.7496457266833891,77
2018,173,8,Takotna and Nixon Fork,7888.910558656112,36.0538172451079,2.120812779123994,92
2018,176,9,Takotna and Nixon Fork,12482.977998004188,57.049576626384535,3.355857448610855,138
2018,179,10,Takotna and Nixon Fork,14950.722641521435,68.32763761128702,4.019272800663942,168
2018,182,11,Takotna and Nixon Fork,17516.766497267163,80.05494463677681,4.7091143903986366,196
2018,185,12,Takotna and Nixon Fork,20155.76415695705,92.11566438068718,5.418568492981598,208
2018,188,13,Takotna and Nixon Fork,20792.683119852452,95.02650482151051,5.5897944012653245,227
2018,191,14,Takotna and Nixon Fork,21242.839954657877,97.0838069208356,5.710812171813859,233
2018,194,15,Takotna and Nixon Fork,21242.839954657877,97.0838069208356,5.710812171813859,236
2018,197,16,Takotna and Nixon Fork,21880.93012460851,100,5.88235294117647,239
2018,198,17,Takotna and Nixon Fork,21880.93012460851,100,5.88235294117647,240
2018,152,1,Tatlawiksuk,0,0,0,2
2018,155,2,Tatlawiksuk,62.533745667818266,0.5635215978079808,0.0331483292828224,5
2018,158,3,Tatlawiksuk,780.10664180912,7.029915393012007,0.4135244348830592,10
2018,161,4,Tatlawiksuk,1542.7202437204487,13.902192607014449,0.8177760357067323,16
2018,164,5,Tatlawiksuk,3417.820873012292,30.79962440779459,1.8117426122232112,37
2018,167,6,Tatlawiksuk,5520.755259767749,49.75017555508726,2.9264809150051327,65
2018,170,7,Tatlawiksuk,6226.1858814082725,56.10714948659003,3.3004205580347077,77
2018,173,8,Tatlawiksuk,6948.170876138526,62.613302819943904,3.6831354599967003,92
2018,176,9,Tatlawiksuk,8581.738929422841,77.33416864501143,4.5490687438242015,138
2018,179,10,Tatlawiksuk,9336.989675118872,84.14009562755778,4.9494173898563405,168
2018,182,11,Tatlawiksuk,10192.560929852785,91.85005886992205,5.402944639407179,196
2018,185,12,Tatlawiksuk,10860.313026464835,97.86749352706434,5.756911383944961,208
2018,188,13,Tatlawiksuk,10949.885459731957,98.67467371713911,5.804392571596419,227
2018,191,14,Tatlawiksuk,11081.283129827701,99.85876119198721,5.874044775999248,233
2018,194,15,Tatlawiksuk,11081.283129827701,99.85876119198721,5.874044775999248,236
2018,197,16,Tatlawiksuk,11096.956338686161,100,5.88235294117647,239
2018,198,17,Tatlawiksuk,11096.956338686161,100,5.88235294117647,240
2018,152,1,Tuluksak,113.79102894521094,0.5160919972065307,0.030358352776854735,2
2018,155,2,Tuluksak,245.41603350569633,1.1130688601070975,0.06547463882982923,5
2018,158,3,Tuluksak,248.42160526582575,1.1267004402660183,0.06627649648623636,10
2018,161,4,Tuluksak,649.3329567748217,2.945008456468865,0.17323579155699198,16
2018,164,5,Tuluksak,2232.3639682731814,10.124745241847911,0.5955732495204652,37
2018,167,6,Tuluksak,3247.8145971663293,14.730257187630775,0.866485716919457,65
2018,170,7,Tuluksak,3971.1145809138525,18.010738405279707,1.0594552003105706,77
2018,173,8,Tuluksak,4942.160550270257,22.414855833076196,1.3185209313574227,92
2018,176,9,Tuluksak,10153.121087116979,46.04883696282346,2.7087551154602023,138
2018,179,10,Tuluksak,13965.722054107457,63.3406469222278,3.7259204071898693,168
2018,182,11,Tuluksak,17088.362761493663,77.503185869031,4.55901093347241,196
2018,185,12,Tuluksak,17991.20983565682,81.59799153162227,4.799881854801309,208
2018,188,13,Tuluksak,19994.53009490784,90.68392355302068,5.3343484442953315,227
2018,191,14,Tuluksak,20819.282739146955,94.42453688003151,5.554384522354792,233
2018,194,15,Tuluksak,21220.499187436726,96.24422864333982,5.6614252143141055,236
2018,197,16,Tuluksak,21640.386660693992,98.1486016566086,5.773447156271092,239
2018,198,17,Tuluksak,22048.59396408618,100,5.882352941176468,240
2018,152,1,Upper Kusko Main,0,0,0,2
2018,155,2,Upper Kusko Main,248.8221964667523,0.9327212214881286,0.05486595420518401,5
2018,158,3,Upper Kusko Main,1287.6712237351162,4.8268936362267585,0.28393491977804447,10
2018,161,4,Upper Kusko Main,2473.7786237501446,9.273070700281213,0.5454747470753653,16
2018,164,5,Upper Kusko Main,5394.6275530463345,20.222004596857683,1.1895296821680987,37
2018,167,6,Upper Kusko Main,9303.129859942122,34.873201707257465,2.0513648063092615,65
2018,170,7,Upper Kusko Main,11401.30348714701,42.73830014401295,2.5140176555301723,77
2018,173,8,Upper Kusko Main,12995.401225419235,48.713847385078346,2.865520434416372,92
2018,176,9,Upper Kusko Main,18305.630167194486,68.6194799825144,4.036439998971434,138
2018,179,10,Upper Kusko Main,20360.82155975139,76.32345757485795,4.489615151462231,168
2018,182,11,Upper Kusko Main,23051.20778268627,86.40849162633558,5.082852448607973,196
2018,185,12,Upper Kusko Main,25294.567087788873,94.81782512231914,5.577519124842299,208
2018,188,13,Upper Kusko Main,25992.72648747456,97.43490710823136,5.731465124013607,227
2018,191,14,Upper Kusko Main,26410.69016109384,99.00166278249024,5.823627222499423,233
2018,194,15,Upper Kusko Main,26410.69016109384,99.00166278249024,5.823627222499423,236
2018,197,16,Upper Kusko Main,26677.016747808524,100,5.8823529411764675,239
2018,198,17,Upper Kusko Main,26677.016747808524,100,5.8823529411764675,240
2019,152,1,Aniak,0,0,0,2
2019,155,2,Aniak,273.1443234382561,0.7891174264501546,0.06575978553751288,7
2019,158,3,Aniak,576.0722347031391,1.6642800171576317,0.13869000142980262,18
2019,161,4,Aniak,3759.054868908554,10.859957354041729,0.9049964461701439,58
2019,164,5,Aniak,4995.096550209075,14.430897501196108,1.2025747917663419,77
2019,167,6,Aniak,5899.489944741426,17.043701527318266,1.420308460609855,101
2019,170,7,Aniak,10056.96841906312,29.05470974774082,2.4212258123117345,127
2019,173,8,Aniak,19312.14201783393,55.7930240560093,4.649418671334107,152
2019,176,9,Aniak,23484.087400315322,67.84582735821122,5.6538189465176005,171
2019,179,10,Aniak,29084.723760998582,84.02613707797214,7.00217808983101,196
2019,182,11,Aniak,34126.76782371099,98.59266654024482,8.2160555450204,225
2019,185,12,Aniak,34613.900831844,100,8.333333333333332,229
2019,152,1,Big River,104.0822294709202,0.33615972839867303,0.028013310699889417,2
2019,155,2,Big River,1547.3749794492867,4.997636536676079,0.41646971138967315,7
2019,158,3,Big River,4838.646036793488,15.627623906732923,1.3023019922277437,18
2019,161,4,Big River,10670.382940883832,34.462684452003515,2.8718903710002923,58
2019,164,5,Big River,13848.128038300752,44.72601119181304,3.727167599317753,77
2019,167,6,Big River,17938.3526400348,57.93641990613294,4.828034992177745,101
2019,170,7,Big River,21593.186573735853,69.74062499225154,5.811718749354296,127
2019,173,8,Big River,26013.61925494198,84.01752372004098,7.001460310003416,152
2019,176,9,Big River,27261.726236096776,88.04859901435631,7.337383251196358,171
2019,179,10,Big River,29581.746839377265,95.54168885152195,7.961807404293496,196
2019,182,11,Big River,30962.13516316342,100,8.333333333333332,225
2019,185,12,Big River,30962.13516316342,100,8.333333333333332,229
2019,152,1,E. Fork Kuskokwim,0,0,0,2
2019,155,2,E. Fork Kuskokwim,3.6135069993487967,0.41218766570900134,0.034348972142416785,7
2019,158,3,E. Fork Kuskokwim,10.835087444239015,1.2359431992794367,0.10299526660661971,18
2019,161,4,E. Fork Kuskokwim,180.61958559432148,20.60302232176866,1.7169185268140548,58
2019,164,5,E. Fork Kuskokwim,408.48240649765205,46.59501410895439,3.8829178424128656,77
2019,167,6,E. Fork Kuskokwim,643.9758219000005,73.45741708811758,6.121451424009799,101
2019,170,7,E. Fork Kuskokwim,719.2416374072405,82.04288289936537,6.836906908280447,127
2019,173,8,E. Fork Kuskokwim,783.2583196652354,89.34517588817458,7.445431324014548,152
2019,176,9,E. Fork Kuskokwim,784.066535809538,89.43736796804835,7.453113997337363,171
2019,179,10,E. Fork Kuskokwim,841.9940473767591,96.04507781267492,8.003756484389578,196
2019,182,11,E. Fork Kuskokwim,876.6654851578895,100,8.333333333333334,225
2019,185,12,E. Fork Kuskokwim,876.6654851578895,100,8.333333333333334,229
2019,152,1,George,175.35165093313856,1.1058413997893548,0.09215344998244622,2
2019,155,2,George,175.35165093313856,1.1058413997893548,0.09215344998244622,7
2019,158,3,George,324.92551996724654,2.0491172447807227,0.17075977039839352,18
2019,161,4,George,1064.4916705472995,6.713133025881714,0.5594277521568093,58
2019,164,5,George,2472.6239275099388,15.593408391648625,1.2994506993040518,77
2019,167,6,George,3462.2093450189277,21.83415102216163,1.8195125851801355,101
2019,170,7,George,4967.099242111567,31.324620837950985,2.610385069829248,127
2019,173,8,George,7827.476411403358,49.36336456224728,4.113613713520605,152
2019,176,9,George,11948.503322815859,75.35229676810178,6.27935806400848,171
2019,179,10,George,14386.274112249122,90.72590658475748,7.560492215396454,196
2019,182,11,George,15856.85352045422,100,8.33333333333333,225
2019,185,12,George,15856.85352045422,100,8.33333333333333,229
2019,152,1,Hoholitna,386.70385000591546,0.7943575397125355,0.0661964616427113,2
2019,155,2,Hoholitna,875.4990175432465,1.7984285534932138,0.1498690461244345,7
2019,158,3,Hoholitna,2892.991445398479,5.94271188906186,0.495225990755155,18
2019,161,4,Hoholitna,7449.65946425466,15.302907285849399,1.2752422738207834,58
2019,164,5,Hoholitna,11594.36536377494,23.816860227162493,1.9847383522635411,77
2019,167,6,Hoholitna,14920.120855093497,30.64854537777284,2.554045448147737,101
2019,170,7,Hoholitna,19913.519656341967,40.905862408628835,3.4088218673857362,127
2019,173,8,Hoholitna,27810.606652708906,57.12786432879058,4.760655360732549,152
2019,176,9,Hoholitna,37671.87805920818,77.38464556534798,6.448720463778999,171
2019,179,10,Hoholitna,44983.92722446378,92.404877158803,7.70040642990025,196
2019,182,11,Hoholitna,48681.33437064839,100,8.333333333333334,225
2019,185,12,Hoholitna,48681.33437064839,100,8.333333333333334,229
2019,152,1,Holitna,324.4736327699637,0.6554162179955918,0.05461801816629932,2
2019,155,2,Holitna,490.2438837150399,0.9902616413450712,0.08252180344542262,7
2019,158,3,Holitna,1381.0664398468837,2.7896668677753724,0.23247223898128105,18
2019,161,4,Holitna,4925.642653059081,9.949486654142092,0.8291238878451744,58
2019,164,5,Holitna,8706.836887199133,17.587259878704153,1.465604989892013,77
2019,167,6,Holitna,11516.339669983994,23.26227782275511,1.9385231518962593,101
2019,170,7,Holitna,16387.19136158351,33.10109019981156,2.7584241833176297,127
2019,173,8,Holitna,25978.707794044745,52.47534681148236,4.37294556762353,152
2019,176,9,Holitna,36587.5760448491,73.90458975734971,6.158715813112477,171
2019,179,10,Holitna,44559.2198672397,90.00680613985395,7.500567178321163,196
2019,182,11,Holitna,49414.38292465081,99.8139284680226,8.317827372335216,225
2019,185,12,Holitna,49506.500428426385,100,8.333333333333334,229
2019,152,1,Holokuk,0,0,0,2
2019,155,2,Holokuk,100.83586979052585,1.8180443721544828,0.1515036976795402,7
2019,158,3,Holokuk,171.1083553447308,3.0850389163036245,0.2570865763586353,18
2019,161,4,Holokuk,659.824414439495,11.896461703299153,0.9913718086082626,58
2019,164,5,Holokuk,962.8248018990236,17.359479479867996,1.4466232899889993,77
2019,167,6,Holokuk,1063.490465247938,19.17445507437501,1.5978712561979171,101
2019,170,7,Holokuk,1529.8458571381395,27.58272087712153,2.2985600730934603,127
2019,173,8,Holokuk,3278.4668736402396,59.109900686120284,4.925825057176689,152
2019,176,9,Holokuk,4057.543507727922,73.15644873516828,6.0963707279306885,171
2019,179,10,Holokuk,4776.826011224986,86.12492424084483,7.177077020070401,196
2019,182,11,Holokuk,5535.817227245918,99.8093374528107,8.317444787734223,225
2019,185,12,Holokuk,5546.392119738518,100,8.333333333333332,229
2019,152,1,Kisaralik,0,0,0,2
2019,155,2,Kisaralik,508.29522153640795,1.9285570731480524,0.1607130894290044,7
2019,158,3,Kisaralik,1061.455617804273,4.027340122068292,0.3356116768390244,18
2019,161,4,Kisaralik,4357.252547962655,16.532144833991616,1.3776787361659684,58
2019,164,5,Kisaralik,5535.658492989584,21.003214055244598,1.7502678379370504,77
2019,167,6,Kisaralik,6437.501900777107,24.42495876042474,2.0354132300353953,101
2019,170,7,Kisaralik,9995.706518939025,37.92538212329263,3.1604485102743864,127
2019,173,8,Kisaralik,17166.363191610322,65.13205269437525,5.427671057864605,152
2019,176,9,Kisaralik,19803.655273796812,75.13837989077167,6.261531657564308,171
2019,179,10,Kisaralik,23238.586339951467,88.17108278218386,7.347590231848657,196
2019,182,11,Kisaralik,26137.08286765541,99.1684633263134,8.264038610526118,225
2019,185,12,Kisaralik,26356.244708210765,100,8.333333333333336,229
2019,152,1,Kwethluk,0,0,0,2
2019,155,2,Kwethluk,176.70883278841455,0.9504616512482076,0.07920513760401732,7
2019,158,3,Kwethluk,309.81444165552216,1.666395171932543,0.13886626432771196,18
2019,161,4,Kwethluk,2822.2192370171115,15.179836309662987,1.2649863591385824,58
2019,164,5,Kwethluk,3362.28371270602,18.084674541254948,1.507056211771246,77
2019,167,6,Kwethluk,3923.8320131841647,21.105067560132238,1.75875563001102,101
2019,170,7,Kwethluk,6659.078811793253,35.81710627236922,2.9847588560307696,127
2019,173,8,Kwethluk,11509.869902605058,61.90799735733007,5.158999779777507,152
2019,176,9,Kwethluk,13838.673502659234,74.43390497729926,6.20282541477494,171
2019,179,10,Kwethluk,16039.959061934973,86.27393286115287,7.189494405096074,196
2019,182,11,Kwethluk,17938.433218310194,96.48523273251246,8.040436061042707,225
2019,185,12,Kwethluk,18591.89506029508,100,8.333333333333336,229
2019,152,1,Lower Kusko,11.872455894058062,1.1089009345674699,0.09240841121395582,2
2019,155,2,Lower Kusko,29.55474301712417,2.760446738656052,0.23003722822133765,7
2019,158,3,Lower Kusko,67.97210173173508,6.3486719013679025,0.5290559917806587,18
2019,161,4,Lower Kusko,174.6204269328421,16.309747229072517,1.35914560242271,58
2019,164,5,Lower Kusko,225.5408843595435,21.065776085522707,1.7554813404602256,77
2019,167,6,Lower Kusko,287.17902729822225,26.82284900452275,2.235237417043563,101
2019,170,7,Lower Kusko,420.6210352034107,39.28648488551022,3.273873740459185,127
2019,173,8,Lower Kusko,625.294824166444,58.403250438302315,4.866937536525193,152
2019,176,9,Lower Kusko,803.7391632394156,75.07015542679137,6.255846285565949,171
2019,179,10,Lower Kusko,950.6644454448241,88.79314452045547,7.399428710037956,196
2019,182,11,Lower Kusko,1068.3725673502881,99.7872174866458,8.315601457220485,225
2019,185,12,Lower Kusko,1070.6507248719156,100,8.333333333333334,229
2019,152,1,Middle Kusko Main,102.09563098939245,0.3121491762815047,0.026012431356792053,2
2019,155,2,Middle Kusko Main,815.4814004194687,2.49326876132704,0.20777239677725332,7
2019,158,3,Middle Kusko Main,1845.0410160385638,5.641064439102846,0.4700887032585704,18
2019,161,4,Middle Kusko Main,5342.435025307775,16.3340651928636,1.3611720994052998,58
2019,164,5,Middle Kusko Main,7441.969253818018,22.753222150445737,1.896101845870478,77
2019,167,6,Middle Kusko Main,8974.916205456972,27.440084101346056,2.286673675112171,101
2019,170,7,Middle Kusko Main,12622.46590450986,38.59217379383746,3.216014482819788,127
2019,173,8,Middle Kusko Main,20847.801668325454,63.740476012378046,5.311706334364836,152
2019,176,9,Middle Kusko Main,25109.036410214136,76.76885834110749,6.397404861758956,171
2019,179,10,Middle Kusko Main,29207.797308803045,89.3004899679525,7.441707497329373,196
2019,182,11,Middle Kusko Main,32611.94749988487,99.70840525078299,8.30903377089858,225
2019,185,12,Middle Kusko Main,32707.32032857258,100,8.333333333333332,229
2019,152,1,N. Fork Kusko,0,0,0,2
2019,155,2,N. Fork Kusko,41.992652537340454,3.030192870348792,0.252516072529066,7
2019,158,3,N. Fork Kusko,123.87403316683316,8.938759269605804,0.7448966058004836,18
2019,161,4,N. Fork Kusko,360.9169722100426,26.04379504262697,2.1703162535522473,58
2019,164,5,N. Fork Kusko,657.6557180923792,47.45648459181272,3.9547070493177268,77
2019,167,6,N. Fork Kusko,909.4331639366492,65.62476345044219,5.468730287536849,101
2019,170,7,N. Fork Kusko,1011.1870861786381,72.96733390210693,6.08061115850891,127
2019,173,8,N. Fork Kusko,1168.2723060660744,84.30261482814076,7.025217902345064,152
2019,176,9,N. Fork Kusko,1177.4838608893535,84.96732129614745,7.080610108012288,171
2019,179,10,N. Fork Kusko,1328.7879947069996,95.8854386296701,7.990453219139175,196
2019,182,11,N. Fork Kusko,1385.8079117091602,100,8.333333333333332,225
2019,185,12,N. Fork Kusko,1385.8079117091602,100,8.333333333333332,229
2019,152,1,Oskakawlik,8.610564801637333,0.13216676012979145,0.01101389667748262,2
2019,155,2,Oskakawlik,64.78465385314014,0.9944037357771669,0.08286697798143056,7
2019,158,3,Oskakawlik,161.85957288477059,2.484442755730044,0.20703689631083694,18
2019,161,4,Oskakawlik,722.938762038903,11.096655812027006,0.9247213176689171,58
2019,164,5,Oskakawlik,1117.5206242570805,17.15323950157077,1.4294366251308972,77
2019,167,6,Oskakawlik,1355.5882531230186,20.80742803900673,1.7339523365838938,101
2019,170,7,Oskakawlik,1985.3589616549216,30.474012762401117,2.5395010635334256,127
2019,173,8,Oskakawlik,3620.7449365242246,55.5761600476844,4.631346670640365,152
2019,176,9,Oskakawlik,4644.8102120083495,71.29491865878296,5.941243221565247,171
2019,179,10,Oskakawlik,5675.658170598463,87.11778719434726,7.259815599528937,196
2019,182,11,Oskakawlik,6498.9173342655095,99.75429814521371,8.312858178767806,225
2019,185,12,Oskakawlik,6514.924624906835,100,8.333333333333332,229
2019,152,1,S. Fork Kusko,56.16204860625987,0.8597374700322503,0.0716447891693542,2
2019,155,2,S. Fork Kusko,258.66998709258837,3.9597608312932726,0.3299800692744394,7
2019,158,3,S. Fork Kusko,743.5032526891894,11.381664688002582,0.9484720573335486,18
2019,161,4,S. Fork Kusko,1735.9023037610418,26.573465389799306,2.214455449149942,58
2019,164,5,S. Fork Kusko,2313.5744318711895,35.41656115027354,2.9513800958561283,77
2019,167,6,S. Fork Kusko,3091.1482557981303,47.31978349946216,3.943315291621847,101
2019,170,7,S. Fork Kusko,3853.0063045135635,58.98242629083119,4.915202190902599,127
2019,173,8,S. Fork Kusko,4871.426556579374,74.57256362857557,6.214380302381297,152
2019,176,9,S. Fork Kusko,5537.906642301689,84.77514556683332,7.0645954639027755,171
2019,179,10,S. Fork Kusko,6131.950716607142,93.8688656537123,7.822405471142692,196
2019,182,11,S. Fork Kusko,6532.464916778971,100,8.333333333333334,225
2019,185,12,S. Fork Kusko,6532.464916778971,100,8.333333333333334,229
2019,152,1,Stony,345.7706731108652,0.6505392680794405,0.0542116056732867,2
2019,155,2,Stony,1323.8946074793296,2.4907995267943916,0.20756662723286595,7
2019,158,3,Stony,4001.8444959525996,7.529143423132423,0.6274286185943685,18
2019,161,4,Stony,10102.785266427429,19.007564966847774,1.5839637472373145,58
2019,164,5,Stony,13829.804210662562,26.01964657078281,2.1683038808985673,77
2019,167,6,Stony,17657.72207288535,33.22156124432769,2.768463437027307,101
2019,170,7,Stony,24124.85242073714,45.38893855604349,3.782411546336957,127
2019,173,8,Stony,33600.37579454185,63.21636152631981,5.268030127193317,152
2019,176,9,Stony,41325.318759875176,77.75021050029589,6.4791842083579905,171
2019,179,10,Stony,48561.18109956916,91.36389424055581,7.61365785337965,196
2019,182,11,Stony,52975.24808265912,99.66860058999299,8.305716715832748,225
2019,185,12,Stony,53151.39148043581,100,8.333333333333332,229
2019,152,1,Swift,175.90319933471457,0.5817509556782747,0.04847924630652288,2
2019,155,2,Swift,1332.4488684465248,4.406704400732435,0.36722536672770284,7
2019,158,3,Swift,3978.6010529892346,13.158117496401323,1.0965097913667767,18
2019,161,4,Swift,9174.171860460123,30.341024310898568,2.52841869257488,58
2019,164,5,Swift,12082.993941440049,39.961145104086334,3.330095425340527,77
2019,167,6,Swift,15998.494575120507,52.91057549658381,4.409214624715317,101
2019,170,7,Swift,19503.331857731984,64.5018509615417,5.375154246795141,127
2019,173,8,Swift,23987.01359411646,79.33038247753517,6.610865206461263,152
2019,176,9,Swift,26126.820868841674,86.40720047599581,7.200600039666316,171
2019,179,10,Swift,28601.99809102637,94.59316139043649,7.88276344920304,196
2019,182,11,Swift,30236.85610101416,100,8.333333333333332,225
2019,185,12,Swift,30236.85610101416,100,8.333333333333332,229
2019,152,1,Takotna and Nixon Fork,387.72532124482615,1.4860502131539264,0.12383751776282718,2
2019,155,2,Takotna and Nixon Fork,758.0471743152897,2.905397463738641,0.24211645531155343,7
2019,158,3,Takotna and Nixon Fork,1795.2804641718303,6.880842623040907,0.5734035519200756,18
2019,161,4,Takotna and Nixon Fork,4035.649892564221,15.46759536830149,1.2889662806917908,58
2019,164,5,Takotna and Nixon Fork,5980.0081338854225,22.919814299183404,1.9099845249319503,77
2019,167,6,Takotna and Nixon Fork,7957.092339587646,30.497463331426626,2.5414552776188857,101
2019,170,7,Takotna and Nixon Fork,11140.572838149026,42.698915272377555,3.558242939364796,127
2019,173,8,Takotna and Nixon Fork,15332.112834882219,58.763996824416346,4.896999735368028,152
2019,176,9,Takotna and Nixon Fork,20898.825872587397,80.09975862013606,6.674979885011338,171
2019,179,10,Takotna and Nixon Fork,24067.339423748377,92.24384614830318,7.686987179025265,196
2019,182,11,Takotna and Nixon Fork,26090.997317105142,100,8.333333333333332,225
2019,185,12,Takotna and Nixon Fork,26090.997317105142,100,8.333333333333332,229
2019,152,1,Tatlawiksuk,38.4505354710874,0.3193219723554253,0.026610164362952108,2
2019,155,2,Tatlawiksuk,527.9484692783354,4.384478511066573,0.3653732092555478,7
2019,158,3,Tatlawiksuk,1698.2935874990221,14.103898719604027,1.1753248933003355,18
2019,161,4,Tatlawiksuk,3973.1565471902486,32.996060251999964,2.749671687666664,58
2019,164,5,Tatlawiksuk,5158.857886793308,42.84300999529339,3.570250832941116,77
2019,167,6,Tatlawiksuk,6864.766173238417,57.01014686377016,4.750845571980847,101
2019,170,7,Tatlawiksuk,8218.697787423489,68.25420648944267,5.687850540786888,127
2019,173,8,Tatlawiksuk,10056.62094940154,83.51769351062754,6.9598077925522945,152
2019,176,9,Tatlawiksuk,10542.203674646831,87.5503352324481,7.2958612693706755,171
2019,179,10,Tatlawiksuk,11415.734265050693,94.8047858564272,7.900398821368933,196
2019,182,11,Tatlawiksuk,12041.305891813028,100,8.333333333333332,225
2019,185,12,Tatlawiksuk,12041.305891813028,100,8.333333333333332,229
2019,152,1,Tuluksak,4.530237780357287,0.018094874553351566,0.001507906212779297,2
2019,155,2,Tuluksak,212.7258444045169,0.84967890326762,0.07080657527230168,7
2019,158,3,Tuluksak,598.1756406731919,2.3892593951212993,0.19910494959344163,18
2019,161,4,Tuluksak,2825.973417749014,11.287627043991863,0.9406355869993219,58
2019,164,5,Tuluksak,4398.1258623426365,17.56718733264033,1.4639322777200277,77
2019,167,6,Tuluksak,5288.239321520215,21.12251757422377,1.7602097978519808,101
2019,170,7,Tuluksak,7546.825432877634,30.143861339038562,2.5119884449198806,127
2019,173,8,Tuluksak,14033.498722270682,56.0532164614283,4.671101371785691,152
2019,176,9,Tuluksak,17878.97568134714,71.41298929145499,5.9510824409545835,171
2019,179,10,Tuluksak,21854.548038253746,87.29239486877633,7.274366239064693,196
2019,182,11,Tuluksak,24970.3689232785,99.73774338661708,8.311478615551424,225
2019,185,12,Tuluksak,25036.027561286344,100,8.333333333333334,229
2019,152,1,Upper Kusko Main,240.5545451619354,0.7485774606116666,0.06238145505097222,2
2019,155,2,Upper Kusko Main,1027.0449322955092,3.1960430713720283,0.2663369226143357,7
2019,158,3,Upper Kusko Main,3003.807644280169,9.34749620718025,0.7789580172650208,18
2019,161,4,Upper Kusko Main,7294.160899793553,22.69857108700509,1.8915475905837575,58
2019,164,5,Upper Kusko Main,10324.269671320206,32.127913309741366,2.677326109145114,77
2019,167,6,Upper Kusko Main,13710.038357483625,42.66402736903109,3.5553356140859242,101
2019,170,7,Upper Kusko Main,17101.33749437216,53.21735154071781,4.434779295059817,127
2019,173,8,Upper Kusko Main,22412.43480257057,69.74486189541193,5.812071824617661,152
2019,176,9,Upper Kusko Main,26629.151378090563,82.86678808515394,6.905565673762829,171
2019,179,10,Upper Kusko Main,29904.050416947935,93.05788883786323,7.754824069821936,196
2019,182,11,Upper Kusko Main,32134.890217690634,100,8.333333333333334,225
2019,185,12,Upper Kusko Main,32134.890217690634,100,8.333333333333334,229
2020,153,1,Aniak,50.51525489746057,0.16446612572745253,0.009674477983967799,1
2020,156,2,Aniak,50.51525489746057,0.16446612572745253,0.009674477983967799,2
2020,159,3,Aniak,698.4947597508925,2.274139311191164,0.1337729006583038,15
2020,162,4,Aniak,4144.704559548971,13.494210859226891,0.793777109366288,36
2020,165,5,Aniak,5287.410742234577,17.214601048142992,1.012623591067235,48
2020,168,6,Aniak,7316.599811457647,23.821176928261746,1.401245701662456,62
2020,171,7,Aniak,8189.551590446693,26.66330842554205,1.5684299073848267,78
2020,174,8,Aniak,12048.07373219897,39.2257747335066,2.307398513735683,91
2020,177,9,Aniak,13667.685658156553,44.49886103555378,2.6175800609149293,117
2020,180,10,Aniak,17530.869337725926,57.07650424535255,3.35744142619721,134
2020,183,11,Aniak,19718.354492840856,64.19845600583261,3.7763797650489783,148
2020,186,12,Aniak,21621.99154752934,70.3962632189478,4.140956659938107,177
2020,189,13,Aniak,23738.041206040838,77.28563732759514,4.5462139604467735,192
2020,192,14,Aniak,25549.805206584264,83.18432687210392,4.893195698359056,203
2020,195,15,Aniak,27376.581135007702,89.13189182312384,5.2430524601837565,226
2020,198,16,Aniak,29538.95575750142,96.17208942788308,5.6571817310519465,240
2020,201,17,Aniak,30714.686488798714,100,5.882352941176472,245
2020,153,1,Big River,0,0,0,1
2020,156,2,Big River,353.30299676192715,0.8902009282150727,0.05236476048323958,2
2020,159,3,Big River,3584.8617873677676,9.032607478243243,0.5313298516613673,15
2020,162,4,Big River,7158.6094427916805,18.037211201456376,1.061012423615081,36
2020,165,5,Big River,8475.959792746404,21.356476860287945,1.2562633447228204,48
2020,168,6,Big River,12485.057589868487,31.458011840213356,1.850471284718433,62
2020,171,7,Big River,16622.629207177753,41.88325625660028,2.463720956270605,78
2020,174,8,Big River,20282.195703685695,51.10409367353106,3.006123157266533,91
2020,177,9,Big River,23056.231941336875,58.0937021860322,3.417276599178365,117
2020,180,10,Big River,26741.04713406179,67.37815755416796,3.9634210325981147,134
2020,183,11,Big River,30661.980361727274,77.25754841902706,4.544561671707474,148
2020,186,12,Big River,32884.12341259817,82.85657765071208,4.8739163323948285,177
2020,189,13,Big River,34359.990085748854,86.57524942650159,5.092661730970682,192
2020,192,14,Big River,37419.73426425333,94.284742787071,5.546161340415941,203
2020,195,15,Big River,38181.66372199371,96.20454057178083,5.659090621869461,226
2020,198,16,Big River,38648.695711908564,97.38129908993312,5.7283117111725375,240
2020,201,17,Big River,39688.00588315822,100,5.882352941176471,245
2020,153,1,E. Fork Kuskokwim,0,0,0,1
2020,156,2,E. Fork Kuskokwim,9.627416620178657,0.9028114314732509,0.05310655479254418,2
2020,159,3,E. Fork Kuskokwim,228.3936891321351,21.41762858716019,1.2598605051270704,15
2020,162,4,E. Fork Kuskokwim,466.8276452573984,43.776783668296034,2.575104921664473,36
2020,165,5,E. Fork Kuskokwim,557.9564783973581,52.32239414111333,3.0777878906537257,48
2020,168,6,E. Fork Kuskokwim,667.6148607081657,62.605613930268355,3.682683172368728,62
2020,171,7,E. Fork Kuskokwim,775.2211572656192,72.69639928456073,4.27625878144475,78
2020,174,8,E. Fork Kuskokwim,785.1296081856893,73.62556472028953,4.330915571781738,91
2020,177,9,E. Fork Kuskokwim,852.4809207294164,79.9414371176426,4.702437477508389,117
2020,180,10,E. Fork Kuskokwim,861.3045574153173,80.76887404921794,4.751110238189291,134
2020,183,11,E. Fork Kuskokwim,951.9113413245464,89.26552933167736,5.25091349009867,148
2020,186,12,E. Fork Kuskokwim,1003.6322160109742,94.1156567079907,5.5362151004700415,177
2020,189,13,E. Fork Kuskokwim,1006.1056257531711,94.34760081907159,5.549858871710094,192
2020,192,14,E. Fork Kuskokwim,1013.9978449600425,95.08769403418415,5.593393766716717,203
2020,195,15,E. Fork Kuskokwim,1063.819967831358,99.75976587266805,5.868221521921653,226
2020,198,16,E. Fork Kuskokwim,1064.4872230264737,99.82233775894103,5.87190222111418,240
2020,201,17,E. Fork Kuskokwim,1066.3817807964813,100,5.882352941176472,245
2020,153,1,George,272.0829217470031,1.8054493219774088,0.10620290129278877,1
2020,156,2,George,272.0829217470031,1.8054493219774088,0.10620290129278877,2
2020,159,3,George,272.0829217470031,1.8054493219774088,0.10620290129278877,15
2020,162,4,George,334.6953496083399,2.2209240041212728,0.13064258847772192,36
2020,165,5,George,915.0971722482984,6.072272227050695,0.3571924839441585,48
2020,168,6,George,1113.0446021470582,7.385783750681718,0.4344578676871599,62
2020,171,7,George,1909.743945621432,12.672408432083643,0.7454357901225671,78
2020,174,8,George,3449.4218815805275,22.889185242962416,1.3464226613507304,91
2020,177,9,George,4785.147130620802,31.75260169609168,1.8678000997700988,117
2020,180,10,George,7295.897569413479,48.41308390595184,2.847828465055991,134
2020,183,11,George,7472.49864812808,49.584948335290164,2.9167616667817744,148
2020,186,12,George,9267.481205300135,61.49583939746782,3.617402317498107,177
2020,189,13,George,10489.173937391866,69.60257502297952,4.094269118998796,192
2020,192,14,George,12431.856136804996,82.49355045512883,4.852561791478166,203
2020,195,15,George,14437.261883201412,95.80073791795563,5.635337524585625,226
2020,198,16,George,15070.094653723414,100,5.88235294117647,240
2020,201,17,George,15070.094653723414,100,5.88235294117647,245
2020,153,1,Hoholitna,647.0736441499533,1.3595743047150004,0.07997495910088234,1
2020,156,2,Hoholitna,649.6403679652124,1.3649672793448209,0.0802921929026365,2
2020,159,3,Hoholitna,1249.8128366967235,2.6259969538831243,0.15447040905194842,15
2020,162,4,Hoholitna,2138.0871228543474,4.492360861480475,0.2642565212635573,36
2020,165,5,Hoholitna,3293.3145954929296,6.919623356406465,0.4070366680239096,48
2020,168,6,Hoholitna,4941.76602223695,10.383204700870213,0.6107767471100123,62
2020,171,7,Hoholitna,8459.89469080389,17.775187640846603,1.0455992729909762,78
2020,174,8,Hoholitna,13293.829175112585,27.931826185714975,1.643048599159704,91
2020,177,9,Hoholitna,17899.942367152125,37.609786642182755,2.2123403907166317,117
2020,180,10,Hoholitna,25479.165964579377,53.53458553626922,3.1490932668393654,134
2020,183,11,Hoholitna,28084.736370942,59.00918121118672,3.471128306540394,148
2020,186,12,Hoholitna,32491.394775760196,68.26806478805949,4.015768516944675,177
2020,189,13,Hoholitna,35604.55358566822,74.80916063196194,4.400538860703642,192
2020,192,14,Hoholitna,40563.59772213051,85.22866858880167,5.0134510934589205,203
2020,195,15,Hoholitna,44993.00715738495,94.53535463246713,5.5609032136745356,226
2020,198,16,Hoholitna,47146.61527492618,99.0603268446813,5.827078049687134,240
2020,201,17,Hoholitna,47593.84183018931,100,5.882352941176468,245
2020,153,1,Holitna,653.4595247141119,1.4357453382094199,0.08445560812996585,1
2020,156,2,Holitna,653.4595247141119,1.4357453382094199,0.08445560812996585,2
2020,159,3,Holitna,885.3894824987389,1.9453290891327375,0.114431122890161,15
2020,162,4,Holitna,2019.5698550346794,4.437287842461065,0.26101693190947434,36
2020,165,5,Holitna,3395.513504371148,7.4604355745841415,0.43884915144612585,48
2020,168,6,Holitna,4408.509875685745,9.686135503549584,0.5697726766793871,62
2020,171,7,Holitna,7002.292019119669,15.385051013879538,0.9050030008164431,78
2020,174,8,Holitna,12409.490522329384,27.26545025842765,1.6038500152016257,91
2020,177,9,Holitna,16547.826063943197,36.357973570285154,2.138704327663832,117
2020,180,10,Holitna,23766.870567309197,52.2192612247403,3.0717212485141343,134
2020,183,11,Holitna,25461.564868960133,55.94275036410191,3.2907500214177583,148
2020,186,12,Holitna,29711.079161838385,65.27954951524066,3.8399735008965075,177
2020,189,13,Holitna,32801.18081829987,72.06895097021034,4.239350057071195,192
2020,192,14,Holitna,37730.53514986433,82.89945727436498,4.876438663197938,203
2020,195,15,Holitna,42701.58198339404,93.82156805143794,5.518915767731642,226
2020,198,16,Holitna,45266.431727191,99.45691488409018,5.850406757887655,240
2020,201,17,Holitna,45513.60936536765,100,5.882352941176468,245
2020,153,1,Holokuk,0,0,0,1
2020,156,2,Holokuk,0,0,0,2
2020,159,3,Holokuk,129.20400503059548,2.457541809024226,0.14456128288377798,15
2020,162,4,Holokuk,598.9449255194183,11.392310907222408,0.6701359357189651,36
2020,165,5,Holokuk,777.7948699322242,14.794149850466065,0.8702441088509449,48
2020,168,6,Holokuk,1098.6018154886199,20.89610064636832,1.2291823909628423,62
2020,171,7,Holokuk,1279.7399829428468,24.341463037599006,1.4318507669175886,78
2020,174,8,Holokuk,2487.3057825605997,47.31012750744776,2.782948676908692,91
2020,177,9,Holokuk,2704.7956942068536,51.44692304087637,3.026289590639786,117
2020,180,10,Holokuk,3476.9595058499376,66.1339666048822,3.8902333296989533,134
2020,183,11,Holokuk,4010.0194993508258,76.27310447786381,4.486653204580223,148
2020,186,12,Holokuk,4229.679349694548,80.45117361632335,4.732421977430785,177
2020,189,13,Holokuk,4498.211137306412,85.55881787976469,5.032871639986158,192
2020,192,14,Holokuk,4700.305751428753,89.40278512727117,5.2589873604277155,203
2020,195,15,Holokuk,4944.838387497899,94.0539503652878,5.532585315605165,226
2020,198,16,Holokuk,5160.694957151148,98.1596787020355,5.774098747178559,240
2020,201,17,Holokuk,5257.448909155946,100,5.88235294117647,245
2020,153,1,Kisaralik,12.972168152760922,0.05413207361754205,0.003184239624561296,1
2020,156,2,Kisaralik,12.972168152760922,0.05413207361754205,0.003184239624561296,2
2020,159,3,Kisaralik,587.5576689350966,2.4518426383932357,0.14422603755254323,15
2020,162,4,Kisaralik,2226.471675940581,9.290931727841981,0.5465253957554105,36
2020,165,5,Kisaralik,2799.1923915586167,11.680860656841292,0.6871094504024287,48
2020,168,6,Kisaralik,3929.5355368925234,16.397714280364216,0.9645714282567185,62
2020,171,7,Kisaralik,4735.347651526533,19.76031952858493,1.1623717369755835,78
2020,174,8,Kisaralik,10161.381950795656,42.4028326906449,2.4942842759202875,91
2020,177,9,Kisaralik,11719.65615306269,48.90541674907637,2.876789220533903,117
2020,180,10,Kisaralik,14783.428168040671,61.69035218231427,3.628844246018485,134
2020,183,11,Kisaralik,17294.901914394697,72.17058032345389,4.245328254320816,148
2020,186,12,Kisaralik,18784.24783289376,78.38553081999198,4.610913577646586,177
2020,189,13,Kisaralik,19844.89075527878,82.8115296260783,4.871266448592839,192
2020,192,14,Kisaralik,20421.613934052573,85.2181605919035,5.012832975994322,203
2020,195,15,Kisaralik,21675.558506576228,90.45079550017986,5.320635029422343,226
2020,198,16,Kisaralik,23501.495878047102,98.0703217851861,5.768842457952121,240
2020,201,17,Kisaralik,23963.922469353103,100,5.882352941176468,245
2020,153,1,Kwethluk,0,0,0,1
2020,156,2,Kwethluk,0,0,0,2
2020,159,3,Kwethluk,281.48177385184346,1.5096529152775995,0.08880311266338822,15
2020,162,4,Kwethluk,1601.204470474286,8.587635937236012,0.5051550551315301,36
2020,165,5,Kwethluk,2270.9096999119065,12.179422496494034,0.7164366174408257,48
2020,168,6,Kwethluk,3909.570690478447,20.967946555115798,1.2334086208891648,62
2020,171,7,Kwethluk,4239.756050175652,22.738808249028644,1.3375769558252144,78
2020,174,8,Kwethluk,6414.16784878877,34.40068981908755,2.0235699893580916,91
2020,177,9,Kwethluk,7775.511943633071,41.70189818279271,2.4530528342819244,117
2020,180,10,Kwethluk,9113.849536824715,48.87971727047124,2.8752774864983084,134
2020,183,11,Kwethluk,11730.6878223081,62.91443608167698,3.700849181275117,148
2020,186,12,Kwethluk,13516.908697349225,72.49435848459201,4.264374028505413,177
2020,189,13,Kwethluk,14950.019074322827,80.18046628797514,4.716498016939714,192
2020,192,14,Kwethluk,16014.511496217103,85.88958935485425,5.052328785579662,203
2020,195,15,Kwethluk,16600.135092539065,89.03042635237912,5.237083903081126,226
2020,198,16,Kwethluk,17855.562378840215,95.76357797618955,5.633151645658209,240
2020,201,17,Kwethluk,18645.4628744968,100,5.882352941176471,245
2020,153,1,Lower Kusko,0.8399798637633111,0.07488089924566012,0.004404758779156478,1
2020,156,2,Lower Kusko,0.8399798637633111,0.07488089924566012,0.004404758779156478,2
2020,159,3,Lower Kusko,22.577841487382514,2.0127257170507185,0.11839563041474817,15
2020,162,4,Lower Kusko,104.28593307883075,9.29668053306573,0.5468635607685725,36
2020,165,5,Lower Kusko,140.7680790595688,12.548920277492364,0.7381717810289629,48
2020,168,6,Lower Kusko,221.62415664826696,19.756921398129514,1.162171846948795,62
2020,171,7,Lower Kusko,277.02462977928224,24.69565555789789,1.4526856210528176,78
2020,174,8,Lower Kusko,362.07882554412583,32.27790239290362,1.8987001407590367,91
2020,177,9,Lower Kusko,428.06705217181184,38.16049311045906,2.2447348888505334,117
2020,180,10,Lower Kusko,611.7626447517695,54.536232283806186,3.2080136637533063,134
2020,183,11,Lower Kusko,683.9902197476747,60.97503635441274,3.5867668443772205,148
2020,186,12,Lower Kusko,804.2436585677301,71.69515718669743,4.217362187452791,177
2020,189,13,Lower Kusko,896.5090850754932,79.92025686376832,4.701191580221667,192
2020,192,14,Lower Kusko,948.6616650157105,84.56945412715065,4.974673772185333,203
2020,195,15,Lower Kusko,1045.9766205315454,93.24469944366274,5.484982320215456,226
2020,198,16,Lower Kusko,1101.3979577638502,98.18529355595368,5.775605503291394,240
2020,201,17,Lower Kusko,1121.7545091273646,100,5.882352941176472,245
2020,153,1,Middle Kusko Main,67.51052125692408,0.20293806706161208,0.011937533356565411,1
2020,156,2,Middle Kusko Main,91.9707229161287,0.27646595504465893,0.01626270323792111,2
2020,159,3,Middle Kusko Main,1069.776027901891,3.2157695607926104,0.18916291534074173,15
2020,162,4,Middle Kusko Main,3501.1140339086946,10.524423473190733,0.6190837337171019,36
2020,165,5,Middle Kusko Main,4508.044790713485,13.551278808423273,0.7971340475543098,48
2020,168,6,Middle Kusko Main,6558.2936332533445,19.71437056588282,1.1596688568166365,62
2020,171,7,Middle Kusko Main,8123.559405152394,24.419592867129918,1.436446639242936,78
2020,174,8,Middle Kusko Main,14566.32361994689,43.7866795366025,2.5756870315648523,91
2020,177,9,Middle Kusko Main,16458.357323222765,49.474173210321524,2.910245482960089,117
2020,180,10,Middle Kusko Main,21089.560969413084,63.395670165585514,3.7291570685638527,134
2020,183,11,Middle Kusko Main,24194.151183821392,72.72813457854247,4.278125563443673,148
2020,186,12,Middle Kusko Main,26221.54377689991,78.82251996254195,4.636618821325995,177
2020,189,13,Middle Kusko Main,27861.252828687084,83.7515203511886,4.926560020658152,192
2020,192,14,Middle Kusko Main,29481.55813619068,88.62219267058987,5.2130701570935205,203
2020,195,15,Middle Kusko Main,31219.147221408522,93.84542252774784,5.52031897222046,226
2020,198,16,Middle Kusko Main,32690.61796762498,98.26869498091749,5.780511469465733,240
2020,201,17,Middle Kusko Main,33266.563653840196,100,5.882352941176469,245
2020,153,1,N. Fork Kusko,0,0,0,1
2020,156,2,N. Fork Kusko,20.09721630950201,1.0910793865432118,0.06418114038489482,2
2020,159,3,N. Fork Kusko,222.0678651483546,12.056081118183041,0.7091812422460613,15
2020,162,4,N. Fork Kusko,520.9744510825318,28.283742172942773,1.6637495395848694,36
2020,165,5,N. Fork Kusko,625.0416507179675,33.9335582762713,1.996091663310077,48
2020,168,6,N. Fork Kusko,786.2881159987369,42.68764101645765,2.5110377068504506,62
2020,171,7,N. Fork Kusko,1063.8335187325756,57.755601827007794,3.3973883427651645,78
2020,174,8,N. Fork Kusko,1183.4930263700571,64.25192550569746,3.77952502974691,91
2020,177,9,N. Fork Kusko,1291.4624840904767,70.11359549425707,4.124329146721005,117
2020,180,10,N. Fork Kusko,1379.4979692747845,74.89304861302129,4.405473447824782,134
2020,183,11,N. Fork Kusko,1574.19341664804,85.46307910935084,5.027239947608873,148
2020,186,12,N. Fork Kusko,1655.0571036935137,89.85317476719987,5.2854808686588175,177
2020,189,13,N. Fork Kusko,1678.5896091496593,91.13075626015403,5.360632721185532,192
2020,192,14,N. Fork Kusko,1775.5017218600728,96.3921221556234,5.67012483268373,203
2020,195,15,N. Fork Kusko,1812.1677514141122,98.38272366066278,5.787219038862517,226
2020,198,16,N. Fork Kusko,1819.92917492804,98.80409192758412,5.81200540750495,240
2020,201,17,N. Fork Kusko,1841.9572908598861,100,5.882352941176471,245
2020,153,1,Oskakawlik,45.62960900555791,0.7488081406075477,0.04404753768279694,1
2020,156,2,Oskakawlik,45.62960900555791,0.7488081406075477,0.04404753768279694,2
2020,159,3,Oskakawlik,147.0340877887583,2.412913989020075,0.14193611700118092,15
2020,162,4,Oskakawlik,534.3238753509992,8.768562262610358,0.5157977801535507,36
2020,165,5,Oskakawlik,731.9679634381246,12.012015479239233,0.7065891458376022,48
2020,168,6,Oskakawlik,975.2796546348648,16.00490034158633,0.9414647259756668,62
2020,171,7,Oskakawlik,1249.1374923825274,20.49906504612396,1.205827355654351,78
2020,174,8,Oskakawlik,2271.061260035998,37.26942212295201,2.1923189484089427,91
2020,177,9,Oskakawlik,2717.34300245422,44.59316232170279,2.6231271953942827,117
2020,180,10,Oskakawlik,3670.3348420193693,60.23230679282954,3.5430768701664443,134
2020,183,11,Oskakawlik,4114.545151146044,67.52205357929299,3.9718855046642942,148
2020,186,12,Oskakawlik,4441.908443072849,72.89427357576541,4.287898445633261,177
2020,189,13,Oskakawlik,4791.012632288793,78.62327420720311,4.624898482776655,192
2020,192,14,Oskakawlik,5238.243821620369,85.96259537614603,5.056623257420356,203
2020,195,15,Oskakawlik,5670.7553844358035,93.06035900378617,5.4741387649286,226
2020,198,16,Oskakawlik,6013.7033260618355,98.68833206975953,5.805196004103503,240
2020,201,17,Oskakawlik,6093.631536715959,100,5.882352941176473,245
2020,153,1,S. Fork Kusko,14.97171190695492,0.1883093151658131,0.011077018539165479,1
2020,156,2,S. Fork Kusko,77.02594092032703,0.96880719284821315,0.056988658402836075,2
2020,159,3,S. Fork Kusko,668.7079354905777,8.410790573633669,0.49475238668433363,15
2020,162,4,S. Fork Kusko,1318.6360425361172,16.585374582821373,0.975610269577728,36
2020,165,5,S. Fork Kusko,1625.0608943194184,20.439486547285117,1.2023227380755952,48
2020,168,6,S. Fork Kusko,2308.6954800979343,29.038019665719922,1.708118803865878,62
2020,171,7,S. Fork Kusko,3063.541163575068,38.53222277320943,2.2666013396005558,78
2020,174,8,S. Fork Kusko,3699.9124097711942,46.53629300292979,2.7374290001723414,91
2020,177,9,S. Fork Kusko,4258.48465709054,53.561832768657794,3.150696045215165,117
2020,180,10,S. Fork Kusko,5075.129935529309,63.8333310496768,3.754901826451577,134
2020,183,11,S. Fork Kusko,5626.1886260471565,70.76436774557935,4.1626098673870215,148
2020,186,12,S. Fork Kusko,6246.5226602724715,78.56672714742908,4.621572185142887,177
2020,189,13,S. Fork Kusko,6639.2570220867765,83.50641201279035,4.912141883105316,192
2020,192,14,S. Fork Kusko,7215.344230603268,90.75224925476475,5.338367603221457,203
2020,195,15,S. Fork Kusko,7673.5537347387,96.51545913099321,5.677379948881955,226
2020,198,16,S. Fork Kusko,7830.637412150373,98.49120645374116,5.793600379631834,240
2020,201,17,S. Fork Kusko,7950.595483697549,100,5.882352941176472,245
2020,153,1,Stony,314.495843340948,0.5655479444548498,0.03326752614440291,1
2020,156,2,Stony,378.9542274342405,0.6814614212104783,0.040085965953557526,2
2020,159,3,Stony,1926.9462826130896,3.4651666541274606,0.2038333325957329,15
2020,162,4,Stony,4953.88232391219,8.908410157658105,0.5240241269210648,36
2020,165,5,Stony,6384.532624391761,11.481103418321585,0.6753590246071518,48
2020,168,6,Stony,9976.556219289421,17.94052602609629,1.0553250603586048,62
2020,171,7,Stony,13902.344467954123,25.000147071676732,1.470596886569219,78
2020,174,8,Stony,19158.90638491429,34.452856384001684,2.0266386108236274,91
2020,177,9,Stony,23346.07603744852,41.9825113546947,2.469559491452628,117
2020,180,10,Stony,31269.195714307236,56.23040728653196,3.3076710168548193,134
2020,183,11,Stony,35472.834970333046,63.789679025134205,3.7523340603020108,148
2020,186,12,Stony,40412.55192936326,72.67261605441531,4.274859767906782,177
2020,189,13,Stony,43960.14955051599,79.05214883641382,4.6501264021419875,192
2020,192,14,Stony,48091.54062078642,86.48149894390488,5.087146996700285,203
2020,195,15,Stony,52002.54696070453,93.51453814974478,5.500855185279103,226
2020,198,16,Stony,54524.49484370083,98.04967739387327,5.767628081992542,240
2020,201,17,Stony,55609.05073116319,100,5.882352941176468,245
2020,153,1,Swift,41.16570244065256,0.10805965797047101,0.006356450468851237,1
2020,156,2,Swift,403.31560418165515,1.0587004146195411,0.06227649497762008,2
2020,159,3,Swift,3463.953096205957,9.092850713319109,0.5348735713717123,15
2020,162,4,Swift,6894.630105424408,18.09835194963975,1.0646089382141029,36
2020,165,5,Swift,8284.903519495101,21.74780916044537,1.2792828917909043,48
2020,168,6,Swift,11817.094806841602,31.01978461008597,1.8246932123579984,62
2020,171,7,Swift,15737.451087615658,41.310690235553466,2.4300406020913803,78
2020,174,8,Swift,19098.68604668305,50.133906614743104,2.9490533302790065,91
2020,177,9,Swift,21854.712862676137,57.368456189671676,3.374615069980687,117
2020,180,10,Swift,25524.26748074013,67.00100934490145,3.9412358438177324,134
2020,183,11,Swift,28637.149662423915,75.17230155933817,4.421900091725775,148
2020,186,12,Swift,31043.99543934047,81.49025354415441,4.79354432612673,177
2020,189,13,Swift,32519.274122501432,85.36284894425306,5.021344055544297,192
2020,192,14,Swift,35186.490328680724,92.36427133923218,5.43319243171954,203
2020,195,15,Swift,36696.685239858925,96.32852157414388,5.666383622008464,226
2020,198,16,Swift,37289.221931083746,97.88392591301113,5.757877994883008,240
2020,201,17,Swift,38095.347712373594,100,5.88235294117647,245
2020,153,1,Takotna and Nixon Fork,183.03164520698428,0.6832050620101867,0.040188533059422736,1
2020,156,2,Takotna and Nixon Fork,214.1931920164407,0.7995222512930137,0.0470307206642949,2
2020,159,3,Takotna and Nixon Fork,643.5352630373135,2.402134061527697,0.14130200361927625,15
2020,162,4,Takotna and Nixon Fork,1484.3099706701273,5.540506858293411,0.3259121681349064,36
2020,165,5,Takotna and Nixon Fork,2357.2263606673946,8.79885541153602,0.5175797300903539,48
2020,168,6,Takotna and Nixon Fork,3745.9102578963852,13.982417341747402,0.8224951377498467,62
2020,171,7,Takotna and Nixon Fork,5513.1716255009205,20.579101269693602,1.2105353688055054,78
2020,174,8,Takotna and Nixon Fork,7832.780803042966,29.23754243810385,1.71985543753552,91
2020,177,9,Takotna and Nixon Fork,9721.016954958091,36.285790820508836,2.134458283559342,117
2020,180,10,Takotna and Nixon Fork,13359.185769408283,49.866040004572454,2.933296470857202,134
2020,183,11,Takotna and Nixon Fork,14483.389915668999,54.062374264637626,3.1801396626257414,148
2020,186,12,Takotna and Nixon Fork,18069.271744517282,67.44745100625241,3.9674971180148457,177
2020,189,13,Takotna and Nixon Fork,20168.805138641645,75.28441188317106,4.42849481665712,192
2020,192,14,Takotna and Nixon Fork,22632.656158228096,84.48126681345822,4.969486283144599,203
2020,195,15,Takotna and Nixon Fork,25554.101286367535,95.38619037283898,5.610952374872879,226
2020,198,16,Takotna and Nixon Fork,26609.41120687937,99.32536208747833,5.842668358086957,240
2020,201,17,Takotna and Nixon Fork,26790.147700084697,100,5.8823529411764675,245
2020,153,1,Tatlawiksuk,0,0,0,1
2020,156,2,Tatlawiksuk,168.05684903733084,1.0774892454818492,0.0633817203224617,2
2020,159,3,Tatlawiksuk,1746.7462968901084,11.199188609482153,0.6587758005577734,15
2020,162,4,Tatlawiksuk,3395.0165024985736,21.76700200336991,1.2804118825511708,36
2020,165,5,Tatlawiksuk,4050.077797594427,25.9668992681366,1.5274646628315642,48
2020,168,6,Tatlawiksuk,5607.766658796334,35.953954275809025,2.114938486812295,62
2020,171,7,Tatlawiksuk,7202.948554176106,46.18139425641498,2.716552603318527,78
2020,174,8,Tatlawiksuk,8505.81162353683,54.53464468097708,3.2079202753515923,91
2020,177,9,Tatlawiksuk,9624.097804502178,61.70448833961593,3.6296757846832888,117
2020,180,10,Tatlawiksuk,10903.753541449702,69.90894595249088,4.112290938381815,134
2020,183,11,Tatlawiksuk,12176.452801707537,78.06880241484731,4.592282494991016,148
2020,186,12,Tatlawiksuk,12978.10801589182,83.20858027463653,4.894622369096266,177
2020,189,13,Tatlawiksuk,13508.313829597508,86.6079720009025,5.094586588288381,192
2020,192,14,Tatlawiksuk,14642.173720863357,93.87766583201073,5.5222156371771005,203
2020,195,15,Tatlawiksuk,15100.007623516289,96.81304816930506,5.694885186429707,226
2020,198,16,Tatlawiksuk,15279.509939372998,97.96391953207663,5.7625835018868585,240
2020,201,17,Tatlawiksuk,15597.079018842218,100,5.882352941176468,245
2020,153,1,Tuluksak,180.79263566278152,0.7621948725112041,0.044834992500659074,1
2020,156,2,Tuluksak,180.79263566278152,0.7621948725112041,0.044834992500659074,2
2020,159,3,Tuluksak,615.2610466656851,2.593849098472991,0.1525793587337054,15
2020,162,4,Tuluksak,2211.8709017626325,9.324918870726275,0.548524639454487,36
2020,165,5,Tuluksak,2907.653393435894,12.258234409781736,0.7210726123401023,48
2020,168,6,Tuluksak,3911.667168654611,16.491007213811717,0.9700592478712778,62
2020,171,7,Tuluksak,4913.3283746202405,20.713861935640193,1.2184624668023647,78
2020,174,8,Tuluksak,8706.95320199971,36.707220188644975,2.1592482463908813,91
2020,177,9,Tuluksak,10442.518702048133,44.024106300707864,2.589653311806346,117
2020,180,10,Tuluksak,14453.619909295934,60.9343126378189,3.5843713316364068,134
2020,183,11,Tuluksak,16296.691782104775,68.70442963387148,4.041437037286559,148
2020,186,12,Tuluksak,17522.554772960157,73.87248574747328,4.345440338086664,177
2020,189,13,Tuluksak,18768.53427369998,79.12535007591488,4.654432357406759,192
2020,192,14,Tuluksak,20275.180127009236,85.47714499207797,5.028067352475177,203
2020,195,15,Tuluksak,21967.18003550792,92.6103650473051,5.447668532194419,226
2020,198,16,Tuluksak,23332.51475710316,98.36641324167098,5.786259602451236,240
2020,201,17,Tuluksak,23720.00156169037,100,5.882352941176473,245
2020,153,1,Upper Kusko Main,200.46330840343205,0.5549298606368172,0.0326429329786363,1
2020,156,2,Upper Kusko Main,467.7392126591098,1.294812792238894,0.07616545836699376,2
2020,159,3,Upper Kusko Main,2682.4322199707303,7.42560695945583,0.4368004093797547,15
2020,162,4,Upper Kusko Main,5257.687908585665,14.554523925702952,0.8561484662178207,36
2020,165,5,Upper Kusko Main,6662.501241867183,18.443379564510263,1.0849046802653095,48
2020,168,6,Upper Kusko Main,9206.943859613306,25.486998661240985,1.4992352153671167,62
2020,171,7,Upper Kusko Main,12495.127899675674,34.58946995951861,2.0346747035010946,78
2020,174,8,Upper Kusko Main,15812.993139391854,43.774105840026294,2.574947402354488,91
2020,177,9,Upper Kusko Main,18600.654528062536,51.49101203217798,3.0288830607163515,117
2020,180,10,Upper Kusko Main,22313.367777532774,61.76868061164013,3.633451800684713,134
2020,183,11,Upper Kusko Main,24644.76602987437,68.2225425056938,4.013090735629047,148
2020,186,12,Upper Kusko Main,27358.30142730731,75.73425041834616,4.45495590696154,177
2020,189,13,Upper Kusko Main,29180.100977797985,80.77742255150994,4.751613091265291,192
2020,192,14,Upper Kusko Main,32511.50612686104,89.99954010418367,5.2940905943637455,203
2020,195,15,Upper Kusko Main,34758.85966473828,96.22074634640552,5.660043902729737,226
2020,198,16,Upper Kusko Main,35650.22811925012,98.6882650967338,5.8051920645137525,240
2020,201,17,Upper Kusko Main,36124.080288883306,100,5.88235294117647,245
2021,153,1,Aniak,238.81567126708612,0.7115826521685167,0.04447391576053229,1
2021,156,2,Aniak,776.7195658129159,2.314337939800466,0.14464612123752912,5
2021,159,3,Aniak,776.7195658129159,2.314337939800466,0.14464612123752912,11
2021,162,4,Aniak,1293.1769130295347,3.8531904234522276,0.24082440146576423,32
2021,165,5,Aniak,2577.3208619182496,7.679465944100279,0.47996662150626745,46
2021,168,6,Aniak,3213.73914990324,9.575757803215476,0.5984848627009672,57
2021,171,7,Aniak,5903.132286694566,17.589157806858914,1.0993223629286821,80
2021,174,8,Aniak,9894.110439581496,29.480801281134088,1.8425500800708805,103
2021,177,9,Aniak,12122.3633078991,36.12017330109781,2.257510831318613,119
2021,180,10,Aniak,18234.256015045605,54.331360193673085,3.395710012104568,154
2021,183,11,Aniak,22751.634267096044,67.79148188663945,4.236967617914965,171
2021,186,12,Aniak,25312.504914755424,75.42193225722664,4.713870766076665,186
2021,189,13,Aniak,28180.56873692478,83.96770502975708,5.247981564359818,202
2021,192,14,Aniak,30767.8275018197,91.67678226075327,5.729798891297079,216
2021,195,15,Aniak,31651.769323218286,94.31060299075898,5.894412686922436,228
2021,198,16,Aniak,33561.199185970305,100,6.25,236
2021,153,1,Big River,0,0,0,1
2021,156,2,Big River,855.901647594476,2.630354779618406,0.1643971737261504,5
2021,159,3,Big River,2738.149892787971,8.414875328314473,0.5259297080196547,11
2021,162,4,Big River,9239.893403591961,28.396017048933125,1.774751065558321,32
2021,165,5,Big River,12897.805634432789,39.63750366933918,2.4773439793336993,46
2021,168,6,Big River,15201.841988799659,46.7182623688421,2.919891398052631,57
2021,171,7,Big River,17812.186767042112,54.74036734223401,3.421272958889627,80
2021,174,8,Big River,21474.910830561144,65.99664167466213,4.124790104666384,103
2021,177,9,Big River,24181.953465494407,74.31591825677847,4.644744891048655,119
2021,180,10,Big River,27218.93037613759,83.64914802091356,5.228071751307098,154
2021,183,11,Big River,28093.366606005784,86.33646323191905,5.396028951994943,171
2021,186,12,Big River,28585.93939920137,87.85023669471518,5.4906397934197,186
2021,189,13,Big River,29956.01633785252,92.06075367894405,5.753797104934004,202
2021,192,14,Big River,31498.63237439889,96.80151738263567,6.050094836414731,216
2021,195,15,Big River,32539.399408267065,100,6.250000000000002,228
2021,198,16,Big River,32539.399408267065,100,6.250000000000002,236
2021,153,1,E. Fork Kuskokwim,0,0,0,1
2021,156,2,E. Fork Kuskokwim,2.276236104560565,0.17348176699415854,0.010842610437134909,5
2021,159,3,E. Fork Kuskokwim,37.9195011401314,2.8900086630499064,0.18062554144061915,11
2021,162,4,E. Fork Kuskokwim,682.3157829743645,52.002227467192895,3.250139216699556,32
2021,165,5,E. Fork Kuskokwim,690.1567198703174,52.59981907241972,3.2874886920262325,46
2021,168,6,E. Fork Kuskokwim,903.8269075527118,68.88454526529915,4.305284079081197,57
2021,171,7,E. Fork Kuskokwim,1059.7305181184165,80.76663156887662,5.047914473054789,80
2021,174,8,E. Fork Kuskokwim,1212.1108751920854,92.38019553413334,5.7737622208833335,103
2021,177,9,E. Fork Kuskokwim,1219.142329131277,92.9160929533268,5.807255809582925,119
2021,180,10,E. Fork Kuskokwim,1253.5061787083926,95.53511008138979,5.970944380086862,154
2021,183,11,E. Fork Kuskokwim,1255.3778565426558,95.67775871844515,5.979859919902822,171
2021,186,12,E. Fork Kuskokwim,1256.8529864375864,95.79018472741923,5.986886545463702,186
2021,189,13,E. Fork Kuskokwim,1287.7170561681705,98.14246854488655,6.13390428405541,202
2021,192,14,E. Fork Kuskokwim,1309.1178429500928,99.77351477008025,6.235844673130016,216
2021,195,15,E. Fork Kuskokwim,1312.0895319432675,100,6.25,228
2021,198,16,E. Fork Kuskokwim,1312.0895319432675,100,6.25,236
2021,153,1,George,0,0,0,1
2021,156,2,George,0,0,0,5
2021,159,3,George,0,0,0,11
2021,162,4,George,1034.7058297363963,7.133393279407631,0.44583707996297695,32
2021,165,5,George,1823.3334790006409,12.570292358878158,0.7856432724298849,46
2021,168,6,George,1980.4681335346784,13.653598605350844,0.8533499128344277,57
2021,171,7,George,3632.549725124172,25.043258723028845,1.5652036701893028,80
2021,174,8,George,4740.77053549802,32.68347360693887,2.0427171004336793,103
2021,177,9,George,6091.590913195553,41.996200690354776,2.624762543147173,119
2021,180,10,George,9969.94670375388,68.73407761772131,4.295879851107581,154
2021,183,11,George,11147.570929434072,76.8527684530429,4.80329802831518,171
2021,186,12,George,11882.689939180043,81.92077218220199,5.120048261387623,186
2021,189,13,George,12146.897652837459,83.74225368429386,5.233890855268365,202
2021,192,14,George,12867.55191997273,88.71053564252813,5.544408477658007,216
2021,195,15,George,14117.338441738819,97.3267225034176,6.082920156463599,228
2021,198,16,George,14505.100016332199,100,6.249999999999999,236
2021,153,1,Hoholitna,0,0,0,1
2021,156,2,Hoholitna,225.38847169163174,0.498279575664814,0.031142473479050876,5
2021,159,3,Hoholitna,405.74850865275204,0.8970121373143453,0.05606325858214658,11
2021,162,4,Hoholitna,3905.056800303188,8.633139178760905,0.5395711986725565,32
2021,165,5,Hoholitna,6753.52622655108,14.93041838897214,0.9331511493107587,46
2021,168,6,Hoholitna,8295.332231387141,18.338979776700377,1.1461862360437736,57
2021,171,7,Hoholitna,12644.314600278989,27.953531368806694,1.7470957105504183,80
2021,174,8,Hoholitna,16351.12453160659,36.14839451237985,2.2592746570237408,103
2021,177,9,Hoholitna,20917.952817882873,46.24455091088967,2.8902844319306045,119
2021,180,10,Hoholitna,31092.44682066344,68.73790434755493,4.296119021722183,154
2021,183,11,Hoholitna,36054.13961181094,79.7070109748658,4.981688185929112,171
2021,186,12,Hoholitna,37967.436756625575,83.93684971632229,5.246053107270143,186
2021,189,13,Hoholitna,38897.312363647645,85.99258051484307,5.374536282177692,202
2021,192,14,Hoholitna,41173.78986464784,91.02532347057335,5.689082716910835,216
2021,195,15,Hoholitna,44228.531369958335,97.7786205208072,6.11116378255045,228
2021,198,16,Hoholitna,45233.33540029494,100,6.25,236
2021,153,1,Holitna,103.81309090179701,0.22423540112775164,0.014014712570484473,1
2021,156,2,Holitna,217.45538893386757,0.4697018067895037,0.02935636292434397,5
2021,159,3,Holitna,217.45538893386757,0.4697018067895037,0.02935636292434397,11
2021,162,4,Holitna,2164.9417506274835,4.6762559293162065,0.29226599558226285,32
2021,165,5,Holitna,4201.9451975659285,9.076166201277374,0.5672603875798357,46
2021,168,6,Holitna,5288.78981888061,11.423741420423635,0.713983838776477,57
2021,171,7,Holitna,10081.679809800258,21.776343393249103,1.3610214620780685,80
2021,174,8,Holitna,13825.202006202226,29.862319776852825,1.866394986053301,103
2021,177,9,Holitna,18344.568052235893,39.62411233473107,2.476507020920691,119
2021,180,10,Holitna,29087.02111460079,62.82772038271898,3.9267325239199344,154
2021,183,11,Holitna,34865.95823640448,75.31017584515695,4.7068859903223075,171
2021,186,12,Holitna,37484.084648270655,80.96530682207124,5.060331676379451,186
2021,189,13,Holitna,38759.960455204484,83.721187808484,5.232574238030248,202
2021,192,14,Holitna,41585.70032561702,89.82476210552545,5.614047631595339,216
2021,195,15,Holitna,44728.505930815314,96.61319571660857,6.038324732288033,228
2021,198,16,Holitna,46296.47699680235,100,6.249999999999998,236
2021,153,1,Holokuk,76.54958429828943,1.7873947513704795,0.11171217196065497,1
2021,156,2,Holokuk,87.4871092092954,2.0427805225424964,0.12767378265890603,5
2021,159,3,Holokuk,87.4871092092954,2.0427805225424964,0.12767378265890603,11
2021,162,4,Holokuk,170.4215992575128,3.9792596501382755,0.24870372813364222,32
2021,165,5,Holokuk,265.8703784238942,6.2079412095562585,0.38799632559726616,46
2021,168,6,Holokuk,457.3953869639444,10.679954978915445,0.6674971861822153,57
2021,171,7,Holokuk,769.9550994327944,17.97806893574294,1.1236293084839337,80
2021,174,8,Holokuk,1255.409616014461,29.313190646998972,1.8320744154374358,103
2021,177,9,Holokuk,1405.3869931315794,32.81508787009648,2.05094299188103,119
2021,180,10,Holokuk,2080.8412987104225,48.58661023235697,3.0366631395223105,154
2021,183,11,Holokuk,2834.696239606166,66.18874846737629,4.136796779211018,171
2021,186,12,Holokuk,3177.892989672624,74.20222202676048,4.63763887667253,186
2021,189,13,Holokuk,3611.413821019405,84.32471799668724,5.2702948747929526,202
2021,192,14,Holokuk,3824.3465645311994,89.29659173887295,5.581036983679559,216
2021,195,15,Holokuk,3953.777104611254,92.31873052808785,5.769920658005491,228
2021,198,16,Holokuk,4282.746396093827,100,6.25,236
2021,153,1,Kisaralik,488.9782586080957,1.734666362511187,0.1084166476569492,1
2021,156,2,Kisaralik,696.160555502337,2.469652335820668,0.15435327098879176,5
2021,159,3,Kisaralik,696.160555502337,2.469652335820668,0.15435327098879176,11
2021,162,4,Kisaralik,876.0912830478219,3.1079624757107,0.19424765473191874,32
2021,165,5,Kisaralik,1781.870270023006,6.321243051922594,0.39507769074516214,46
2021,168,6,Kisaralik,3116.751565822082,11.056778100780216,0.6910486312987635,57
2021,171,7,Kisaralik,5377.16070405827,19.07565343640909,1.1922283397755682,80
2021,174,8,Kisaralik,8424.55120694037,29.88637089823063,1.8678981811394144,103
2021,177,9,Kisaralik,10814.692276214537,38.365474501586164,2.3978421563491352,119
2021,180,10,Kisaralik,14170.233392206752,50.26936634026222,3.141835396266389,154
2021,183,11,Kisaralik,19582.771851185105,69.47052351913979,4.341907719946237,171
2021,186,12,Kisaralik,21491.333877376226,76.24120971902131,4.765075607438832,186
2021,189,13,Kisaralik,23486.82976560636,83.32029663731417,5.207518539832136,202
2021,192,14,Kisaralik,26258.61860186165,93.15330817431521,5.822081760894701,216
2021,195,15,Kisaralik,26678.696038266822,94.6435466169328,5.9152216635583,228
2021,198,16,Kisaralik,28188.605554109385,100,6.25,236
2021,153,1,Kwethluk,141.81750797182858,0.6997064409332956,0.043731652558330975,1
2021,156,2,Kwethluk,722.3840755985368,3.564135329640313,0.22275845810251957,5
2021,159,3,Kwethluk,722.3840755985368,3.564135329640313,0.22275845810251957,11
2021,162,4,Kwethluk,867.3866505311718,4.27955641610047,0.2674722760062794,32
2021,165,5,Kwethluk,1452.0821726236436,7.164356950560767,0.4477723094100479,46
2021,168,6,Kwethluk,1810.9627839175148,8.935020381611059,0.5584387738506912,57
2021,171,7,Kwethluk,3174.5890338448694,15.66294899737422,0.9789343123358888,80
2021,174,8,Kwethluk,4865.762595689793,24.006947216508483,1.5004342010317802,103
2021,177,9,Kwethluk,7064.942743971015,34.85737419503558,2.178585887189724,119
2021,180,10,Kwethluk,10139.843894750396,50.02847803970988,3.1267798774818676,154
2021,183,11,Kwethluk,13553.370636456923,66.87031006474137,4.179394379046336,171
2021,186,12,Kwethluk,15073.258349746848,74.36920944390403,4.648075590244002,186
2021,189,13,Kwethluk,16777.276734850126,82.77658210597593,5.173536381623496,202
2021,192,14,Kwethluk,18681.175410511918,92.17013432175423,5.76063339510964,216
2021,195,15,Kwethluk,19145.11454043396,94.4591408206692,5.903696301291825,228
2021,198,16,Kwethluk,20268.14384939302,100,6.25,236
2021,153,1,Lower Kusko,0.7526771307663944,0.07972820640800575,0.0049830129005003585,1
2021,156,2,Lower Kusko,6.149235142383408,0.6513649327754977,0.0407103082984686,5
2021,159,3,Lower Kusko,8.367200091402335,0.8863054670800884,0.055394091692505504,11
2021,162,4,Lower Kusko,71.55026123459166,7.579045201559024,0.47369032509743897,32
2021,165,5,Lower Kusko,118.3594046026222,12.537358523007025,0.7835849076879389,46
2021,168,6,Lower Kusko,176.36263971521194,18.681419119985527,1.1675886949990955,57
2021,171,7,Lower Kusko,256.13284397575694,27.131171411539373,1.6956982132212104,80
2021,174,8,Lower Kusko,353.80289301256505,37.47698572046849,2.3423116075292802,103
2021,177,9,Lower Kusko,429.07371595123,45.450135777045546,2.840633486065346,119
2021,180,10,Lower Kusko,635.0228886878724,67.26554305105937,4.2040964406912105,154
2021,183,11,Lower Kusko,721.2178414708509,76.39584435277715,4.774740272048572,171
2021,186,12,Lower Kusko,772.5266766840506,81.83079280174495,5.1144245501090575,186
2021,189,13,Lower Kusko,834.875178615738,88.43513087453586,5.52719567965849,202
2021,192,14,Lower Kusko,888.8318534919323,94.15055484023893,5.884409677514932,216
2021,195,15,Lower Kusko,911.2990018980458,96.53041384259497,6.033150865162184,228
2021,198,16,Lower Kusko,944.0537604904854,100,6.249999999999998,236
2021,153,1,Middle Kusko Main,361.8379269330114,1.2130412812236513,0.07581508007647816,1
2021,156,2,Middle Kusko Main,599.0147915650567,2.0081633685860654,0.12551021053662906,5
2021,159,3,Middle Kusko Main,781.99861945431,2.621606350938442,0.16385039693365258,11
2021,162,4,Middle Kusko Main,2300.0483207180064,7.710782519369818,0.4819239074606135,32
2021,165,5,Middle Kusko Main,3770.402943429337,12.640063621837214,0.7900039763648256,46
2021,168,6,Middle Kusko Main,5382.989256616847,18.046168460025857,1.1278855287516156,57
2021,171,7,Middle Kusko Main,7619.021318535805,25.542340075417336,1.5963962547135828,80
2021,174,8,Middle Kusko Main,10810.482444598718,36.24153384470829,2.2650958652942674,103
2021,177,9,Middle Kusko Main,12702.83802858356,42.58554941428865,2.6615968383930393,119
2021,180,10,Middle Kusko Main,17593.93207258203,58.982666864101176,3.686416679006322,154
2021,183,11,Middle Kusko Main,21666.347670379546,72.63521090861215,4.539700681788258,171
2021,186,12,Middle Kusko Main,23299.603358400196,78.11060866239481,4.881913041399674,186
2021,189,13,Middle Kusko Main,25305.20379917302,84.8342712395027,5.302141952468917,202
2021,192,14,Middle Kusko Main,27343.586956788364,91.66783602939881,5.729239751837423,216
2021,195,15,Middle Kusko Main,28340.820836021245,95.01100647257968,5.938187904536228,228
2021,198,16,Middle Kusko Main,29828.987070251114,100,6.249999999999998,236
2021,153,1,N. Fork Kusko,0,0,0,1
2021,156,2,N. Fork Kusko,27.770630362380153,1.3968059319327446,0.08730037074579654,5
2021,159,3,N. Fork Kusko,120.58554657255146,6.065206463086422,0.3790754039429014,11
2021,162,4,N. Fork Kusko,1035.8687826901503,52.10208200119308,3.2563801250745676,32
2021,165,5,N. Fork Kusko,1124.8921794236219,56.579776854190214,3.5362360533868884,46
2021,168,6,N. Fork Kusko,1321.281968531965,66.457781739854,4.153611358740875,57
2021,171,7,N. Fork Kusko,1479.8540971405268,74.43363561819058,4.652102226136911,80
2021,174,8,N. Fork Kusko,1656.6173768677204,83.32446720713797,5.207779200446123,103
2021,177,9,N. Fork Kusko,1740.1638140896323,87.5266821940005,5.470417637125031,119
2021,180,10,N. Fork Kusko,1809.0064707197064,90.98932707804175,5.68683294237761,154
2021,183,11,N. Fork Kusko,1824.144156399362,91.75072171968877,5.734420107480548,171
2021,186,12,N. Fork Kusko,1844.835034463399,92.79143058512005,5.799464411570003,186
2021,189,13,N. Fork Kusko,1896.276990582145,95.37885580807166,5.961178488004479,202
2021,192,14,N. Fork Kusko,1954.4687954815267,98.30578462505092,6.144111539065682,216
2021,195,15,N. Fork Kusko,1988.1523787598928,100,6.25,228
2021,198,16,N. Fork Kusko,1988.1523787598928,100,6.25,236
2021,153,1,Oskakawlik,44.2679102082203,0.7649041830447457,0.04780651144029659,1
2021,156,2,Oskakawlik,57.868900367489246,0.9999153732599859,0.06249471082874911,5
2021,159,3,Oskakawlik,57.868900367489246,0.9999153732599859,0.06249471082874911,11
2021,162,4,Oskakawlik,192.198250064859,3.320989058597828,0.2075618161623642,32
2021,165,5,Oskakawlik,390.5499032535909,6.748302625564633,0.4217689140977894,46
2021,168,6,Oskakawlik,533.6346908353564,9.220661316918392,0.5762913323073994,57
2021,171,7,Oskakawlik,1059.8257460240002,18.312704227942977,1.1445440142464358,80
2021,174,8,Oskakawlik,1628.2705923217854,28.134849405301328,1.7584280878313325,103
2021,177,9,Oskakawlik,2075.7637183246247,35.867072642254136,2.2416920401408826,119
2021,180,10,Oskakawlik,3180.8396063129853,54.96165301273705,3.4351033132960644,154
2021,183,11,Oskakawlik,4077.6422058210364,70.45748411256905,4.403592757035564,171
2021,186,12,Oskakawlik,4480.117798317154,77.41185044307014,4.838240652691882,186
2021,189,13,Oskakawlik,4847.678690806963,83.76292649040762,5.235182905650475,202
2021,192,14,Oskakawlik,5200.2325238907515,89.85469590996728,5.615918494372953,216
2021,195,15,Oskakawlik,5483.141174812756,94.74306785912702,5.921441741195438,228
2021,198,16,Oskakawlik,5787.379803834946,100,6.249999999999998,236
2021,153,1,S. Fork Kusko,0,0,0,1
2021,156,2,S. Fork Kusko,114.37813574219757,1.7279991259387248,0.1079999453711703,5
2021,159,3,S. Fork Kusko,428.79283356226404,6.478105599434255,0.40488159996464096,11
2021,162,4,S. Fork Kusko,1534.1965188102324,23.17829562721443,1.4486434767009018,32
2021,165,5,S. Fork Kusko,2073.147108961787,31.320639814438838,1.9575399884024274,46
2021,168,6,S. Fork Kusko,2570.456166055958,38.83387309459186,2.427117068411991,57
2021,171,7,S. Fork Kusko,3262.660854725349,49.29154570159612,3.0807216063497576,80
2021,174,8,S. Fork Kusko,3944.986990308932,59.599975352444055,3.7249984595277534,103
2021,177,9,S. Fork Kusko,4508.68561705566,68.11620730525986,4.257262956578741,119
2021,180,10,S. Fork Kusko,5421.882022457629,81.91257301891099,5.119535813681937,154
2021,183,11,S. Fork Kusko,5634.196936189226,85.12017893914458,5.320011183696536,171
2021,186,12,S. Fork Kusko,5784.440300877048,87.39002186999825,5.461876366874891,186
2021,189,13,S. Fork Kusko,6020.678848613986,90.95906066708592,5.68494129169287,202
2021,192,14,S. Fork Kusko,6360.507563277302,96.09311638583503,6.0058197741146895,216
2021,195,15,S. Fork Kusko,6597.814623280348,99.67829802569513,6.2298936266059455,228
2021,198,16,S. Fork Kusko,6619.108425767423,100,6.25,236
2021,153,1,Stony,89.20581968258698,0.17309866947623473,0.01081866684226467,1
2021,156,2,Stony,703.4293424462434,1.3649634483629496,0.08531021552268436,5
2021,159,3,Stony,1284.4758872635725,2.4924502442863776,0.1557781402678986,11
2021,162,4,Stony,5960.04492910714,11.565118183073086,0.7228198864420678,32
2021,165,5,Stony,9602.11088867939,18.632333909467043,1.1645208693416904,46
2021,168,6,Stony,11952.549220422878,23.19322185779176,1.4495763661119851,57
2021,171,7,Stony,16177.093187144541,31.390702048942536,1.9619188780589085,80
2021,174,8,Stony,21306.791657250193,41.34458155085235,2.5840363469282717,103
2021,177,9,Stony,26016.300450118066,50.48310758909451,3.1551942243184077,119
2021,180,10,Stony,35428.3409412326,68.74662102202355,4.296663813876473,154
2021,183,11,Stony,40701.590118059794,78.97905226443962,4.936190766527477,171
2021,186,12,Stony,42944.414659125825,83.3311219534866,5.2081951220929135,186
2021,189,13,Stony,45135.48449109969,87.58276466013645,5.473922791258529,202
2021,192,14,Stony,48222.108838074484,93.57217846223375,5.848261153889609,216
2021,195,15,Stony,50260.118942434994,97.52681773015573,6.095426108134734,228
2021,198,16,Stony,51534.665143589875,100,6.250000000000002,236
2021,153,1,Swift,0,0,0,1
2021,156,2,Swift,665.1638484954874,2.087628829276595,0.13047680182978724,5
2021,159,3,Swift,2418.230232799481,7.5896595421401605,0.4743537213837603,11
2021,162,4,Swift,8357.89096276761,26.23139270916397,1.6394620443227488,32
2021,165,5,Swift,11264.445772151663,35.353667811256884,2.209604238203556,46
2021,168,6,Swift,13669.029919308337,42.90049886556035,2.681281179097523,57
2021,171,7,Swift,16788.406978826173,52.69072046819705,3.293170029262317,80
2021,174,8,Swift,20141.56992549723,63.21468332722192,3.950917707951372,103
2021,177,9,Swift,22764.73911821295,71.44754752026248,4.4654717200164065,119
2021,180,10,Swift,26384.98668489191,82.8097603140155,5.175610019625972,154
2021,183,11,Swift,27378.38810385465,85.92756872462243,5.370473045288905,171
2021,186,12,Swift,27932.22611581623,87.66579939235251,5.4791124620220355,186
2021,189,13,Swift,29189.766451992313,91.61261259592244,5.725788287245155,202
2021,192,14,Swift,30743.064583347477,96.48766701569147,6.03047918848072,216
2021,195,15,Swift,31797.01069552352,99.79549604647744,6.237218502904843,228
2021,198,16,Swift,31862.170093041874,100,6.250000000000003,236
2021,153,1,Takotna and Nixon Fork,18.330695758465538,0.07756018478001572,0.004847511548750981,1
2021,156,2,Takotna and Nixon Fork,172.38699257348216,0.7293976821090237,0.04558735513181396,5
2021,159,3,Takotna and Nixon Fork,352.7717504564176,1.4926352229665576,0.09328970143540984,11
2021,162,4,Takotna and Nixon Fork,2692.87222822923,11.39398473262945,0.7121240457893404,32
2021,165,5,Takotna and Nixon Fork,4305.860164957664,18.2188016446017,1.1386751027876059,46
2021,168,6,Takotna and Nixon Fork,5708.42073503755,24.15326580318781,1.5095791126992377,57
2021,171,7,Takotna and Nixon Fork,7851.812997732633,33.22231054328789,2.076394408955492,80
2021,174,8,Takotna and Nixon Fork,10027.267262263387,42.427014879704345,2.6516884299815207,103
2021,177,9,Takotna and Nixon Fork,12410.572680427096,52.51117158906558,3.2819482243165976,119
2021,180,10,Takotna and Nixon Fork,17878.958367771775,75.64880967696925,4.728050604810577,154
2021,183,11,Takotna and Nixon Fork,19265.85909990485,81.51701448889533,5.094813405555957,171
2021,186,12,Takotna and Nixon Fork,20225.057070074927,85.57553865989685,5.3484711662435505,186
2021,189,13,Takotna and Nixon Fork,20861.00006204743,88.26631791982562,5.516644869989099,202
2021,192,14,Takotna and Nixon Fork,22092.009271438128,93.47492009206721,5.8421825057542,216
2021,195,15,Takotna and Nixon Fork,23331.46694959501,98.71926912341596,6.169954320213495,228
2021,198,16,Takotna and Nixon Fork,23634.156894361415,100,6.249999999999998,236
2021,153,1,Tatlawiksuk,0,0,0,1
2021,156,2,Tatlawiksuk,310.4122386895074,2.4199860308270074,0.15124912692668796,5
2021,159,3,Tatlawiksuk,1172.5983257464914,9.141622701661749,0.5713514188538593,11
2021,162,4,Tatlawiksuk,3625.5234749510655,28.26472371340022,1.7665452320875137,32
2021,165,5,Tatlawiksuk,4795.562359762495,37.386392912791166,2.336649557049448,46
2021,168,6,Tatlawiksuk,5835.234802529945,45.49172019870937,2.843232512419336,57
2021,171,7,Tatlawiksuk,7200.094101830604,56.132217017701514,3.5082635636063446,80
2021,174,8,Tatlawiksuk,8571.623636250624,66.82471525222847,4.1765447032642795,103
2021,177,9,Tatlawiksuk,9580.540086796838,74.69026761221645,4.668141725763528,119
2021,180,10,Tatlawiksuk,10734.402470228315,83.68582417013292,5.230364010633307,154
2021,183,11,Tatlawiksuk,11004.971867267997,85.7951938392208,5.3621996149513,171
2021,186,12,Tatlawiksuk,11211.01066515594,87.40148041736036,5.4625925260850225,186
2021,189,13,Tatlawiksuk,11773.322623929724,91.78528658088175,5.736580411305109,202
2021,192,14,Tatlawiksuk,12422.382081766766,96.84537966153154,6.052836228845721,216
2021,195,15,Tatlawiksuk,12827.026054502758,100,6.25,228
2021,198,16,Tatlawiksuk,12827.026054502758,100,6.25,236
2021,153,1,Tuluksak,163.55784463195278,0.732925895343,0.04580786845893749,1
2021,156,2,Tuluksak,226.0889483893677,1.0131366385899543,0.06332103991187212,5
2021,159,3,Tuluksak,226.82827003904066,1.0164496437426718,0.06352810273391697,11
2021,162,4,Tuluksak,702.3226314858665,3.147207305523936,0.1967004565952459,32
2021,165,5,Tuluksak,1398.0077513090616,6.264670980045885,0.3915419362528676,46
2021,168,6,Tuluksak,1966.2374207847165,8.810988707563428,0.550686794222714,57
2021,171,7,Tuluksak,3939.9486383687617,17.65546855841678,1.1034667849010482,80
2021,174,8,Tuluksak,5993.260736990133,26.856651245111827,1.678540702819489,103
2021,177,9,Tuluksak,7471.525900187921,33.480967068844805,2.0925604418028,119
2021,180,10,Tuluksak,11711.716164329271,52.48186092852911,3.280116308033068,154
2021,183,11,Tuluksak,15518.21178697253,69.53930759898974,4.346206724936858,171
2021,186,12,Tuluksak,17133.941694843576,76.77962243698255,4.798726402311408,186
2021,189,13,Tuluksak,18613.442227451316,83.40947412622481,5.213092132889048,202
2021,192,14,Tuluksak,19943.59020473641,89.37005583591983,5.5856284897449875,216
2021,195,15,Tuluksak,20994.493868290294,94.07930417715772,5.879956511072355,228
2021,198,16,Tuluksak,22315.741014364048,100,6.249999999999998,236
2021,153,1,Upper Kusko Main,0,0,0,1
2021,156,2,Upper Kusko Main,508.9198954971565,1.6072558128120795,0.100453488300755,5
2021,159,3,Upper Kusko Main,1814.9572231247685,5.731944403593971,0.35824652522462325,11
2021,162,4,Upper Kusko Main,6353.333321021379,20.06491002079784,1.2540568762998654,32
2021,165,5,Upper Kusko Main,8774.643024974654,27.711818956231554,1.7319886847644725,46
2021,168,6,Upper Kusko Main,10529.22289451321,33.25308138143902,2.0783175863399395,57
2021,171,7,Upper Kusko Main,13849.299877811398,43.73845064603957,2.733653165377474,80
2021,174,8,Upper Kusko Main,16838.224070073207,53.17798292719458,3.323623932949662,103
2021,177,9,Upper Kusko Main,19724.892138355972,62.29457293174553,3.8934108082340964,119
2021,180,10,Upper Kusko Main,24619.062853683863,77.751198622162,4.859449913885125,154
2021,183,11,Upper Kusko Main,26178.64218336551,82.67661609031518,5.1672885056447,171
2021,186,12,Upper Kusko Main,27178.7458519956,85.83511401708641,5.3646946260679025,186
2021,189,13,Upper Kusko Main,28216.099296251366,89.11125308724785,5.569453317952991,202
2021,192,14,Upper Kusko Main,29786.06318103633,94.06946675122862,5.8793416719517895,216
2021,195,15,Upper Kusko Main,31373.86058191447,99.08400170006627,6.1927501062541435,228
2021,198,16,Upper Kusko Main,31663.901380250252,100,6.250000000000002,236
2022,152,1,Aniak,0,0,0,1
2022,155,2,Aniak,0,0,0,1
2022,158,3,Aniak,98.54020013623702,0.27308552839034933,0.015171418243908297,5
2022,161,4,Aniak,389.6743954910944,1.0799088904401648,0.05999493835778692,8
2022,164,5,Aniak,2899.7944173567907,8.036231807855394,0.4464573226586331,22
2022,167,6,Aniak,4390.008569331955,12.166078495240606,0.6758932497355892,36
2022,170,7,Aniak,5894.520694105453,16.33554931015088,0.9075305172306045,62
2022,173,8,Aniak,12154.18057984313,33.6830128334356,1.8712784907464222,104
2022,176,9,Aniak,14485.553902125115,40.14397307819173,2.2302207265662073,119
2022,179,10,Aniak,22059.22020921068,61.13295688848612,3.3962753826936734,175
2022,182,11,Aniak,27032.534909767073,74.91555800940158,4.161975444966755,209
2022,185,12,Aniak,30054.635682186417,83.29073874928247,4.627263263849026,226
2022,188,13,Aniak,31546.85966308136,87.42615529741255,4.857008627634031,232
2022,191,14,Aniak,34154.77198448946,94.65349107816805,5.258527282120448,248
2022,194,15,Aniak,35022.297069559565,97.05767278188607,5.392092932327004,254
2022,197,16,Aniak,35022.297069559565,97.05767278188607,5.392092932327004,254
2022,200,17,Aniak,35409.091314406534,98.1295998795208,5.451644437751154,257
2022,203,18,Aniak,36084.006617656916,100,5.555555555555556,259
2022,152,1,Big River,560.9749558557984,1.6540658732463644,0.09189254851368693,1
2022,155,2,Big River,560.9749558557984,1.6540658732463644,0.09189254851368693,1
2022,158,3,Big River,1363.179366320549,4.0194102168155075,0.2233005676008616,5
2022,161,4,Big River,2464.8561822808465,7.267765612372706,0.4037647562429282,8
2022,164,5,Big River,5580.526891478613,16.454494072461152,0.9141385595811753,22
2022,167,6,Big River,7473.504630309857,22.036044271683767,1.2242246817602096,36
2022,170,7,Big River,10756.06723892529,31.714862784040054,1.761936821335559,62
2022,173,8,Big River,17132.851124227676,50.51716491115561,2.806509161730868,104
2022,176,9,Big River,22314.536355470613,65.79565215454481,3.6553140085858233,119
2022,179,10,Big River,26483.21796928278,78.08724186253305,4.33818010347406,175
2022,182,11,Big River,29651.585620321333,87.42935018800306,4.857186121555726,209
2022,185,12,Big River,30353.06226029942,89.49769309521393,4.972094060845219,226
2022,188,13,Big River,31190.073417214397,91.96566706754115,5.10920372597451,232
2022,191,14,Big River,32411.24810225768,95.56636857964519,5.309242698869179,248
2022,194,15,Big River,33516.429127397154,98.82505633096174,5.490280907275654,254
2022,197,16,Big River,33516.429127397154,98.82505633096174,5.490280907275654,254
2022,200,17,Big River,33516.429127397154,98.82505633096174,5.490280907275654,257
2022,203,18,Big River,33914.91021786193,100,5.555555555555556,259
2022,152,1,E. Fork Kuskokwim,16.541606518634094,2.642773273422197,0.14682073741234428,1
2022,155,2,E. Fork Kuskokwim,16.541606518634094,2.642773273422197,0.14682073741234428,1
2022,158,3,E. Fork Kuskokwim,53.78364350333277,8.592755210188141,0.4773752894548967,5
2022,161,4,E. Fork Kuskokwim,56.67466513166889,9.05463989373719,0.5030355496520662,8
2022,164,5,E. Fork Kuskokwim,160.65935885929005,25.66777653912766,1.4259875855070925,22
2022,167,6,E. Fork Kuskokwim,246.74418763055988,39.421137463748664,2.190063192430481,36
2022,170,7,E. Fork Kuskokwim,297.8445913085937,47.5852042942142,2.6436224607896777,62
2022,173,8,E. Fork Kuskokwim,482.11655370718495,77.02545344531477,4.279191858073043,104
2022,176,9,E. Fork Kuskokwim,496.7787991074291,79.36797019110196,4.409331677283442,119
2022,179,10,E. Fork Kuskokwim,576.2811725945518,92.06968375131223,5.114982430628457,175
2022,182,11,E. Fork Kuskokwim,616.5817734043461,98.50831778622312,5.47268432145684,209
2022,185,12,E. Fork Kuskokwim,617.897758096471,98.71856635964086,5.484364797757825,226
2022,188,13,E. Fork Kuskokwim,620.3616882910497,99.11221668970254,5.5062342605390295,232
2022,191,14,E. Fork Kuskokwim,622.291664199928,99.42055970007378,5.5233644277818765,248
2022,194,15,E. Fork Kuskokwim,625.1096286548183,99.87077238881405,5.548376243823002,254
2022,197,16,E. Fork Kuskokwim,625.1096286548183,99.87077238881405,5.548376243823002,254
2022,200,17,E. Fork Kuskokwim,625.1096286548183,99.87077238881405,5.548376243823002,257
2022,203,18,E. Fork Kuskokwim,625.9184881650452,100,5.555555555555555,259
2022,152,1,George,0,0,0,1
2022,155,2,George,0,0,0,1
2022,158,3,George,720.9115283205329,5.315442253999874,0.29530234744443756,5
2022,161,4,George,720.9115283205329,5.315442253999874,0.29530234744443756,8
2022,164,5,George,1099.258302499145,8.105077807226003,0.45028210040144473,22
2022,167,6,George,1884.7878347490055,13.89696308503942,0.7720535047244125,36
2022,170,7,George,3558.9667195970464,26.241059185163067,1.4578366213979486,62
2022,173,8,George,4624.4165569824845,34.09685960265592,1.8942699779253294,104
2022,176,9,George,7448.776791129874,54.92150054587722,3.051194474770958,119
2022,179,10,George,9887.897107427367,72.90568124283607,4.050315624602006,175
2022,182,11,George,11052.497520874242,81.4925410771941,4.527363393177451,209
2022,185,12,George,11296.838806858717,83.29412413544294,4.6274513408579425,226
2022,188,13,George,12012.875176774325,88.57362075400422,4.920756708555793,232
2022,191,14,George,12940.772847312148,95.41521821999986,5.300845456666661,248
2022,194,15,George,13278.028325575673,97.90187843991775,5.4389932466621,254
2022,197,16,George,13278.028325575673,97.90187843991775,5.4389932466621,254
2022,200,17,George,13562.587906548066,100,5.555555555555557,257
2022,203,18,George,13562.587906548066,100,5.555555555555557,259
2022,152,1,Hoholitna,0,0,0,1
2022,155,2,Hoholitna,0,0,0,1
2022,158,3,Hoholitna,2059.815948706745,4.950686699397928,0.2750381499665516,5
2022,161,4,Hoholitna,2426.646287247818,5.832349004756395,0.32401938915313316,8
2022,164,5,Hoholitna,3748.355510580361,9.009025191059468,0.500501399503304,22
2022,167,6,Hoholitna,5920.573497138527,14.22986577198532,0.7905480984436293,36
2022,170,7,Hoholitna,10561.004888016249,25.38296029031389,1.4101644605729944,62
2022,173,8,Hoholitna,15693.05762176142,37.71764738966997,2.0954248549816654,104
2022,176,9,Hoholitna,22400.81236422264,53.83947235523341,2.991081797512968,119
2022,179,10,Hoholitna,29221.258279987385,70.23214612802333,3.9017858960012965,175
2022,182,11,Hoholitna,32825.816787887954,78.89556087314607,4.383086715174782,209
2022,185,12,Hoholitna,34136.37484044946,82.0454356586475,4.558079758813752,226
2022,188,13,Hoholitna,35988.825991074744,86.49772921353667,4.805429400752039,232
2022,191,14,Hoholitna,38950.556181667605,93.61613135571801,5.20089618642878,248
2022,194,15,Hoholitna,40163.32665456497,96.53097753572023,5.362832085317793,254
2022,197,16,Hoholitna,40163.32665456497,96.53097753572023,5.362832085317793,254
2022,200,17,Hoholitna,41394.113233600496,99.48912471894516,5.527173595496956,257
2022,203,18,Hoholitna,41606.67143322253,100,5.555555555555557,259
2022,152,1,Holitna,0,0,0,1
2022,155,2,Holitna,0,0,0,1
2022,158,3,Holitna,1899.7863655064798,4.190958490202439,0.2328310272334689,5
2022,161,4,Holitna,2059.285181957411,4.5428153784921195,0.25237863213845113,8
2022,164,5,Holitna,3695.187020057881,8.151640466410436,0.45286891480057984,22
2022,167,6,Holitna,6013.901666073323,13.266761307634315,0.7370422948685732,36
2022,170,7,Holitna,10426.744249441637,23.00156119170645,1.2778645106503586,62
2022,173,8,Holitna,15652.12125525681,34.5288247433592,1.918268041297734,104
2022,176,9,Holitna,22799.480852857254,50.296012008179744,2.79422288934332,119
2022,179,10,Holitna,30699.18833636692,67.72289049791152,3.762382805439529,175
2022,182,11,Holitna,35361.831714348555,78.00875484904805,4.333819713836003,209
2022,185,12,Holitna,37223.71245973946,82.1160929473295,4.562005163740529,226
2022,188,13,Holitna,39366.966672598646,86.844145323708,4.824674740206001,232
2022,191,14,Holitna,42751.498973904476,94.3104766128793,5.23947092293774,248
2022,194,15,Holitna,43985.670325751875,97.03307795337821,5.390726552965457,254
2022,197,16,Holitna,43985.670325751875,97.03307795337821,5.390726552965457,254
2022,200,17,Holitna,45141.60358425663,99.58308483404468,5.532393601891371,257
2022,203,18,Holitna,45330.59370422714,100,5.555555555555556,259
2022,152,1,Holokuk,0,0,0,1
2022,155,2,Holokuk,0,0,0,1
2022,158,3,Holokuk,0,0,0,5
2022,161,4,Holokuk,62.533182968924976,1.15719580169119,0.06428865564951054,8
2022,164,5,Holokuk,533.0780058012198,9.864772605508207,0.5480429225282335,22
2022,167,6,Holokuk,704.1450041750762,13.03042007342157,0.7239122263011981,36
2022,170,7,Holokuk,1048.4571654788892,19.402022614907263,1.0778901452726255,62
2022,173,8,Holokuk,2028.2722903267666,37.53380313647352,2.0852112853596396,104
2022,176,9,Holokuk,2292.6547128919547,42.42628125621702,2.3570156253453893,119
2022,179,10,Holokuk,3273.8200768149704,60.58304836754005,3.3657249093077795,175
2022,182,11,Holokuk,4128.7969579558285,76.40465875783292,4.24470326432405,209
2022,185,12,Holokuk,4637.524891341821,85.81882577712332,4.767712543173517,226
2022,188,13,Holokuk,4874.692867307601,90.20769218457266,5.01153845469848,232
2022,191,14,Holokuk,5193.147781858467,96.10079841473717,5.338933245263175,248
2022,194,15,Holokuk,5318.142050890524,98.4138558426828,5.4674364357046,254
2022,197,16,Holokuk,5318.142050890524,98.4138558426828,5.4674364357046,254
2022,200,17,Holokuk,5321.5727327952245,98.47734166746531,5.470963425970294,257
2022,203,18,Holokuk,5403.854980940608,100,5.5555555555555545,259
2022,152,1,Kisaralik,0,0,0,1
2022,155,2,Kisaralik,0,0,0,1
2022,158,3,Kisaralik,120.35279937765884,0.3864678202625517,0.021470434459030654,5
2022,161,4,Kisaralik,739.0393110940519,2.373147223195167,0.13184151239973152,8
2022,164,5,Kisaralik,2891.986039510119,9.286527165953709,0.5159181758863173,22
2022,167,6,Kisaralik,3942.1998086704775,12.65889430885263,0.7032719060473684,36
2022,170,7,Kisaralik,5757.291478949405,18.4873796038912,1.027076644660622,62
2022,173,8,Kisaralik,11276.482633336973,36.21018942699589,2.0116771903886606,104
2022,176,9,Kisaralik,13401.920471986816,43.03523490042119,2.390846383356733,119
2022,179,10,Kisaralik,18873.143767266236,60.60401395691266,3.366889664272926,175
2022,182,11,Kisaralik,23232.55393466085,74.60262266178128,4.144590147876738,209
2022,185,12,Kisaralik,26228.74112389774,84.22375269041866,4.6790973716899265,226
2022,188,13,Kisaralik,27196.907571658383,87.33265567109041,4.851814203949468,232
2022,191,14,Kisaralik,29271.60902641964,93.99478030020782,5.221932238900435,248
2022,194,15,Kisaralik,30269.5078201092,97.19915754472602,5.399953196929224,254
2022,197,16,Kisaralik,30269.5078201092,97.19915754472602,5.399953196929224,254
2022,200,17,Kisaralik,30967.014556108537,99.43893849933629,5.52438547218535,257
2022,203,18,Kisaralik,31141.738863508912,100,5.555555555555556,259
2022,152,1,Kwethluk,0,0,0,1
2022,155,2,Kwethluk,0,0,0,1
2022,158,3,Kwethluk,0,0,0,5
2022,161,4,Kwethluk,164.66484431989957,0.800160225885607,0.044453345882533725,8
2022,164,5,Kwethluk,1331.048653897498,6.467999869469677,0.3593333260816488,22
2022,167,6,Kwethluk,2585.7948952833567,12.565221411099575,0.6980678561721987,36
2022,170,7,Kwethluk,3185.2107238664908,15.477978574168935,0.859887698564941,62
2022,173,8,Kwethluk,6834.513934221226,33.21113402202936,1.8450630012238536,104
2022,176,9,Kwethluk,8554.478096478088,41.56900129036334,2.3093889605757414,119
2022,179,10,Kwethluk,13349.774297816695,64.87091073860734,3.603939485478185,175
2022,182,11,Kwethluk,16084.373468441037,78.15922069396393,4.342178927442442,209
2022,185,12,Kwethluk,18405.804634898454,89.43981245720514,4.96887846984473,226
2022,188,13,Kwethluk,18906.27888999425,91.87178021973129,5.103987789985072,232
2022,191,14,Kwethluk,19733.253306769762,95.89031883895946,5.327239935497749,248
2022,194,15,Kwethluk,20016.662633794618,97.26749726503407,5.403749848057448,254
2022,197,16,Kwethluk,20016.662633794618,97.26749726503407,5.403749848057448,254
2022,200,17,Kwethluk,20366.465519649242,98.96730366461445,5.498183536923025,257
2022,203,18,Kwethluk,20578.983932580584,100,5.555555555555556,259
2022,152,1,Lower Kusko,0,0,0,1
2022,155,2,Lower Kusko,0,0,0,1
2022,158,3,Lower Kusko,22.13295046502415,2.1405868359545295,0.11892149088636274,5
2022,161,4,Lower Kusko,37.33887793781531,3.61122710274467,0.20062372793025943,8
2022,164,5,Lower Kusko,127.83434459165386,12.363490156822648,0.6868605642679249,22
2022,167,6,Lower Kusko,154.94050485488572,14.98506064849476,0.8325033693608199,36
2022,170,7,Lower Kusko,242.9986515267196,23.5015984622017,1.3056443590112055,62
2022,173,8,Lower Kusko,433.34154641185177,41.910598913924616,2.3283666063291455,104
2022,176,9,Lower Kusko,539.7741358975735,52.2042197454408,2.9002344303022665,119
2022,179,10,Lower Kusko,713.3754771810046,68.99406195118745,3.833003441732635,175
2022,182,11,Lower Kusko,844.4664551659935,81.67251719060579,4.537362066144766,209
2022,185,12,Lower Kusko,887.5751564703149,85.84177237747976,4.768987354304429,226
2022,188,13,Lower Kusko,911.3926414130414,88.1452788536955,4.896959936316416,232
2022,191,14,Lower Kusko,985.0935711249583,95.2732593815626,5.292958854531255,248
2022,194,15,Lower Kusko,1006.246699412309,97.31908278060354,5.406615710033529,254
2022,197,16,Lower Kusko,1006.246699412309,97.31908278060354,5.406615710033529,254
2022,200,17,Lower Kusko,1017.2117657726112,98.37956844623234,5.465531580346241,257
2022,203,18,Lower Kusko,1033.9664849501253,100,5.555555555555555,259
2022,152,1,Middle Kusko Main,37.64392007437709,0.11149121283869413,0.00619395626881634,1
2022,155,2,Middle Kusko Main,37.64392007437709,0.11149121283869413,0.00619395626881634,1
2022,158,3,Middle Kusko Main,352.4810198318093,1.0439544108589627,0.05799746726994238,5
2022,161,4,Middle Kusko Main,953.1707983695037,2.823036711975615,0.15683537288753413,8
2022,164,5,Middle Kusko Main,3508.5303982678975,10.391327699438255,0.5772959833021252,22
2022,167,6,Middle Kusko Main,4675.082224272194,13.846341886681198,0.7692412159267332,36
2022,170,7,Middle Kusko Main,7200.801812456654,21.326847094979225,1.184824838609957,62
2022,173,8,Middle Kusko Main,13069.915913841194,38.70959172304046,2.1505328735022475,104
2022,176,9,Middle Kusko Main,15846.162996044835,46.93209229479824,2.6073384608221244,119
2022,179,10,Middle Kusko Main,21898.895922354226,64.85866672194625,3.603259262330347,175
2022,182,11,Middle Kusko Main,26727.45299797328,79.1595600284342,4.397753334913011,209
2022,185,12,Middle Kusko Main,29211.493420927804,86.51662270810054,4.806479039338918,226
2022,188,13,Middle Kusko Main,30380.215572986075,89.9780648200531,4.998781378891839,232
2022,191,14,Middle Kusko Main,32400.193594357734,95.96069890984134,5.33114993943563,248
2022,194,15,Middle Kusko Main,33205.42596539471,98.34558160767166,5.463643422648425,254
2022,197,16,Middle Kusko Main,33205.42596539471,98.34558160767166,5.463643422648425,254
2022,200,17,Middle Kusko Main,33412.09025018026,98.95766588889578,5.497648104938654,257
2022,203,18,Middle Kusko Main,33764.02419161091,100,5.555555555555555,259
2022,152,1,N. Fork Kusko,33.48404902216191,2.4509925285230354,0.13616625158461307,1
2022,155,2,N. Fork Kusko,33.48404902216191,2.4509925285230354,0.13616625158461307,1
2022,158,3,N. Fork Kusko,77.6333362558231,5.682667798073051,0.3157037665596138,5
2022,161,4,N. Fork Kusko,108.00507455705754,7.905842886764168,0.43921349370912033,8
2022,164,5,N. Fork Kusko,265.37377896332623,19.42504471530728,1.0791691508504042,22
2022,167,6,N. Fork Kusko,369.5708391351219,27.05214548218602,1.5028969712325562,36
2022,170,7,N. Fork Kusko,487.5523610882866,35.68825244223707,1.9826806912353925,62
2022,173,8,N. Fork Kusko,757.122066738112,55.4204339961039,3.078912999783549,104
2022,176,9,N. Fork Kusko,968.5994934133304,70.90032988292376,3.938907215717985,119
2022,179,10,N. Fork Kusko,1111.9559371727892,81.39385091251935,4.521880606251074,175
2022,182,11,N. Fork Kusko,1243.9487727932699,91.05556935374625,5.058642741874791,209
2022,185,12,N. Fork Kusko,1259.3014433868902,92.17936656515678,5.121075920286486,226
2022,188,13,N. Fork Kusko,1288.5699333012456,94.32178518525129,5.240099176958403,232
2022,191,14,N. Fork Kusko,1318.841077939577,96.53759693756606,5.363199829864779,248
2022,194,15,N. Fork Kusko,1360.0495788986839,99.55401015257348,5.530778341809636,254
2022,197,16,N. Fork Kusko,1360.0495788986839,99.55401015257348,5.530778341809636,254
2022,200,17,N. Fork Kusko,1360.0495788986839,99.55401015257348,5.530778341809636,257
2022,203,18,N. Fork Kusko,1366.1424354622309,100,5.555555555555554,259
2022,152,1,Oskakawlik,0,0,0,1
2022,155,2,Oskakawlik,0,0,0,1
2022,158,3,Oskakawlik,127.36652036342848,2.0108570962418257,0.11171428312454583,5
2022,161,4,Oskakawlik,167.0046919036645,2.636662828362785,0.1464812682423769,8
2022,164,5,Oskakawlik,509.14543347362695,8.038366008572677,0.44657588936514864,22
2022,167,6,Oskakawlik,767.9022850109606,12.123607951512994,0.673533775084055,36
2022,170,7,Oskakawlik,1222.4107244319723,19.299367469035055,1.0721870816130583,62
2022,173,8,Oskakawlik,2149.8114220401726,33.941129436966946,1.8856183020537185,104
2022,176,9,Oskakawlik,2791.692727951098,44.075123639312835,2.4486179799618233,119
2022,179,10,Oskakawlik,3911.8304826175254,61.759809899974215,3.431100549998566,175
2022,182,11,Oskakawlik,4733.495964174266,74.73222886541963,4.151790492523311,209
2022,185,12,Oskakawlik,5174.7635124730705,81.69894176851207,4.538830098250669,226
2022,188,13,Oskakawlik,5463.4321680176845,86.25642997505295,4.79202388750294,232
2022,191,14,Oskakawlik,5939.89076851564,93.77873768309854,5.209929871283251,248
2022,194,15,Oskakawlik,6134.257804548251,96.84739601314028,5.3804108896189025,254
2022,197,16,Oskakawlik,6134.257804548251,96.84739601314028,5.3804108896189025,254
2022,200,17,Oskakawlik,6255.311802193586,98.75859127464997,5.48658840414722,257
2022,203,18,Oskakawlik,6333.941909719445,100,5.555555555555554,259
2022,152,1,S. Fork Kusko,103.66207343197094,1.4359631073292245,0.07977572818495689,1
2022,155,2,S. Fork Kusko,103.66207343197094,1.4359631073292245,0.07977572818495689,1
2022,158,3,S. Fork Kusko,363.8516109107323,5.040199105731752,0.2800110614295417,5
2022,161,4,S. Fork Kusko,516.8951364571757,7.160211268564988,0.3977895149202769,8
2022,164,5,S. Fork Kusko,1225.941439207782,16.982167345936304,0.9434537414409055,22
2022,167,6,S. Fork Kusko,1643.9552841578277,22.7726405617265,1.265146697873694,36
2022,170,7,S. Fork Kusko,2389.205785123775,33.09610978895567,1.8386727660530924,62
2022,173,8,S. Fork Kusko,3613.06955292341,50.049496507682065,2.780527583760114,104
2022,176,9,S. Fork Kusko,4668.296964781278,64.66687375187549,3.592604097326415,119
2022,179,10,S. Fork Kusko,5593.296100603993,77.48028360735671,4.3044602004087045,175
2022,182,11,S. Fork Kusko,6331.578699598868,87.70723103220737,4.872623946233742,209
2022,185,12,S. Fork Kusko,6450.176772123961,89.35009279551323,4.963894044195178,226
2022,188,13,S. Fork Kusko,6614.1882498294835,91.62203684762828,5.09011315820157,232
2022,191,14,S. Fork Kusko,6925.344849392672,95.93228632250468,5.329571462361369,248
2022,194,15,S. Fork Kusko,7126.256474963798,98.7153840611681,5.484188003398225,254
2022,197,16,S. Fork Kusko,7126.256474963798,98.7153840611681,5.484188003398225,254
2022,200,17,S. Fork Kusko,7171.992641788678,99.34893735657158,5.519385408698419,257
2022,203,18,S. Fork Kusko,7218.992807188064,100,5.555555555555554,259
2022,152,1,Stony,101.09070400418238,0.19901709180498334,0.011056505100276847,1
2022,155,2,Stony,101.09070400418238,0.19901709180498334,0.011056505100276847,1
2022,158,3,Stony,1510.6266753997227,2.9739680883876827,0.1652204493548712,5
2022,161,4,Stony,2257.5581998642524,4.4444508715548015,0.24691393730859995,8
2022,164,5,Stony,5547.811780990445,10.92196733033399,0.6067759627963326,22
2022,167,6,Stony,7767.215191029858,15.291302934029389,0.849516829668299,36
2022,170,7,Stony,12391.445925844,24.395017877392096,1.355278770966227,62
2022,173,8,Stony,20923.21499594214,41.191496693212684,2.288416482956259,104
2022,176,9,Stony,26761.41364804742,52.68514814778852,2.926952674877139,119
2022,179,10,Stony,35257.436080998705,69.41125262170641,3.85618070120591,175
2022,182,11,Stony,40583.90276389832,79.89745824535069,4.43874768029726,209
2022,185,12,Stony,42782.9148118493,84.2266494102398,4.679258300568876,226
2022,188,13,Stony,44469.310424049,87.54665349645906,4.863702972025502,232
2022,191,14,Stony,47884.4123516231,94.26995867608538,5.237219926449185,248
2022,194,15,Stony,49310.333991194,97.07716810888796,5.393176006049329,254
2022,197,16,Stony,49310.333991194,97.07716810888796,5.393176006049329,254
2022,200,17,Stony,50202.04680019096,98.83268155317543,5.490704530731967,257
2022,203,18,Stony,50794.986042324985,100,5.555555555555554,259
2022,152,1,Swift,582.961443485636,1.7213874655940344,0.09563263697744634,1
2022,155,2,Swift,582.961443485636,1.7213874655940344,0.09563263697744634,1
2022,158,3,Swift,1615.4298588638928,4.770093702883393,0.26500520571574404,5
2022,161,4,Swift,2487.9909776971676,7.3466204864447064,0.4081455825802614,8
2022,164,5,Swift,5988.526929810216,17.683116627251923,0.9823953681806621,22
2022,167,6,Swift,8024.396554306877,23.694698512046912,1.3163721395581616,36
2022,170,7,Swift,11383.822970112444,33.614521835483714,1.8674734353046503,62
2022,173,8,Swift,17433.976778329758,51.47961230889495,2.8599784616052744,104
2022,176,9,Swift,22283.15776157355,65.79843125692456,3.6554684031624753,119
2022,179,10,Swift,26589.10220436067,78.51316372197252,4.3618424289984725,175
2022,182,11,Swift,29875.811921763623,88.21826681893738,4.9010148232742985,209
2022,185,12,Swift,30454.632470377695,89.92742691579562,4.995968161988644,226
2022,188,13,Swift,31222.72007091363,92.19546090469069,5.121970050260593,232
2022,191,14,Swift,32494.22906340959,95.95001391420989,5.330556328567216,248
2022,194,15,Swift,33459.87544549656,98.80140588343143,5.4889669935239676,254
2022,197,16,Swift,33459.87544549656,98.80140588343143,5.4889669935239676,254
2022,200,17,Swift,33585.98312202744,99.17378072249022,5.509654484582789,257
2022,203,18,Swift,33865.78879755358,100,5.5555555555555545,259
2022,152,1,Takotna and Nixon Fork,42.10215625533882,0.17099470100787464,0.009499705611548592,1
2022,155,2,Takotna and Nixon Fork,42.10215625533882,0.17099470100787464,0.009499705611548592,1
2022,158,3,Takotna and Nixon Fork,984.2831659843057,3.997591112764639,0.22208839515359108,5
2022,161,4,Takotna and Nixon Fork,1279.3580015434854,5.196015083626975,0.28866750464594315,8
2022,164,5,Takotna and Nixon Fork,2910.237910609499,11.819709621721568,0.6566505345400873,22
2022,167,6,Takotna and Nixon Fork,3999.363150976382,16.24310883451246,0.9023949352506921,36
2022,170,7,Takotna and Nixon Fork,7056.40624870218,28.659056542595064,1.5921698079219484,62
2022,173,8,Takotna and Nixon Fork,10497.518627551453,42.634872384122495,2.3686040213401394,104
2022,176,9,Takotna and Nixon Fork,14522.912980868517,58.98370496432924,3.276872498018292,119
2022,179,10,Takotna and Nixon Fork,18314.484347821755,74.38288329406085,4.132382405225603,175
2022,182,11,Takotna and Nixon Fork,20837.81149255577,84.63118430843308,4.701732461579616,209
2022,185,12,Takotna and Nixon Fork,21256.087116750827,86.32997889900814,4.796109938833786,226
2022,188,13,Takotna and Nixon Fork,21916.54819688887,89.012391273344,4.945132848519112,232
2022,191,14,Takotna and Nixon Fork,23480.77375928068,95.36537425901102,5.298076347722836,248
2022,194,15,Takotna and Nixon Fork,24075.894024202044,97.78240988889165,5.432356104938426,254
2022,197,16,Takotna and Nixon Fork,24075.894024202044,97.78240988889165,5.432356104938426,254
2022,200,17,Takotna and Nixon Fork,24507.516202986073,99.53541049441726,5.5297450274676265,257
2022,203,18,Takotna and Nixon Fork,24621.906998977665,100,5.555555555555556,259
2022,152,1,Tatlawiksuk,279.25140856580276,1.9622512097858122,0.10901395609921177,1
2022,155,2,Tatlawiksuk,279.25140856580276,1.9622512097858122,0.10901395609921177,1
2022,158,3,Tatlawiksuk,688.710496581966,4.839449197591787,0.2688582887550992,5
2022,161,4,Tatlawiksuk,1087.6578925049737,7.642783348389289,0.42459907491051596,8
2022,164,5,Tatlawiksuk,2583.5807307682076,18.154373654071005,1.0085763141150557,22
2022,167,6,Tatlawiksuk,3494.77346919583,24.5571669739347,1.364287054107483,36
2022,170,7,Tatlawiksuk,4822.426365362363,33.886353584159195,1.8825751991199549,62
2022,173,8,Tatlawiksuk,7349.7352519224105,51.64531474974379,2.869184152763543,104
2022,176,9,Tatlawiksuk,9510.534228571587,66.82887435221816,3.7127152417898976,119
2022,179,10,Tatlawiksuk,11183.364424078178,78.5835619713696,4.365753442853867,175
2022,182,11,Tatlawiksuk,12603.509139080195,88.56267254916634,4.920148474953685,209
2022,185,12,Tatlawiksuk,12830.311895874187,90.15637618055517,5.008687565586397,226
2022,188,13,Tatlawiksuk,13200.276162902433,92.7560509119456,5.153113939552532,232
2022,191,14,Tatlawiksuk,13678.010060402143,96.1130041432257,5.339611341290316,248
2022,194,15,Tatlawiksuk,14116.74512643032,99.19591935038888,5.510884408354936,254
2022,197,16,Tatlawiksuk,14116.74512643032,99.19591935038888,5.510884408354936,254
2022,200,17,Tatlawiksuk,14116.74512643032,99.19591935038888,5.510884408354936,257
2022,203,18,Tatlawiksuk,14231.17525285074,100,5.5555555555555545,259
2022,152,1,Tuluksak,0,0,0,1
2022,155,2,Tuluksak,0,0,0,1
2022,158,3,Tuluksak,420.2165044765536,1.7591499670233417,0.09773055372351899,5
2022,161,4,Tuluksak,600.020397526479,2.511861983709714,0.139547887983873,8
2022,164,5,Tuluksak,2037.2909892867551,8.528699702276244,0.47381665012645796,22
2022,167,6,Tuluksak,3005.678820945475,12.582656184186137,0.6990364546770076,36
2022,170,7,Tuluksak,4613.536070653352,19.313619860458566,1.072978881136587,62
2022,173,8,Tuluksak,8373.949055452642,35.0558153899845,1.9475452994435833,104
2022,176,9,Tuluksak,10387.868685882984,43.48667570536479,2.4159264280758217,119
2022,179,10,Tuluksak,14742.54593030102,61.71663633115622,3.428702018397568,175
2022,182,11,Tuluksak,17872.172695281297,74.81817508977394,4.156565282765219,209
2022,185,12,Tuluksak,19563.849775443894,81.90003324641428,4.550001847023015,226
2022,188,13,Tuluksak,20661.68931558868,86.49591268063193,4.8053284822573294,232
2022,191,14,Tuluksak,22474.446288582236,94.0846469052318,5.226924828068434,248
2022,194,15,Tuluksak,23169.11434125525,96.9927318303447,5.388485101685816,254
2022,197,16,Tuluksak,23169.11434125525,96.9927318303447,5.388485101685816,254
2022,200,17,Tuluksak,23582.639644915194,98.72387046137698,5.484659470076498,257
2022,203,18,Tuluksak,23887.474766440868,100,5.555555555555556,259
2022,152,1,Upper Kusko Main,415.0210302400578,1.223276795148788,0.06795982195271046,1
2022,155,2,Upper Kusko Main,415.0210302400578,1.223276795148788,0.06795982195271046,1
2022,158,3,Upper Kusko Main,1673.5792232304466,4.932884069601874,0.2740491149778819,5
2022,161,4,Upper Kusko Main,2275.680753453628,6.707581679068951,0.37264342661494176,8
2022,164,5,Upper Kusko Main,4911.322900878006,14.476151569118755,0.80423064272882006,22
2022,167,6,Upper Kusko Main,6974.1764439632925,20.556423861795288,1.142023547877516,36
2022,170,7,Upper Kusko Main,10459.728216024241,30.83010709800531,1.7127837276669622,62
2022,173,8,Upper Kusko Main,15380.081541828687,45.332875894825655,2.5184931052680923,104
2022,176,9,Upper Kusko Main,21297.112151020614,62.773356528356096,3.4874086960197834,119
2022,179,10,Upper Kusko Main,25727.871848338425,75.83304538189267,4.212946965660704,175
2022,182,11,Upper Kusko Main,29010.73940818918,85.5093157752009,4.750517543066718,209
2022,185,12,Upper Kusko Main,29614.66635229247,87.28939380223329,4.849410766790739,226
2022,188,13,Upper Kusko Main,30637.590906646303,90.30446961611474,5.016914978673042,232
2022,191,14,Upper Kusko Main,32244.785872249497,95.04168571710397,5.280093650950222,248
2022,194,15,Upper Kusko Main,33313.165033382815,98.19073923730501,5.455041068739169,254
2022,197,16,Upper Kusko Main,33313.165033382815,98.19073923730501,5.455041068739169,254
2022,200,17,Upper Kusko Main,33731.68789447124,99.42433769835797,5.523574316575443,257
2022,203,18,Upper Kusko Main,33926.99280211381,100,5.555555555555556,259
