year,doy,interval_number,mgmt_river,cumulative_production,cumulative_percent,overall_percent,fish_count
2017,158,1,Aniak,904.607535317713,2.274576350421457,0.15163842336143046,1
2017,161,2,Aniak,979.5059743182804,2.462903565686518,0.16419357104576784,4
2017,164,3,Aniak,2017.4679442102217,5.072790900445323,0.3381860600296882,12
2017,167,4,Aniak,2927.0137917893794,7.359784313341208,0.49065228755608054,26
2017,170,5,Aniak,6831.088840768048,17.176325111399592,1.1450883407599728,48
2017,173,6,Aniak,10326.395914357832,25.96504563013357,1.7310030420089046,73
2017,176,7,Aniak,14709.14463754599,36.985180004873634,2.465678666991576,113
2017,179,8,Aniak,20713.468160905886,52.08265792021843,3.4721771946812288,151
2017,182,9,Aniak,24809.887132558768,62.38283490367339,4.158855660244893,181
2017,185,10,Aniak,27960.962170156345,70.30600653235716,4.687067102157144,198
2017,188,11,Aniak,30398.428759722312,76.43485649558677,5.095657099705784,213
2017,191,12,Aniak,32702.747580687006,82.22891512252104,5.481927674834736,224
2017,194,13,Aniak,36138.26109443334,90.86728865450387,6.05781924363359,240
2017,197,14,Aniak,38274.04833071961,96.23758565903029,6.415839043935352,249
2017,200,15,Aniak,39770.37460844513,100,6.666666666666667,256
2017,158,1,Big River,0,0,0,1
2017,161,2,Big River,690.7569801777656,2.3155173925629304,0.15436782617086203,4
2017,164,3,Big River,1188.2109702758576,3.9830551795506617,0.2655370119700441,12
2017,167,4,Big River,4909.768548393277,16.458254919606276,1.0972169946404182,26
2017,170,5,Big River,6414.958223101614,21.503868602722957,1.4335912401815305,48
2017,173,6,Big River,10644.561777431596,35.682112000533664,2.3788074667022436,73
2017,176,7,Big River,18398.40483740779,61.674116395419055,4.1116077596946035,113
2017,179,8,Big River,22817.44669838445,76.48738442048024,5.099158961365349,151
2017,182,9,Big River,24805.463818980938,83.15150559703265,5.543433706468844,181
2017,185,10,Big River,27137.77118066523,90.96973750167837,6.064649166778558,198
2017,188,11,Big River,28457.505962185918,95.39367953610409,6.359578635740274,213
2017,191,12,Big River,29162.254938840055,97.75610012635802,6.517073341757201,224
2017,194,13,Big River,29258.650754915754,98.07923285624537,6.538615523749691,240
2017,197,14,Big River,29760.04183266114,99.75996833096549,6.650664555397699,249
2017,200,15,Big River,29831.647233415995,100,6.666666666666667,256
2017,158,1,E. Fork Kuskokwim,0,0,0,1
2017,161,2,E. Fork Kuskokwim,58.78174012902183,4.026866142372926,0.26845774282486173,4
2017,164,3,E. Fork Kuskokwim,145.54160017770948,9.97038435364449,0.664692290242966,12
2017,167,4,E. Fork Kuskokwim,336.91785125577405,23.080689428468794,1.5387126285645865,26
2017,170,5,E. Fork Kuskokwim,340.8579997217873,23.350610843161277,1.556707389544085,48
2017,173,6,E. Fork Kuskokwim,464.169826573552,31.79813586391787,2.1198757242611914,73
2017,176,7,E. Fork Kuskokwim,571.829473623699,39.17340217373595,2.61156014491573,113
2017,179,8,E. Fork Kuskokwim,788.9901146391919,54.05007698536749,3.603338465691166,151
2017,182,9,E. Fork Kuskokwim,1021.9532259080854,70.00930621423134,4.667287080948756,181
2017,185,10,E. Fork Kuskokwim,1156.7934636487523,79.24658954057718,5.283105969371812,198
2017,188,11,E. Fork Kuskokwim,1159.6671759818487,79.44345433007925,5.29623028867195,213
2017,191,12,E. Fork Kuskokwim,1226.2322415515491,84.00352023182207,5.600234682121472,224
2017,194,13,E. Fork Kuskokwim,1297.0780910948836,88.85684291719197,5.923789527812798,240
2017,197,14,E. Fork Kuskokwim,1375.0398631666665,94.19764466389388,6.279842977592925,249
2017,200,15,E. Fork Kuskokwim,1459.7391135128048,100,6.666666666666667,256
2017,158,1,George,0,0,0,1
2017,161,2,George,200.25095962572976,1.524637344391467,0.10164248962609779,4
2017,164,3,George,441.1413728967696,3.3586885802274993,0.22391257201516665,12
2017,167,4,George,968.4729764276716,7.373597957559371,0.4915731971706247,26
2017,170,5,George,2505.9071047621933,19.07905740195734,1.2719371601304894,48
2017,173,6,George,4081.797446553495,31.077308347927534,2.071820556528502,73
2017,176,7,George,5741.150258829653,43.71101192590615,2.9140674617270768,113
2017,179,8,George,7926.32096432947,60.348100046242934,4.02320666974953,151
2017,182,9,George,9734.098291315871,74.11185342959257,4.940790228639505,181
2017,185,10,George,10375.4816667835,78.99511115848166,5.266340743898778,198
2017,188,11,George,11166.876107181672,85.02049810409213,5.668033206939476,213
2017,191,12,George,11554.296050960407,87.97017143075722,5.864678095383814,224
2017,194,13,George,12025.870041279122,91.56056279580929,6.104037519720619,240
2017,197,14,George,12529.101198838986,95.39198021878245,6.35946534791883,249
2017,200,15,George,13134.333903231036,100,6.666666666666667,256
2017,158,1,Hoholitna,0,0,0,1
2017,161,2,Hoholitna,646.0956015262219,1.5762977722291942,0.10508651814861295,4
2017,164,3,Hoholitna,1923.546773118728,4.692931643681293,0.3128621095787529,12
2017,167,4,Hoholitna,4528.949323198631,11.049406174307753,0.7366270782871837,26
2017,170,5,Hoholitna,8949.547543247223,21.834465087760414,1.4556310058506943,48
2017,173,6,Hoholitna,13801.753013585514,33.67252845674953,2.244835230449969,73
2017,176,7,Hoholitna,19993.08378169583,48.77769381285554,3.251846254190369,113
2017,179,8,Hoholitna,26951.075762177425,65.75330428306025,4.383553618870683,151
2017,182,9,Hoholitna,32427.05671944015,79.11321040734362,5.274214027156241,181
2017,185,10,Hoholitna,33928.63126143668,82.7766444251484,5.51844296167656,198
2017,188,11,Hoholitna,36317.400467032654,88.6045924381915,5.9069728292127675,213
2017,191,12,Hoholitna,37873.87586196391,92.40196962473178,6.160131308315453,224
2017,194,13,Hoholitna,39276.591604649955,95.82421502470623,6.388281001647083,240
2017,197,14,Hoholitna,39828.062469420925,97.16965414166407,6.477976942777605,249
2017,200,15,Hoholitna,40988.16942515347,100,6.666666666666667,256
2017,158,1,Holitna,202.01760664200492,0.4498431918637992,0.029989546124253277,1
2017,161,2,Holitna,800.7888986919288,1.7831586077298491,0.11887724051532327,4
2017,164,3,Holitna,2140.0882697853417,4.7654467061206205,0.317696447074708,12
2017,167,4,Holitna,3975.0795684482323,8.851517997399732,0.5901011998266488,26
2017,170,5,Holitna,8959.8733364431,19.951419519108658,1.3300946346072438,48
2017,173,6,Holitna,13950.476938058275,31.06425810181637,2.0709505401210917,73
2017,176,7,Holitna,19261.47177299422,42.890528634530305,2.8593685756353535,113
2017,179,8,Holitna,26733.068662540987,59.52792499310343,3.9685283328735625,151
2017,182,9,Holitna,32505.75374600536,72.38226539805609,4.825484359870406,181
2017,185,10,Holitna,34698.025481044024,77.26391176103962,5.150927450735974,198
2017,188,11,Holitna,37535.8835596737,83.58311906859616,5.572207937906411,213
2017,191,12,Holitna,39486.89401987504,87.9275363070991,5.8618357538066075,224
2017,194,13,Holitna,41770.648599226886,93.01289231386407,6.200859487590938,240
2017,197,14,Holitna,43142.555266005314,96.06778878641002,6.404519252427334,249
2017,200,15,Holitna,44908.45038801223,100,6.666666666666667,256
2017,158,1,Holokuk,171.71157615000863,3.3801231175151583,0.22534154116767724,1
2017,161,2,Holokuk,171.71157615000863,3.3801231175151583,0.22534154116767724,4
2017,164,3,Holokuk,384.63910788904866,7.571577698060255,0.5047718465373503,12
2017,167,4,Holokuk,453.33775732826035,8.923902907099679,0.5949268604733119,26
2017,170,5,Holokuk,795.7377754728815,15.66400886103472,1.0442672574023146,48
2017,173,6,Holokuk,1305.47326508243,25.698094802578602,1.7132063201719068,73
2017,176,7,Holokuk,1946.9761292625767,38.32600673364844,2.5550671155765623,113
2017,179,8,Holokuk,2715.646873674012,53.45720412404958,3.5638136082699723,151
2017,182,9,Holokuk,3264.720082027755,64.26564864699394,4.284376576466262,181
2017,185,10,Holokuk,3686.109231781025,72.56064679730365,4.837376453153576,198
2017,188,11,Holokuk,3931.845923965767,77.39794602137992,5.159863068091995,213
2017,191,12,Holokuk,4208.3857347288895,82.84160117982482,5.522773411988322,224
2017,194,13,Holokuk,4581.874510942785,90.19368584946967,6.012912389964645,240
2017,197,14,Holokuk,4920.376440795709,96.85705837258833,6.457137224839221,249
2017,200,15,Holokuk,5080.039104499825,100,6.666666666666667,256
2017,158,1,Kisaralik,439.7436522318437,1.5273706826755953,0.10182471217837301,1
2017,161,2,Kisaralik,527.1673020898455,1.831021045990468,0.12206806973269788,4
2017,164,3,Kisaralik,2006.5472659821442,6.969381938566767,0.4646254625711177,12
2017,167,4,Kisaralik,2755.184619803231,9.569639475836029,0.6379759650557352,26
2017,170,5,Kisaralik,5502.85498098985,19.113179522482334,1.2742119681654889,48
2017,173,6,Kisaralik,7760.035573615644,26.953091355623087,1.7968727570415393,73
2017,176,7,Kisaralik,11495.127730948037,39.92626386021058,2.6617509240140382,113
2017,179,8,Kisaralik,16115.235321214232,55.97337869260196,3.7315585795067974,151
2017,182,9,Kisaralik,19327.904849229937,67.13200992084622,4.475467328056414,181
2017,185,10,Kisaralik,21515.45961925738,74.73008895059307,4.982005930039539,198
2017,188,11,Kisaralik,22860.681619723146,79.40247622616509,5.293498415077672,213
2017,191,12,Kisaralik,24255.4887010751,84.24708838425508,5.616472558950338,224
2017,194,13,Kisaralik,26646.67916738861,92.55245947126078,6.170163964750718,240
2017,197,14,Kisaralik,27880.418777212377,96.83763266372554,6.455842177581703,249
2017,200,15,Kisaralik,28790.892559330518,100,6.666666666666667,256
2017,158,1,Kwethluk,278.7858719878425,1.2714950531419722,0.08476633687613148,1
2017,161,2,Kwethluk,278.7858719878425,1.2714950531419722,0.08476633687613148,4
2017,164,3,Kwethluk,672.4625647778089,3.0669876433890235,0.20446584289260158,12
2017,167,4,Kwethluk,1403.764733616909,6.40233273602507,0.42682218240167125,26
2017,170,5,Kwethluk,3921.830349727707,17.886802704113673,1.1924535136075785,48
2017,173,6,Kwethluk,5573.12726664606,25.418087722824517,1.6945391815216344,73
2017,176,7,Kwethluk,8068.899279432071,36.80088034929586,2.45339202328639,113
2017,179,8,Kwethluk,10635.776967236756,48.50797389314118,3.233864926209412,151
2017,182,9,Kwethluk,13819.758021463596,63.02957117093916,4.201971411395943,181
2017,185,10,Kwethluk,15752.228330139313,71.84324031530693,4.789549354353796,198
2017,188,11,Kwethluk,16812.99070109156,76.68119748152857,5.112079832101905,213
2017,191,12,Kwethluk,17911.152341178775,81.68972636774868,5.445981757849912,224
2017,194,13,Kwethluk,20357.437846325498,92.84681943056576,6.189787962037718,240
2017,197,14,Kwethluk,21029.739415932894,95.91307280230285,6.394204853486858,249
2017,200,15,Kwethluk,21925.832216093877,100,6.666666666666667,256
2017,158,1,Lower Kusko,15.438015968116252,1.3892468313358997,0.0926164554223933,1
2017,161,2,Lower Kusko,16.378054496466593,1.4738396669400025,0.09825597779600016,4
2017,164,3,Lower Kusko,69.77296031587028,6.278777287958453,0.4185851525305635,12
2017,167,4,Lower Kusko,122.91089612973978,11.060590514840117,0.737372700989341,26
2017,170,5,Lower Kusko,207.5938576843736,18.681099280402037,1.2454066186934694,48
2017,173,6,Lower Kusko,316.45736829838216,28.47758397642529,1.8985055984283528,73
2017,176,7,Lower Kusko,480.4488726043303,43.234964600565505,2.882330973371033,113
2017,179,8,Lower Kusko,651.3007048484299,58.60969714801539,3.907313143201026,151
2017,182,9,Lower Kusko,769.5396647829155,69.249866245436,4.616657749695733,181
2017,185,10,Lower Kusko,843.3751346691964,75.89422344726557,5.059614896484371,198
2017,188,11,Lower Kusko,923.5036681955572,83.10488520140497,5.540325680093664,213
2017,191,12,Lower Kusko,970.9261957873941,87.37237633024965,5.824825088683309,224
2017,194,13,Lower Kusko,1021.023248211253,91.88054444478274,6.125369629652182,240
2017,197,14,Lower Kusko,1076.9095888959791,96.90968302525592,6.46064553501706,249
2017,200,15,Lower Kusko,1111.2507597567135,100,6.666666666666667,256
2017,158,1,Middle Kusko Main,554.9342304635759,1.7671587023104225,0.11781058015402816,1
2017,161,2,Middle Kusko Main,649.5064597027658,2.0683189636936863,0.1378879309129124,4
2017,164,3,Middle Kusko Main,1995.7505091700248,6.355361926356702,0.4236907950904469,12
2017,167,4,Middle Kusko Main,3172.2299179448314,10.101798370849707,0.6734532247233137,26
2017,170,5,Middle Kusko Main,5561.1611784142515,17.709223601463655,1.1806149067642435,48
2017,173,6,Middle Kusko Main,8500.214079125122,27.068482095399375,1.8045654730266247,73
2017,176,7,Middle Kusko Main,13431.175467950658,42.770867802874086,2.8513911868582724,113
2017,179,8,Middle Kusko Main,18250.905071149507,58.11904177289746,3.8746027848598303,151
2017,182,9,Middle Kusko Main,21723.071778567843,69.17597298393684,4.611731532262456,181
2017,185,10,Middle Kusko Main,24277.5575667965,77.3105978507892,5.154039856719279,198
2017,188,11,Middle Kusko Main,25918.622210992733,82.53648140211155,5.502432093474103,213
2017,191,12,Middle Kusko Main,27241.800509256656,86.75007270018675,5.783338180012451,224
2017,194,13,Middle Kusko Main,29117.569898892278,92.72336109808037,6.181557406538691,240
2017,197,14,Middle Kusko Main,30534.590822113405,97.23578927129707,6.482385951419804,249
2017,200,15,Middle Kusko Main,31402.62556713455,100,6.666666666666667,256
2017,158,1,N. Fork Kusko,0,0,0,1
2017,161,2,N. Fork Kusko,48.88335485909262,2.897605398534324,0.1931736932356216,4
2017,164,3,N. Fork Kusko,100.82291110401233,5.976369918820978,0.39842466125473186,12
2017,167,4,N. Fork Kusko,352.52042520327046,20.8959693970884,1.3930646264725601,26
2017,170,5,N. Fork Kusko,396.12979101032164,23.480954289254928,1.565396952616995,48
2017,173,6,N. Fork Kusko,613.5553451454927,36.369052114320674,2.4246034742880447,73
2017,176,7,N. Fork Kusko,885.8905701112828,52.511970707911274,3.5007980471940843,113
2017,179,8,N. Fork Kusko,1101.9521221288173,65.3192160646661,4.354614404311073,151
2017,182,9,N. Fork Kusko,1316.6070198711348,78.04308070760763,5.202872047173841,181
2017,185,10,N. Fork Kusko,1458.5424288497222,86.45643139691762,5.763762093127841,198
2017,188,11,N. Fork Kusko,1495.1129975731492,88.6241851786686,5.908279011911239,213
2017,191,12,N. Fork Kusko,1538.007020956909,91.16676749692209,6.077784499794805,224
2017,194,13,N. Fork Kusko,1584.184977375323,93.90400793790606,6.260267195860404,240
2017,197,14,N. Fork Kusko,1637.7025214267567,97.07630912318137,6.471753941545424,249
2017,200,15,N. Fork Kusko,1687.0259450724018,100,6.666666666666667,256
2017,158,1,Oskakawlik,124.2891304851431,1.9715881666328632,0.13143921110885753,1
2017,161,2,Oskakawlik,174.50821276917316,2.768209303041819,0.1845472868694546,4
2017,164,3,Oskakawlik,393.3206733849976,6.239213214470318,0.4159475476313545,12
2017,167,4,Oskakawlik,567.0510556500108,8.995083856748627,0.599672257116575,26
2017,170,5,Oskakawlik,1170.7535320793622,18.571566160946105,1.2381044107297403,48
2017,173,6,Oskakawlik,1860.304553254015,29.50985680897716,1.9673237872651437,73
2017,176,7,Oskakawlik,2607.45561559244,41.361852131848096,2.757456808789873,113
2017,179,8,Oskakawlik,3664.7344690287387,58.133378878632605,3.87555859190884,151
2017,182,9,Oskakawlik,4383.405146727341,69.53359222251756,4.635572814834503,181
2017,185,10,Oskakawlik,4762.376556289085,75.54518425528524,5.036345617019015,198
2017,188,11,Oskakawlik,5088.557684595113,80.71936843564679,5.381291229043119,213
2017,191,12,Oskakawlik,5415.257204554741,85.90177581980686,5.72678505465379,224
2017,194,13,Oskakawlik,5825.253563155443,92.4055140455428,6.160367603036186,240
2017,197,14,Oskakawlik,6098.328204662425,96.73727443119482,6.44915162874632,249
2017,200,15,Oskakawlik,6304.010776114962,100,6.666666666666667,256
2017,158,1,S. Fork Kusko,0,0,0,1
2017,161,2,S. Fork Kusko,148.9593372190528,2.2196627042660713,0.1479775136177381,4
2017,164,3,S. Fork Kusko,335.5220597183174,4.999658405569391,0.3333105603712927,12
2017,167,4,S. Fork Kusko,917.9948018599509,13.67916145734588,0.9119440971563921,26
2017,170,5,S. Fork Kusko,1326.3410120669553,19.763982121471045,1.3175988080980696,48
2017,173,6,S. Fork Kusko,2282.6014731862233,34.01334520764907,2.2675563471766043,73
2017,176,7,S. Fork Kusko,3665.12459892249,54.61450440500373,3.6409669603335812,113
2017,179,8,S. Fork Kusko,4697.364794734296,69.9960515256008,4.6664034350400545,151
2017,182,9,S. Fork Kusko,5230.555510620528,77.94119661290199,5.196079774193466,181
2017,185,10,S. Fork Kusko,5759.447694572243,85.82228870966043,5.721485913977361,198
2017,188,11,S. Fork Kusko,6095.396633280257,90.8283080952822,6.055220539685479,213
2017,191,12,S. Fork Kusko,6283.148629096308,93.62602531492556,6.241735020995036,224
2017,194,13,S. Fork Kusko,6366.746936812632,94.8717347094619,6.324782313964128,240
2017,197,14,S. Fork Kusko,6604.4767369245565,98.41417777380694,6.560945184920462,249
2017,200,15,S. Fork Kusko,6710.899675557058,100,6.666666666666667,256
2017,158,1,Stony,358.26541531912665,0.6959395735454322,0.046395971569695486,1
2017,161,2,Stony,881.9872237332131,1.7132823490948967,0.11421882327299311,4
2017,164,3,Stony,2755.2491941017624,5.352140807246398,0.35680938714975985,12
2017,167,4,Stony,5971.681573087545,11.600141542051297,0.7733427694700865,26
2017,170,5,Stony,10462.110309752448,20.32291222101024,1.3548608147340162,48
2017,173,6,Stony,15963.510604858002,31.00952056099777,2.0673013707331847,73
2017,176,7,Stony,24195.04389427686,46.99948085889693,3.1332987239264622,113
2017,179,8,Stony,32318.31158703078,62.779132514234206,4.185275500948947,151
2017,182,9,Stony,37930.64421882265,73.68122970629835,4.91208198041989,181
2017,185,10,Stony,40829.40671295746,79.31214870578006,5.287476580385337,198
2017,188,11,Stony,44078.271678953235,85.62315055598037,5.708210037065358,213
2017,191,12,Stony,46134.30095868513,89.61703910606268,5.974469273737512,224
2017,194,13,Stony,48422.54863520552,94.06201772825375,6.270801181883584,240
2017,197,14,Stony,50036.91689950062,97.19796865557964,6.479864577038643,249
2017,200,15,Stony,51479.3854147365,100,6.666666666666667,256
2017,158,1,Swift,0,0,0,1
2017,161,2,Swift,768.919114709505,2.47516377703035,0.16501091846869,4
2017,164,3,Swift,1497.3136233134182,4.81987815412755,0.32132521027517,12
2017,167,4,Swift,4599.822665827898,14.80690780788006,0.9871271871920041,26
2017,170,5,Swift,6236.38558882663,20.0750318385432,1.3383354559028802,48
2017,173,6,Swift,10815.668236666836,34.815820977332955,2.3210547318221972,73
2017,176,7,Swift,17874.5467336787,57.53847155009576,3.835898103339718,113
2017,179,8,Swift,22437.95517500026,72.2281613466889,4.815210756445928,151
2017,182,9,Swift,24704.79386173215,79.52515383710133,5.301676922473423,181
2017,185,10,Swift,27235.902264220385,87.67283506094878,5.844855670729919,198
2017,188,11,Swift,28679.868058103388,92.32098564001241,6.154732376000827,213
2017,191,12,Swift,29495.548421070594,94.94667467469606,6.329778311646403,224
2017,194,13,Swift,29762.871616511417,95.80719261144301,6.387146174096202,240
2017,197,14,Swift,30719.723320156678,98.88731460548044,6.592487640365363,249
2017,200,15,Swift,31065.383302919785,100,6.666666666666667,256
2017,158,1,Takotna and Nixon Fork,0,0,0,1
2017,161,2,Takotna and Nixon Fork,160.12639141256395,0.676526459429014,0.045101763961934264,4
2017,164,3,Takotna and Nixon Fork,1101.6027178696497,4.654219581440326,0.31028130542935506,12
2017,167,4,Takotna and Nixon Fork,2368.2280380645702,10.005651882732888,0.6670434588488592,26
2017,170,5,Takotna and Nixon Fork,4714.4981586858285,19.91853259880603,1.3279021732537355,48
2017,173,6,Takotna and Nixon Fork,7268.998953103542,30.711178100966652,2.0474118733977766,73
2017,176,7,Takotna and Nixon Fork,10962.901492609948,46.317742293682436,3.0878494862454957,113
2017,179,8,Takotna and Nixon Fork,14937.303287656745,63.10940262544932,4.207293508363287,151
2017,182,9,Takotna and Nixon Fork,17546.82398840759,74.13450463962717,4.942300309308477,181
2017,185,10,Takotna and Nixon Fork,18845.211482478844,79.62013062908548,5.308008708605699,198
2017,188,11,Takotna and Nixon Fork,20625.463999019932,87.1416136356065,5.8094409090404335,213
2017,191,12,Takotna and Nixon Fork,21324.027130185586,90.0930099522668,6.006200663484453,224
2017,194,13,Takotna and Nixon Fork,22017.620965051763,93.02341122618816,6.201560748412543,240
2017,197,14,Takotna and Nixon Fork,22864.504488882503,96.60145421380415,6.440096947586943,249
2017,200,15,Takotna and Nixon Fork,23668.90299423175,100,6.666666666666667,256
2017,158,1,Tatlawiksuk,0,0,0,1
2017,161,2,Tatlawiksuk,374.8412328336357,2.9143554016098765,0.1942903601073251,4
2017,164,3,Tatlawiksuk,572.3242374934671,4.449767226519667,0.2966511484346444,12
2017,167,4,Tatlawiksuk,1981.6039883065494,15.406785010057861,1.027119000670524,26
2017,170,5,Tatlawiksuk,2576.238888009948,20.030015541117095,1.3353343694078061,48
2017,173,6,Tatlawiksuk,4546.327403348298,35.34726882972247,2.356484588648165,73
2017,176,7,Tatlawiksuk,7530.739780754425,58.550794938562156,3.903386329237477,113
2017,179,8,Tatlawiksuk,9442.210289392015,73.41229872712312,4.894153248474875,151
2017,182,9,Tatlawiksuk,10198.641189884587,79.29347797768217,5.286231865178811,181
2017,185,10,Tatlawiksuk,11367.405508016363,88.38051084759054,5.892034056506036,198
2017,188,11,Tatlawiksuk,11909.61283131487,92.59612189310421,6.173074792873614,213
2017,191,12,Tatlawiksuk,12300.04844483073,95.63172214078516,6.37544814271901,224
2017,194,13,Tatlawiksuk,12345.596302623653,95.98585245987275,6.399056830658184,240
2017,197,14,Tatlawiksuk,12759.96909785904,99.20756204861057,6.613837469907373,249
2017,200,15,Tatlawiksuk,12861.89160822922,100,6.666666666666667,256
2017,158,1,Tuluksak,569.0613462003664,2.3558191534347155,0.157054610228981,1
2017,161,2,Tuluksak,773.2616913129098,3.2011745573224495,0.21341163715483,4
2017,164,3,Tuluksak,1694.9043996961736,7.016621801332327,0.4677747867554885,12
2017,167,4,Tuluksak,2392.6434169020836,9.905145071815777,0.6603430047877186,26
2017,170,5,Tuluksak,4536.017328263074,18.77835592521753,1.251890395014502,48
2017,173,6,Tuluksak,7191.649803002399,29.772231875933276,1.9848154583955515,73
2017,176,7,Tuluksak,9944.240393915292,41.16749827196353,2.7444998847975683,113
2017,179,8,Tuluksak,13734.696887811891,56.85935657196215,3.7906237714641433,151
2017,182,9,Tuluksak,16532.50688901495,68.44182379191041,4.562788252794026,181
2017,185,10,Tuluksak,18107.578002227827,74.96235575442071,4.9974903836280475,198
2017,188,11,Tuluksak,19351.73618863306,80.11296333830683,5.340864222553788,213
2017,191,12,Tuluksak,20711.178555915056,85.74082822179854,5.716055214786568,224
2017,194,13,Tuluksak,22234.754020345255,92.04817677880996,6.13654511858733,240
2017,197,14,Tuluksak,23409.338863198274,96.91076231304679,6.460717487536452,249
2017,200,15,Tuluksak,24155.561574864165,100,6.666666666666667,256
2017,158,1,Upper Kusko Main,0,0,0,1
2017,161,2,Upper Kusko Main,700.6018726548928,2.285249937355116,0.1523499958236744,4
2017,164,3,Upper Kusko Main,1314.9931881644723,4.289294987876133,0.28595299919174216,12
2017,167,4,Upper Kusko Main,3848.9967402619313,12.554804522905377,0.8369869681936917,26
2017,170,5,Upper Kusko Main,6185.112874365168,20.17483732253711,1.3449891548358073,48
2017,173,6,Upper Kusko Main,10466.734938739983,34.14079564536132,2.276053043024088,73
2017,176,7,Upper Kusko Main,16496.934799498227,53.810331785503365,3.5873554523668907,113
2017,179,8,Upper Kusko Main,21356.693961458117,69.66207976662865,4.644138651108577,151
2017,182,9,Upper Kusko Main,24076.072686972497,78.53225311997298,5.235483541331532,181
2017,185,10,Upper Kusko Main,26255.663784032728,85.64172657761844,5.709448438507896,198
2017,188,11,Upper Kusko Main,27773.161921902843,90.59155994212674,6.039437329475116,213
2017,191,12,Upper Kusko Main,28722.864510985546,93.68933610704472,6.245955740469649,224
2017,194,13,Upper Kusko Main,29222.627404403127,95.3194817938484,6.354632119589892,240
2017,197,14,Upper Kusko Main,30090.438207578045,98.15014020484647,6.543342680323097,249
2017,200,15,Upper Kusko Main,30657.560085779925,100,6.666666666666667,256
2018,152,1,Aniak,272.1275763709691,0.7295965765661031,0.042917445680359004,2
2018,155,2,Aniak,301.05841751155407,0.8071625584296022,0.04748015049585896,5
2018,158,3,Aniak,301.05841751155407,0.8071625584296022,0.04748015049585896,10
2018,161,4,Aniak,1130.2921878024538,3.030406994166199,0.17825923495095286,16
2018,164,5,Aniak,4196.14724106695,11.250218381676474,0.6617775518633221,37
2018,167,6,Aniak,6226.089582931472,16.692661970090885,0.9819212923582874,65
2018,170,7,Aniak,7283.031250248047,19.526410142135784,1.1486123613021049,77
2018,173,8,Aniak,8829.862689988957,23.673593378800145,1.3925643164000086,92
2018,176,9,Aniak,16344.78151367329,43.821713315964935,2.5777478421155844,138
2018,179,10,Aniak,22788.63590330159,61.098220773460575,3.594012986674152,168
2018,182,11,Aniak,27908.50617647698,74.82501712973689,4.401471595866877,196
2018,185,12,Aniak,29018.680091822684,77.80148536875518,4.576557962867952,208
2018,188,13,Aniak,32770.79633309636,87.86121985439033,5.168307050258254,227
2018,191,14,Aniak,35128.3493652893,94.18201484437027,5.540118520257074,233
2018,194,15,Aniak,36196.69481381302,97.04633749857385,5.7086080881514025,236
2018,197,16,Aniak,36763.24730295336,98.56531165780534,5.797959509282667,239
2018,198,17,Aniak,37298.362562466566,100,5.882352941176471,240
2018,152,1,Big River,0,0,0,2
2018,155,2,Big River,62.914207662646966,0.21973423912104792,0.0129255434777087,5
2018,158,3,Big River,1924.894875017345,6.722890209758791,0.3954641299858113,10
2018,161,4,Big River,3523.978166458963,12.307850481693047,0.7239912048054732,16
2018,164,5,Big River,8343.598531332944,29.14086250032259,1.7141683823719172,37
2018,167,6,Big River,14012.122319802129,48.93875566108074,2.8787503330047493,65
2018,170,7,Big River,16012.26856873875,55.92446891201378,3.289674641883164,77
2018,173,8,Big River,17527.39815074176,61.21621235502762,3.6009536679428007,92
2018,176,9,Big River,22197.224777952168,77.52605458111847,4.560356151830498,138
2018,179,10,Big River,23846.66478230215,83.28689077053846,4.899228868855204,168
2018,182,11,Big River,26217.650481507084,91.56779834192952,5.386341078937031,196
2018,185,12,Big River,28027.335427756803,97.88830621266737,5.758135659568669,208
2018,188,13,Big River,28156.02596282783,98.33777093385628,5.784574760815076,227
2018,191,14,Big River,28616.295077530227,99.94530741039202,5.8791357300230604,233
2018,194,15,Big River,28616.295077530227,99.94530741039202,5.8791357300230604,236
2018,197,16,Big River,28631.954634975475,100,5.88235294117647,239
2018,198,17,Big River,28631.954634975475,100,5.88235294117647,240
2018,152,1,E. Fork Kuskokwim,0,0,0,2
2018,155,2,E. Fork Kuskokwim,48.747786513746654,3.9837340216281247,0.23433729538988968,5
2018,158,3,E. Fork Kuskokwim,69.22444816634352,5.657114076573076,0.3327714162690044,10
2018,161,4,E. Fork Kuskokwim,206.43640437957856,16.870257836170648,0.9923681080100382,16
2018,164,5,E. Fork Kuskokwim,374.155176331389,30.576459197779172,1.7986152469281864,37
2018,167,6,E. Fork Kuskokwim,594.9966475434718,48.623918275862444,2.8602304868154382,65
2018,170,7,E. Fork Kuskokwim,704.140733044916,57.54331826849556,3.3849010746173858,77
2018,173,8,E. Fork Kuskokwim,729.3138718272579,59.60050068784709,3.505911805167476,92
2018,176,9,E. Fork Kuskokwim,839.512247460145,68.60605867381004,4.03565051022412,138
2018,179,10,E. Fork Kuskokwim,1029.2893701085004,84.11489782505545,4.947935166179732,168
2018,182,11,E. Fork Kuskokwim,1090.426441831692,89.11110073034462,5.241829454726154,196
2018,185,12,E. Fork Kuskokwim,1110.384224234853,90.74207728213744,5.337769251890438,208
2018,188,13,E. Fork Kuskokwim,1222.7255922524487,99.9227634591752,5.8778096152456,227
2018,191,14,E. Fork Kuskokwim,1223.6707131823969,100,5.88235294117647,233
2018,194,15,E. Fork Kuskokwim,1223.6707131823969,100,5.88235294117647,236
2018,197,16,E. Fork Kuskokwim,1223.6707131823969,100,5.88235294117647,239
2018,198,17,E. Fork Kuskokwim,1223.6707131823969,100,5.88235294117647,240
2018,152,1,George,0,0,0,2
2018,155,2,George,207.91842413528403,1.7181621867793155,0.10106836392819502,5
2018,158,3,George,207.91842413528403,1.7181621867793155,0.10106836392819502,10
2018,161,4,George,207.91842413528403,1.7181621867793155,0.10106836392819502,16
2018,164,5,George,214.79081106106557,1.7749530911828206,0.10440900536369532,37
2018,167,6,George,865.9382532647412,7.15579857356529,0.4209293278567817,65
2018,170,7,George,2121.50009535942,17.53130468478138,1.031253216751846,77
2018,173,8,George,2771.7450326624244,22.90469219512426,1.3473348350073096,92
2018,176,9,George,6219.456159427925,51.39532217937454,3.0232542458455613,138
2018,179,10,George,7275.759900035015,60.12423185831557,3.5367195210773867,168
2018,182,11,George,8993.194982505329,74.31649033286386,4.371558254874344,196
2018,185,12,George,10748.25588677033,88.8196749051016,5.224686759123625,208
2018,188,13,George,11462.964398967724,94.7257659373608,5.572103878668283,227
2018,191,14,George,11697.187268882628,96.66129849076681,5.685958734750989,233
2018,194,15,George,11697.187268882628,96.66129849076681,5.685958734750989,236
2018,197,16,George,12101.210568777902,100,5.88235294117647,239
2018,198,17,George,12101.210568777902,100,5.88235294117647,240
2018,152,1,Hoholitna,0,0,0,2
2018,155,2,Hoholitna,489.91925176251,1.369689826133616,0.08056998977256563,5
2018,158,3,Hoholitna,1112.468623510695,3.110179789901588,0.18295175234715222,10
2018,161,4,Hoholitna,1139.5679219157048,3.1859425471052876,0.18740838512384042,16
2018,164,5,Hoholitna,3088.189681257508,8.63379418622982,0.5078702462488129,37
2018,167,6,Hoholitna,7326.734806906905,20.48369009320765,1.2049229466592735,65
2018,170,7,Hoholitna,10379.194685737331,29.017592824472025,1.7069172249689426,77
2018,173,8,Hoholitna,11982.42336521018,33.499813115549856,1.970577242091168,92
2018,176,9,Hoholitna,21468.12177229536,60.01941722421746,3.530553954365733,138
2018,179,10,Hoholitna,24385.45650000916,68.17554434435128,4.010326137903016,168
2018,182,11,Hoholitna,29033.14698186086,81.16930677583092,4.774665104460642,196
2018,185,12,Hoholitna,32909.87014310067,92.00764034525903,5.412214137956414,208
2018,188,13,Hoholitna,34724.80984619255,97.08175090006523,5.710691229415602,227
2018,191,14,Hoholitna,35362.39722401248,98.86428331031333,5.815546077077254,233
2018,194,15,Hoholitna,35362.39722401248,98.86428331031333,5.815546077077254,236
2018,197,16,Hoholitna,35768.6274961582,100,5.88235294117647,239
2018,198,17,Hoholitna,35768.6274961582,100,5.88235294117647,240
2018,152,1,Holitna,63.698639766355264,0.16319425046074448,0.0095996617918085,2
2018,155,2,Holitna,563.9907615179957,1.4449295923792718,0.0849958583752513,5
2018,158,3,Holitna,580.9105741776028,1.4882777102519433,0.08754574766187903,10
2018,161,4,Holitna,865.2941075794715,2.216860891103617,0.13040358182962455,16
2018,164,5,Holitna,2340.1765700717115,5.995471217273384,0.3526747774866697,37
2018,167,6,Holitna,5132.060007620218,13.14820362467947,0.773423742628204,65
2018,170,7,Holitna,8154.551734761393,20.891748443593084,1.2289263790348872,77
2018,173,8,Holitna,10125.88516136359,25.9422531661834,1.5260148921284353,92
2018,176,9,Holitna,20517.60341786431,52.56556377515819,3.092091986774011,138
2018,179,10,Holitna,24855.750469593753,63.679783153974654,3.745869597292627,168
2018,182,11,Holitna,30114.06776180566,77.15145464232792,4.538320861313407,196
2018,185,12,Holitna,33943.79614173018,86.96311867035844,5.115477568844614,208
2018,188,13,Holitna,36835.38867023279,94.37130316311615,5.551253127242127,227
2018,191,14,Holitna,37816.08481360968,96.88382105416015,5.6990482973035395,233
2018,194,15,Holitna,38039.9967776869,97.45747765469052,5.732792803217089,236
2018,197,16,Holitna,38889.57577378326,99.63407684085348,5.86082804946197,239
2018,198,17,Holitna,39032.404380985005,100,5.882352941176471,240
2018,152,1,Holokuk,32.97495676511188,0.5989756374619081,0.03523386102717107,2
2018,155,2,Holokuk,32.97495676511188,0.5989756374619081,0.03523386102717107,5
2018,158,3,Holokuk,32.97495676511188,0.5989756374619081,0.03523386102717107,10
2018,161,4,Holokuk,153.56109748923046,2.789370033542483,0.16408059020838134,16
2018,164,5,Holokuk,527.8039934559499,9.587328216596854,0.5639604833292267,37
2018,167,6,Holokuk,709.5276538141845,12.888258861641647,0.7581328742142145,65
2018,170,7,Holokuk,835.6154647205619,15.178588685325575,0.892858157960328,77
2018,173,8,Holokuk,1026.0425294852869,18.637612856909332,1.0963301680534898,92
2018,176,9,Holokuk,2261.5389833597874,41.07986445143982,2.4164626147905777,138
2018,179,10,Holokuk,3498.4958826662332,63.54864439716146,3.7381555527742036,168
2018,182,11,Holokuk,4249.368293812471,77.18791265526957,4.540465450309974,196
2018,185,12,Holokuk,4391.308386825389,79.76619223572277,4.692128955042516,208
2018,188,13,Holokuk,4852.974020191361,88.15214612822973,5.185420360484101,227
2018,191,14,Holokuk,5058.014836338562,91.87662268880008,5.4045072169882395,233
2018,194,15,Holokuk,5178.277903430752,94.06114859395251,5.533008740820736,236
2018,197,16,Holokuk,5375.496157468077,97.64353174224868,5.743737161308745,239
2018,198,17,Holokuk,5505.225038006478,100,5.88235294117647,240
2018,152,1,Kisaralik,89.96759723686084,0.30258861444138896,0.017799330261258173,2
2018,155,2,Kisaralik,89.96759723686084,0.30258861444138896,0.017799330261258173,5
2018,158,3,Kisaralik,89.96759723686084,0.30258861444138896,0.017799330261258173,10
2018,161,4,Kisaralik,809.4712016258715,2.7224998427525526,0.1601470495736796,16
2018,164,5,Kisaralik,3102.8460419752814,10.435822601713042,0.613871917747826,37
2018,167,6,Kisaralik,4978.541013940671,16.744359898618303,0.9849623469775473,65
2018,170,7,Kisaralik,6875.73101320669,23.125191562918452,1.3603053860540264,77
2018,173,8,Kisaralik,8324.694834529093,27.99850116032106,1.646970656489474,92
2018,176,9,Kisaralik,15242.093554866136,51.26383399804014,3.0155196469435372,138
2018,179,10,Kisaralik,20081.73125789654,67.54101947297116,3.973001145468892,168
2018,182,11,Kisaralik,23065.474900469937,77.57626418755025,4.563309658091191,196
2018,185,12,Kisaralik,24401.577612482273,82.06998727003746,4.827646310002204,208
2018,188,13,Kisaralik,26979.023329447955,90.73872748593156,5.337572205054798,227
2018,191,14,Kisaralik,27845.893714777303,93.65427838262273,5.509075198977808,233
2018,194,15,Kisaralik,28334.395900733114,95.29726101347816,5.60572123608695,236
2018,197,16,Kisaralik,29416.42376604777,98.93645248472033,5.819791322630608,239
2018,198,17,Kisaralik,29732.644568583877,100,5.88235294117647,240
2018,152,1,Kwethluk,82.58171517054238,0.31164440808801497,0.01833202400517735,2
2018,155,2,Kwethluk,82.58171517054238,0.31164440808801497,0.01833202400517735,5
2018,158,3,Kwethluk,82.58171517054238,0.31164440808801497,0.01833202400517735,10
2018,161,4,Kwethluk,376.44287819306345,1.4206088806844464,0.08356522827555567,16
2018,164,5,Kwethluk,1634.481511981068,6.168157470212521,0.3628327923654424,37
2018,167,6,Kwethluk,3904.1163064379734,14.73323741113863,0.8666610241846253,65
2018,170,7,Kwethluk,5213.312940233746,19.673844531825363,1.1572849724603156,77
2018,173,8,Kwethluk,6547.897189442565,24.710258676643594,1.4535446280378586,92
2018,176,9,Kwethluk,11110.720857894681,41.92930623975327,2.4664297788090157,138
2018,179,10,Kwethluk,15503.217201362384,58.505577635446684,3.441504566790981,168
2018,182,11,Kwethluk,19020.2733579485,71.77813902349796,4.222243471970468,196
2018,185,12,Kwethluk,21367.1945161013,80.63487993341147,4.743228231377144,208
2018,188,13,Kwethluk,23815.159863610214,89.87293838459411,5.286643434387889,227
2018,191,14,Kwethluk,25126.23608953471,94.82063865386941,5.5776846266982,233
2018,194,15,Kwethluk,25908.464120280387,97.77258741308515,5.75132867135795,236
2018,197,16,Kwethluk,26265.801959609962,99.1210982692152,5.830652839365599,239
2018,198,17,Kwethluk,26498.699488045862,100,5.88235294117647,240
2018,152,1,Lower Kusko,4.215388594448099,0.40712265153732397,0.02394839126690141,2
2018,155,2,Lower Kusko,4.821747448848234,0.46568485026596523,0.027393226486233248,5
2018,158,3,Lower Kusko,13.838462729236502,1.3365201127477133,0.0786188301616302,10
2018,161,4,Lower Kusko,23.641457109480772,2.2832942892369057,0.13431142877864152,16
2018,164,5,Lower Kusko,110.46031017168384,10.66826779053308,0.6275451641490047,37
2018,167,6,Lower Kusko,244.01745283731557,23.56722997053101,1.3863076453253533,65
2018,170,7,Lower Kusko,277.814971650641,26.831397713639195,1.5783175125670112,77
2018,173,8,Lower Kusko,338.3574214982297,32.67859356765342,1.922270209861966,92
2018,176,9,Lower Kusko,523.2406172177712,50.53463107868353,2.972625357569619,138
2018,179,10,Lower Kusko,693.8076793796986,67.00801498064551,3.941647940037971,168
2018,182,11,Lower Kusko,814.7633290078427,78.68992370428877,4.628819041428751,196
2018,185,12,Lower Kusko,897.4347994096327,86.67434257395,5.098490739644118,208
2018,188,13,Lower Kusko,948.4669090651192,91.60302882219975,5.388413460129398,227
2018,191,14,Lower Kusko,995.938900380578,96.18787848554065,5.6581104991494495,233
2018,194,15,Lower Kusko,1009.8580334028709,97.5321897432501,5.737187631955888,236
2018,197,16,Lower Kusko,1025.3306165956303,99.02653337360115,5.825090198447127,239
2018,198,17,Lower Kusko,1035.4099872680856,100,5.88235294117647,240
2018,152,1,Middle Kusko Main,111.06354043285084,0.33644403043445087,0.01979082531967358,2
2018,155,2,Middle Kusko Main,164.25437097254408,0.49757465295183817,0.029269097232461072,5
2018,158,3,Middle Kusko Main,480.1008241474105,1.4543661732872253,0.08555095136983679,10
2018,161,4,Middle Kusko Main,1162.5632707547645,3.521745038231272,0.20716147283713365,16
2018,164,5,Middle Kusko Main,3626.570809597771,10.985946378818175,0.6462321399304809,37
2018,167,6,Middle Kusko Main,6124.921036765785,18.554181792431997,1.091422458378353,65
2018,170,7,Middle Kusko Main,7817.493839970103,23.681481115814286,1.393028300930252,77
2018,173,8,Middle Kusko Main,9130.927375748599,27.66025642554124,1.627073907384779,92
2018,176,9,Middle Kusko Main,16486.596919253745,49.9427363295297,2.9378080193841005,138
2018,179,10,Middle Kusko Main,22170.513740460592,67.16098704014158,3.950646296478916,168
2018,182,11,Middle Kusko Main,25931.838398962394,78.55514234031354,4.6208907259007965,196
2018,185,12,Middle Kusko Main,27691.684383183172,83.88623185508638,4.934484226769787,208
2018,188,13,Middle Kusko Main,29894.94006869302,90.56053937330138,5.327090551370669,227
2018,191,14,Middle Kusko Main,30993.027077993618,93.8869669096194,5.522762759389376,233
2018,194,15,Middle Kusko Main,31435.958313664054,95.22873550040526,5.6016903235532505,236
2018,197,16,Middle Kusko Main,32502.04810123107,98.4582340697482,5.791660827632247,239
2018,198,17,Middle Kusko Main,33011.0004595517,100,5.88235294117647,240
2018,152,1,N. Fork Kusko,0,0,0,2
2018,155,2,N. Fork Kusko,26.019570238130544,1.3229003509105755,0.07781766770062207,5
2018,158,3,N. Fork Kusko,79.68082891757517,4.051173619364099,0.23830433055082936,10
2018,161,4,N. Fork Kusko,233.66345603545167,11.880037416270794,0.6988257303688701,16
2018,164,5,N. Fork Kusko,643.1053154450647,32.6970906778458,1.9233582751673999,37
2018,167,6,N. Fork Kusko,1078.922160238138,54.85511448965339,3.226771440567846,65
2018,170,7,N. Fork Kusko,1230.3807003005359,62.555647356384746,3.679743962140279,77
2018,173,8,N. Fork Kusko,1299.6286775143758,66.07638857223267,3.8868463866019223,92
2018,176,9,N. Fork Kusko,1527.743638241838,77.67432654094195,4.569078031820115,138
2018,179,10,N. Fork Kusko,1679.2748824135942,85.37855586733436,5.022267992196138,168
2018,182,11,N. Fork Kusko,1839.9454495751672,93.54745134615213,5.502791255656008,196
2018,185,12,N. Fork Kusko,1879.7496778800148,95.57119836081422,5.6218351976949545,208
2018,188,13,N. Fork Kusko,1959.7729948848175,99.63978493537434,5.861163819727902,227
2018,191,14,N. Fork Kusko,1966.8579133886253,100,5.88235294117647,233
2018,194,15,N. Fork Kusko,1966.8579133886253,100,5.88235294117647,236
2018,197,16,N. Fork Kusko,1966.8579133886253,100,5.88235294117647,239
2018,198,17,N. Fork Kusko,1966.8579133886253,100,5.88235294117647,240
2018,152,1,Oskakawlik,29.966107997955007,0.5228592857654594,0.030756428574438787,2
2018,155,2,Oskakawlik,63.72868116628758,1.1119606429922018,0.06540944958777657,5
2018,158,3,Oskakawlik,63.72868116628758,1.1119606429922018,0.06540944958777657,10
2018,161,4,Oskakawlik,166.8250547101088,2.910822752139309,0.17122486777290058,16
2018,164,5,Oskakawlik,550.1382426641001,9.599007273525352,0.5646474866779618,37
2018,167,6,Oskakawlik,804.0622026676946,14.029562632108354,0.8252683901240208,65
2018,170,7,Oskakawlik,1040.8712435396676,18.161490808485915,1.0683229887344656,77
2018,173,8,Oskakawlik,1287.8599548258364,22.47103748648729,1.3218257344992526,92
2018,176,9,Oskakawlik,2752.0016733854427,48.01790173985416,2.8245824552855394,138
2018,179,10,Oskakawlik,3683.227100260285,64.2662534315601,3.7803678489153003,168
2018,182,11,Oskakawlik,4450.844859876547,77.65992048906489,4.568230617003818,196
2018,185,12,Oskakawlik,4691.527425026192,81.85943529155209,4.815260899503064,208
2018,188,13,Oskakawlik,5193.646652452433,90.62058974774992,5.330622926338231,227
2018,191,14,Oskakawlik,5431.705678507179,94.77432810915138,5.574960477008906,233
2018,194,15,Oskakawlik,5522.386319552168,96.3565561119595,5.668032712468207,236
2018,197,16,Oskakawlik,5641.75286950638,98.43930603255666,5.790547413679804,239
2018,198,17,Oskakawlik,5731.199352056071,100,5.882352941176471,240
2018,152,1,S. Fork Kusko,0,0,0,2
2018,155,2,S. Fork Kusko,39.727972312956744,0.6846583422154897,0.040274020130322934,5
2018,158,3,S. Fork Kusko,293.7086858216471,5.06167544481892,0.2977456144011129,10
2018,161,4,S. Fork Kusko,576.9848836964496,9.943560946003082,0.5849153497648872,16
2018,164,5,S. Fork Kusko,1321.1194997349028,22.767723442609732,1.3392778495652786,37
2018,167,6,S. Fork Kusko,2331.8243391686274,40.185866366812895,2.3638744921654644,65
2018,170,7,S. Fork Kusko,2737.59878274958,47.17884490765178,2.7752261710383404,77
2018,173,8,S. Fork Kusko,3125.5509349231597,53.86468014922205,3.1685105970130625,92
2018,176,9,S. Fork Kusko,4070.9864955034573,70.15799455448231,4.126940856146019,138
2018,179,10,S. Fork Kusko,4572.921424969037,78.80817015370046,4.635774714923556,168
2018,182,11,S. Fork Kusko,5090.376304230796,87.72581128111156,5.160341840065386,196
2018,185,12,S. Fork Kusko,5558.574532783502,95.79458006860338,5.63497529815314,208
2018,188,13,S. Fork Kusko,5653.3622030594715,97.42811849040822,5.731065793553425,227
2018,191,14,S. Fork Kusko,5733.601155189498,98.81092925944753,5.812407603496913,233
2018,194,15,S. Fork Kusko,5733.601155189498,98.81092925944753,5.812407603496913,236
2018,197,16,S. Fork Kusko,5802.59815200685,100,5.882352941176471,239
2018,198,17,S. Fork Kusko,5802.59815200685,100,5.882352941176471,240
2018,152,1,Stony,111.0229310577685,0.23494744281315974,0.013820437812538808,2
2018,155,2,Stony,345.7060747074434,0.7315854251337175,0.04303443677257162,5
2018,158,3,Stony,1350.1806248119403,2.8572609470234567,0.168074173354321,10
2018,161,4,Stony,2106.3118929004595,4.457390813672647,0.2621994596278027,16
2018,164,5,Stony,6271.208256796743,13.271171362936835,0.7806571389962843,37
2018,167,6,Stony,12303.5628608839,26.03687908538034,1.5315811226694316,65
2018,170,7,Stony,15084.4257198482,31.92175900435666,1.8777505296680388,77
2018,173,8,Stony,17688.644119657845,37.43282277949595,2.201930751735056,92
2018,176,9,Stony,27341.924733851807,57.86115747985263,3.40359749881486,138
2018,179,10,Stony,32770.38873245269,69.3489080078129,4.079347529871347,168
2018,182,11,Stony,38307.574294043065,81.06673580863621,4.768631518155071,196
2018,185,12,Stony,42108.868161058526,89.1110584087297,5.241826965219394,208
2018,188,13,Stony,44564.18829966997,94.30702272311309,5.547471924889005,227
2018,191,14,Stony,46012.15831766386,97.37122621473928,5.727719189102311,233
2018,194,15,Stony,46410.17093182727,98.21350307605199,5.777264886826588,236
2018,197,16,Stony,47029.4037765793,99.52392761622833,5.85434868330755,239
2018,198,17,Stony,47254.36877644959,100,5.88235294117647,240
2018,152,1,Swift,0,0,0,2
2018,155,2,Swift,170.37239578985617,0.6223076924302944,0.03660633484884084,5
2018,158,3,Swift,1611.3101426301705,5.88552325041268,0.34620725002427527,10
2018,161,4,Swift,3233.1391311894217,11.809467975776206,0.6946745868103651,16
2018,164,5,Swift,7338.435816453462,26.804606684159094,1.576741569656417,37
2018,167,6,Swift,12455.776381388887,45.4963694170895,2.676257024534676,65
2018,170,7,Swift,14239.229358998846,52.010667123059015,3.0594510072387653,77
2018,173,8,Swift,15937.011920263352,58.21204231092742,3.4242377829957307,92
2018,176,9,Swift,20318.33582260889,74.21540691009261,4.365612171181918,138
2018,179,10,Swift,22303.279483033788,81.46567596451595,4.792098586147997,168
2018,182,11,Swift,24588.35671294892,89.8122225478455,5.283071914579147,196
2018,185,12,Swift,26520.125645816723,96.86826388217222,5.698133169539542,208
2018,188,13,Swift,26822.896408978395,97.97417410950094,5.763186712323584,227
2018,191,14,Swift,27210.919376660353,99.39147928096752,5.846557604762795,233
2018,194,15,Swift,27210.919376660353,99.39147928096752,5.846557604762795,236
2018,197,16,Swift,27377.517241431153,100,5.88235294117647,239
2018,198,17,Swift,27377.517241431153,100,5.88235294117647,240
2018,152,1,Takotna and Nixon Fork,0,0,0,2
2018,155,2,Takotna and Nixon Fork,151.57839742589908,0.6927420203925696,0.040749530611327626,5
2018,158,3,Takotna and Nixon Fork,488.29547148513956,2.2316029012677863,0.13127075889810508,10
2018,161,4,Takotna and Nixon Fork,662.3240847459517,3.026946665311392,0.17805568619478776,16
2018,164,5,Takotna and Nixon Fork,1694.6824731057955,7.745020268584765,0.45558942756380977,37
2018,167,6,Takotna and Nixon Fork,4646.985906885838,21.23760681297359,1.2492709889984464,65
2018,170,7,Takotna and Nixon Fork,6508.258901024421,29.743977353617545,1.749645726683385,77
2018,173,8,Takotna and Nixon Fork,7888.910558656114,36.05381724510798,2.1208127791239986,92
2018,176,9,Takotna and Nixon Fork,12482.977998004151,57.04957662638448,3.3558574486108514,138
2018,179,10,Takotna and Nixon Fork,14950.722641521446,68.3276376112872,4.019272800663954,168
2018,182,11,Takotna and Nixon Fork,17516.766497267166,80.054944636777,4.709114390398647,196
2018,185,12,Takotna and Nixon Fork,20155.76415695702,92.1156643806872,5.418568492981601,208
2018,188,13,Takotna and Nixon Fork,20792.68311985243,95.0265048215106,5.58979440126533,227
2018,191,14,Takotna and Nixon Fork,21242.83995465786,97.08380692083571,5.710812171813866,233
2018,194,15,Takotna and Nixon Fork,21242.83995465786,97.08380692083571,5.710812171813866,236
2018,197,16,Takotna and Nixon Fork,21880.930124608465,100,5.88235294117647,239
2018,198,17,Takotna and Nixon Fork,21880.930124608465,100,5.88235294117647,240
2018,152,1,Tatlawiksuk,0,0,0,2
2018,155,2,Tatlawiksuk,62.533745667818295,0.5635215978079812,0.033148329282822415,5
2018,158,3,Tatlawiksuk,780.1066418091208,7.029915393012014,0.4135244348830596,10
2018,161,4,Tatlawiksuk,1542.7202437204496,13.902192607014458,0.8177760357067326,16
2018,164,5,Tatlawiksuk,3417.8208730122988,30.799624407794653,1.8117426122232148,37
2018,167,6,Tatlawiksuk,5520.755259767756,49.750175555087324,2.9264809150051367,65
2018,170,7,Tatlawiksuk,6226.185881408275,56.10714948659006,3.300420558034709,77
2018,173,8,Tatlawiksuk,6948.1708761385225,62.613302819943875,3.683135459996698,92
2018,176,9,Tatlawiksuk,8581.73892942286,77.33416864501159,4.549068743824211,138
2018,179,10,Tatlawiksuk,9336.989675118875,84.14009562755783,4.949417389856342,168
2018,182,11,Tatlawiksuk,10192.56092985278,91.85005886992201,5.402944639407177,196
2018,185,12,Tatlawiksuk,10860.313026464844,97.86749352706443,5.756911383944966,208
2018,188,13,Tatlawiksuk,10949.885459731966,98.6746737171392,5.8043925715964235,227
2018,191,14,Tatlawiksuk,11081.283129827701,99.85876119198721,5.874044775999248,233
2018,194,15,Tatlawiksuk,11081.283129827701,99.85876119198721,5.874044775999248,236
2018,197,16,Tatlawiksuk,11096.956338686161,100,5.88235294117647,239
2018,198,17,Tatlawiksuk,11096.956338686161,100,5.88235294117647,240
2018,152,1,Tuluksak,113.79102894521104,0.5160919972065325,0.03035835277685485,2
2018,155,2,Tuluksak,245.41603350569667,1.113068860107102,0.06547463882982953,5
2018,158,3,Tuluksak,248.4216052658261,1.1267004402660228,0.06627649648623664,10
2018,161,4,Tuluksak,649.3329567748216,2.945008456468872,0.17323579155699248,16
2018,164,5,Tuluksak,2232.363968273181,10.124745241847936,0.5955732495204669,37
2018,167,6,Tuluksak,3247.814597166333,14.73025718763083,0.8664857169194604,65
2018,170,7,Tuluksak,3971.1145809138543,18.01073840527976,1.0594552003105742,77
2018,173,8,Tuluksak,4942.160550270259,22.41485583307626,1.318520931357427,92
2018,176,9,Tuluksak,10153.121087117002,46.048836962823685,2.7087551154602165,138
2018,179,10,Tuluksak,13965.722054107473,63.34064692222804,3.7259204071898844,168
2018,182,11,Tuluksak,17088.36276149368,77.50318586903128,4.559010933472429,196
2018,185,12,Tuluksak,17991.209835656842,81.59799153162258,4.7998818548013285,208
2018,188,13,Tuluksak,19994.530094907852,90.68392355302096,5.33434844429535,227
2018,191,14,Tuluksak,20819.28273914695,94.42453688003174,5.554384522354808,233
2018,194,15,Tuluksak,21220.499187436715,96.24422864334002,5.661425214314119,236
2018,197,16,Tuluksak,21640.386660694006,98.14860165660892,5.773447156271113,239
2018,198,17,Tuluksak,22048.59396408612,100,5.88235294117647,240
2018,152,1,Upper Kusko Main,0,0,0,2
2018,155,2,Upper Kusko Main,248.82219646675182,0.932721221488124,0.05486595420518376,5
2018,158,3,Upper Kusko Main,1287.671223735114,4.8268936362267345,0.28393491977804325,10
2018,161,4,Upper Kusko Main,2473.7786237501396,9.273070700281167,0.5454747470753627,16
2018,164,5,Upper Kusko Main,5394.627553046343,20.222004596857655,1.1895296821680974,37
2018,167,6,Upper Kusko Main,9303.129859942124,34.873201707257365,2.0513648063092567,65
2018,170,7,Upper Kusko Main,11401.303487146986,42.73830014401273,2.5140176555301608,77
2018,173,8,Upper Kusko Main,12995.401225419213,48.71384738507811,2.8655204344163594,92
2018,176,9,Upper Kusko Main,18305.63016719455,68.61947998251443,4.036439998971438,138
2018,179,10,Upper Kusko Main,20360.82155975141,76.32345757485778,4.489615151462223,168
2018,182,11,Upper Kusko Main,23051.207782686248,86.40849162633522,5.082852448607954,196
2018,185,12,Upper Kusko Main,25294.56708778891,94.81782512231898,5.577519124842293,208
2018,188,13,Upper Kusko Main,25992.72648747461,97.43490710823124,5.731465124013603,227
2018,191,14,Upper Kusko Main,26410.69016109389,99.00166278249011,5.823627222499419,233
2018,194,15,Upper Kusko Main,26410.69016109389,99.00166278249011,5.823627222499419,236
2018,197,16,Upper Kusko Main,26677.016747808608,100,5.88235294117647,239
2018,198,17,Upper Kusko Main,26677.016747808608,100,5.88235294117647,240
2019,152,1,Aniak,0,0,0,2
2019,155,2,Aniak,273.14432343825575,0.7891174264501517,0.06575978553751265,7
2019,158,3,Aniak,576.072234703139,1.6642800171576273,0.13869000142980228,18
2019,161,4,Aniak,3759.0548689085417,10.859957354041667,0.9049964461701387,58
2019,164,5,Aniak,4995.096550209078,14.43089750119608,1.20257479176634,77
2019,167,6,Aniak,5899.489944741419,17.043701527318202,1.4203084606098502,101
2019,170,7,Aniak,10056.96841906313,29.054709747740777,2.4212258123117314,127
2019,173,8,Aniak,19312.14201783395,55.79302405600922,4.649418671334102,152
2019,176,9,Aniak,23484.087400315373,67.84582735821121,5.6538189465176005,171
2019,179,10,Aniak,29084.723760998586,84.02613707797194,7.002178089830995,196
2019,182,11,Aniak,34126.76782371104,98.59266654024472,8.216055545020394,225
2019,185,12,Aniak,34613.90083184409,100,8.333333333333332,229
2019,152,1,Big River,104.08222947092037,0.33615972839867336,0.028013310699889445,2
2019,155,2,Big River,1547.3749794492915,4.997636536676091,0.4164697113896742,7
2019,158,3,Big River,4838.6460367934815,15.627623906732893,1.302301992227741,18
2019,161,4,Big River,10670.382940883846,34.462684452003536,2.8718903710002945,58
2019,164,5,Big River,13848.128038300772,44.72601119181307,3.7271675993177564,77
2019,167,6,Big River,17938.35264003476,57.93641990613276,4.828034992177731,101
2019,170,7,Big River,21593.18657373584,69.74062499225145,5.811718749354288,127
2019,173,8,Big River,26013.619254941925,84.01752372004076,7.001460310003396,152
2019,176,9,Big River,27261.726236096743,88.04859901435614,7.3373832511963455,171
2019,179,10,Big River,29581.746839377232,95.54168885152178,7.961807404293482,196
2019,182,11,Big River,30962.135163163442,100,8.333333333333334,225
2019,185,12,Big River,30962.135163163442,100,8.333333333333334,229
2019,152,1,E. Fork Kuskokwim,0,0,0,2
2019,155,2,E. Fork Kuskokwim,3.6135069993487967,0.41218766570900206,0.03434897214241684,7
2019,158,3,E. Fork Kuskokwim,10.835087444239015,1.2359431992794385,0.1029952666066199,18
2019,161,4,E. Fork Kuskokwim,180.61958559432122,20.60302232176866,1.7169185268140552,58
2019,164,5,E. Fork Kuskokwim,408.4824064976523,46.59501410895449,3.8829178424128736,77
2019,167,6,E. Fork Kuskokwim,643.9758219000003,73.45741708811767,6.121451424009806,101
2019,170,7,E. Fork Kuskokwim,719.2416374072395,82.04288289936538,6.836906908280447,127
2019,173,8,E. Fork Kuskokwim,783.2583196652348,89.34517588817465,7.445431324014555,152
2019,176,9,E. Fork Kuskokwim,784.0665358095374,89.43736796804843,7.45311399733737,171
2019,179,10,E. Fork Kuskokwim,841.9940473767574,96.04507781267488,8.003756484389573,196
2019,182,11,E. Fork Kuskokwim,876.6654851578882,100,8.333333333333334,225
2019,185,12,E. Fork Kuskokwim,876.6654851578882,100,8.333333333333334,229
2019,152,1,George,175.35165093313847,1.1058413997893557,0.09215344998244629,2
2019,155,2,George,175.35165093313847,1.1058413997893557,0.09215344998244629,7
2019,158,3,George,324.9255199672461,2.049117244780722,0.1707597703983935,18
2019,161,4,George,1064.4916705473,6.713133025881725,0.5594277521568103,58
2019,164,5,George,2472.6239275099406,15.593408391648653,1.2994506993040544,77
2019,167,6,George,3462.2093450189277,21.834151022161656,1.819512585180138,101
2019,170,7,George,4967.09924211157,31.324620837951038,2.610385069829253,127
2019,173,8,George,7827.476411403367,49.363364562247384,4.113613713520616,152
2019,176,9,George,11948.503322815837,75.35229676810174,6.279358064008476,171
2019,179,10,George,14386.274112249144,90.72590658475771,7.560492215396475,196
2019,182,11,George,15856.853520454202,100,8.333333333333332,225
2019,185,12,George,15856.853520454202,100,8.333333333333332,229
2019,152,1,Hoholitna,386.70385000591523,0.7943575397125371,0.06619646164271142,2
2019,155,2,Hoholitna,875.4990175432462,1.7984285534932178,0.1498690461244348,7
2019,158,3,Hoholitna,2892.991445398475,5.942711889061867,0.4952259907551555,18
2019,161,4,Hoholitna,7449.659464254656,15.302907285849432,1.2752422738207858,58
2019,164,5,Hoholitna,11594.3653637749,23.81686022716247,1.984738352263539,77
2019,167,6,Hoholitna,14920.120855093523,30.64854537777297,2.5540454481477473,101
2019,170,7,Hoholitna,19913.51965634201,40.90586240862903,3.408821867385752,127
2019,173,8,Hoholitna,27810.606652708873,57.12786432879066,4.760655360732554,152
2019,176,9,Hoholitna,37671.87805920803,77.38464556534787,6.448720463778988,171
2019,179,10,Hoholitna,44983.92722446385,92.40487715880337,7.700406429900281,196
2019,182,11,Hoholitna,48681.33437064826,100,8.333333333333332,225
2019,185,12,Hoholitna,48681.33437064826,100,8.333333333333332,229
2019,152,1,Holitna,324.47363276996435,0.6554162179955924,0.05461801816629936,2
2019,155,2,Holitna,490.24388371504057,0.9902616413450716,0.08252180344542262,7
2019,158,3,Holitna,1381.0664398468796,2.789666867775361,0.23247223898128005,18
2019,161,4,Holitna,4925.64265305909,9.949486654142097,0.8291238878451748,58
2019,164,5,Holitna,8706.836887199132,17.587259878704128,1.4656049898920105,77
2019,167,6,Holitna,11516.339669983981,23.262277822755056,1.9385231518962547,101
2019,170,7,Holitna,16387.191361583486,33.10109019981146,2.7584241833176217,127
2019,173,8,Holitna,25978.707794044854,52.47534681148252,4.3729455676235425,152
2019,176,9,Holitna,36587.57604484918,73.9045897573498,6.158715813112481,171
2019,179,10,Holitna,44559.21986723955,90.00680613985355,7.500567178321129,196
2019,182,11,Holitna,49414.38292465085,99.81392846802255,8.317827372335211,225
2019,185,12,Holitna,49506.50042842644,100,8.333333333333332,229
2019,152,1,Holokuk,0,0,0,2
2019,155,2,Holokuk,100.83586979052579,1.8180443721544832,0.15150369767954028,7
2019,158,3,Holokuk,171.1083553447308,3.085038916303627,0.2570865763586356,18
2019,161,4,Holokuk,659.8244144394946,11.896461703299158,0.9913718086082631,58
2019,164,5,Holokuk,962.8248018990244,17.35947947986802,1.446623289989002,77
2019,167,6,Holokuk,1063.490465247938,19.174455074375025,1.5978712561979187,101
2019,170,7,Holokuk,1529.8458571381393,27.582720877121545,2.2985600730934626,127
2019,173,8,Holokuk,3278.4668736402386,59.10990068612032,4.925825057176693,152
2019,176,9,Holokuk,4057.543507727917,73.15644873516824,6.096370727930688,171
2019,179,10,Holokuk,4776.82601122499,86.12492424084496,7.177077020070414,196
2019,182,11,Holokuk,5535.817227245914,99.80933745281071,8.317444787734226,225
2019,185,12,Holokuk,5546.392119738513,100,8.333333333333332,229
2019,152,1,Kisaralik,0,0,0,2
2019,155,2,Kisaralik,508.2952215364072,1.9285570731480504,0.1607130894290042,7
2019,158,3,Kisaralik,1061.4556178042712,4.027340122068286,0.3356116768390239,18
2019,161,4,Kisaralik,4357.252547962642,16.532144833991573,1.3776787361659646,58
2019,164,5,Kisaralik,5535.658492989589,21.003214055244626,1.7502678379370522,77
2019,167,6,Kisaralik,6437.501900777096,24.42495876042471,2.035413230035392,101
2019,170,7,Kisaralik,9995.706518939007,37.92538212329258,3.1604485102743816,127
2019,173,8,Kisaralik,17166.36319161031,65.13205269437523,5.427671057864602,152
2019,176,9,Kisaralik,19803.655273796852,75.13837989077187,6.261531657564322,171
2019,179,10,Kisaralik,23238.586339951504,88.17108278218404,7.34759023184867,196
2019,182,11,Kisaralik,26137.08286765547,99.16846332631367,8.26403861052614,225
2019,185,12,Kisaralik,26356.244708210754,100,8.333333333333332,229
2019,152,1,Kwethluk,0,0,0,2
2019,155,2,Kwethluk,176.70883278841455,0.950461651248208,0.07920513760401733,7
2019,158,3,Kwethluk,309.8144416555221,1.6663951719325432,0.13886626432771193,18
2019,161,4,Kwethluk,2822.219237017106,15.179836309662962,1.2649863591385802,58
2019,164,5,Kwethluk,3362.283712706014,18.08467454125492,1.5070562117712432,77
2019,167,6,Kwethluk,3923.8320131841633,21.105067560132238,1.7587556300110199,101
2019,170,7,Kwethluk,6659.078811793258,35.817106272369266,2.9847588560307723,127
2019,173,8,Kwethluk,11509.869902605005,61.90799735732981,5.158999779777485,152
2019,176,9,Kwethluk,13838.673502659238,74.43390497729932,6.202825414774942,171
2019,179,10,Kwethluk,16039.959061934967,86.27393286115287,7.189494405096072,196
2019,182,11,Kwethluk,17938.433218310172,96.48523273251239,8.040436061042698,225
2019,185,12,Kwethluk,18591.89506029507,100,8.333333333333332,229
2019,152,1,Lower Kusko,11.872455894058062,1.10890093456747,0.09240841121395584,2
2019,155,2,Lower Kusko,29.554743017124164,2.760446738656052,0.2300372282213376,7
2019,158,3,Lower Kusko,67.9721017317351,6.348671901367905,0.5290559917806588,18
2019,161,4,Lower Kusko,174.62042693284212,16.309747229072524,1.3591456024227104,58
2019,164,5,Lower Kusko,225.54088435954355,21.065776085522717,1.7554813404602263,77
2019,167,6,Lower Kusko,287.1790272982222,26.82284900452275,2.235237417043563,101
2019,170,7,Lower Kusko,420.6210352034107,39.28648488551023,3.2738737404591856,127
2019,173,8,Lower Kusko,625.294824166444,58.40325043830232,4.866937536525194,152
2019,176,9,Lower Kusko,803.7391632394156,75.0701554267914,6.25584628556595,171
2019,179,10,Lower Kusko,950.6644454448242,88.7931445204555,7.3994287100379585,196
2019,182,11,Lower Kusko,1068.3725673502881,99.78721748664582,8.315601457220485,225
2019,185,12,Lower Kusko,1070.6507248719154,100,8.333333333333332,229
2019,152,1,Middle Kusko Main,102.09563098939252,0.3121491762815055,0.02601243135679213,2
2019,155,2,Middle Kusko Main,815.4814004194673,2.49326876132704,0.20777239677725337,7
2019,158,3,Middle Kusko Main,1845.0410160385632,5.641064439102855,0.47008870325857116,18
2019,161,4,Middle Kusko Main,5342.435025307772,16.334065192863623,1.361172099405302,58
2019,164,5,Middle Kusko Main,7441.969253818005,22.753222150445744,1.8961018458704786,77
2019,167,6,Middle Kusko Main,8974.916205457012,27.44008410134623,2.286673675112186,101
2019,170,7,Middle Kusko Main,12622.465904509832,38.59217379383745,3.216014482819787,127
2019,173,8,Middle Kusko Main,20847.801668325497,63.7404760123783,5.3117063343648585,152
2019,176,9,Middle Kusko Main,25109.036410214114,76.76885834110757,6.397404861758964,171
2019,179,10,Middle Kusko Main,29207.797308803154,89.300489967953,7.441707497329417,196
2019,182,11,Middle Kusko Main,32611.947499884805,99.70840525078297,8.30903377089858,225
2019,185,12,Middle Kusko Main,32707.320328572518,100,8.333333333333332,229
2019,152,1,N. Fork Kusko,0,0,0,2
2019,155,2,N. Fork Kusko,41.99265253734043,3.0301928703487895,0.25251607252906577,7
2019,158,3,N. Fork Kusko,123.8740331668332,8.938759269605804,0.7448966058004834,18
2019,161,4,N. Fork Kusko,360.9169722100429,26.043795042626982,2.170316253552248,58
2019,164,5,N. Fork Kusko,657.6557180923797,47.45648459181274,3.954707049317728,77
2019,167,6,N. Fork Kusko,909.4331639366492,65.62476345044217,5.4687302875368475,101
2019,170,7,N. Fork Kusko,1011.1870861786382,72.96733390210692,6.080611158508908,127
2019,173,8,N. Fork Kusko,1168.272306066073,84.30261482814065,7.025217902345053,152
2019,176,9,N. Fork Kusko,1177.4838608893517,84.96732129614729,7.080610108012274,171
2019,179,10,N. Fork Kusko,1328.7879947070005,95.88543862967013,7.990453219139177,196
2019,182,11,N. Fork Kusko,1385.8079117091606,100,8.333333333333332,225
2019,185,12,N. Fork Kusko,1385.8079117091606,100,8.333333333333332,229
2019,152,1,Oskakawlik,8.610564801637333,0.13216676012979134,0.01101389667748261,2
2019,155,2,Oskakawlik,64.78465385314013,0.9944037357771656,0.08286697798143047,7
2019,158,3,Oskakawlik,161.8595728847705,2.48444275573004,0.20703689631083663,18
2019,161,4,Oskakawlik,722.9387620389032,11.096655812026999,0.9247213176689165,58
2019,164,5,Oskakawlik,1117.520624257081,17.15323950157076,1.4294366251308965,77
2019,167,6,Oskakawlik,1355.5882531230175,20.807428039006687,1.7339523365838907,101
2019,170,7,Oskakawlik,1985.358961654921,30.47401276240107,2.539501063533422,127
2019,173,8,Oskakawlik,3620.7449365242223,55.5761600476843,4.631346670640358,152
2019,176,9,Oskakawlik,4644.810212008352,71.29491865878293,5.941243221565244,171
2019,179,10,Oskakawlik,5675.65817059846,87.11778719434712,7.259815599528927,196
2019,182,11,Oskakawlik,6498.917334265517,99.75429814521371,8.312858178767808,225
2019,185,12,Oskakawlik,6514.924624906842,100,8.333333333333332,229
2019,152,1,S. Fork Kusko,56.16204860625993,0.8597374700322504,0.0716447891693542,2
2019,155,2,S. Fork Kusko,258.66998709258837,3.9597608312932695,0.32998006927443907,7
2019,158,3,S. Fork Kusko,743.5032526891896,11.381664688002575,0.9484720573335479,18
2019,161,4,S. Fork Kusko,1735.9023037610414,26.57346538979927,2.2144554491499395,58
2019,164,5,S. Fork Kusko,2313.5744318711877,35.41656115027348,2.951380095856123,77
2019,167,6,S. Fork Kusko,3091.148255798133,47.31978349946216,3.943315291621847,101
2019,170,7,S. Fork Kusko,3853.006304513562,58.982426290831114,4.915202190902593,127
2019,173,8,S. Fork Kusko,4871.426556579372,74.57256362857547,6.214380302381289,152
2019,176,9,S. Fork Kusko,5537.906642301694,84.77514556683332,7.0645954639027755,171
2019,179,10,S. Fork Kusko,6131.950716607153,93.86886565371239,7.822405471142699,196
2019,182,11,S. Fork Kusko,6532.464916778977,100,8.333333333333332,225
2019,185,12,S. Fork Kusko,6532.464916778977,100,8.333333333333332,229
2019,152,1,Stony,345.77067311086546,0.6505392680794406,0.05421160567328673,2
2019,155,2,Stony,1323.8946074793314,2.490799526794394,0.20756662723286617,7
2019,158,3,Stony,4001.8444959525955,7.529143423132412,0.6274286185943677,18
2019,161,4,Stony,10102.785266427429,19.007564966847763,1.5839637472373138,58
2019,164,5,Stony,13829.80421066259,26.01964657078285,2.168303880898571,77
2019,167,6,Stony,17657.722072885394,33.22156124432775,2.7684634370273127,101
2019,170,7,Stony,24124.852420737116,45.388938556043414,3.7824115463369514,127
2019,173,8,Stony,33600.37579454179,63.216361526319666,5.268030127193306,152
2019,176,9,Stony,41325.31875987513,77.75021050029576,6.479184208357982,171
2019,179,10,Stony,48561.18109956929,91.363894240556,7.613657853379667,196
2019,182,11,Stony,52975.24808265911,99.6686005899929,8.305716715832743,225
2019,185,12,Stony,53151.391480435836,100,8.333333333333334,229
2019,152,1,Swift,175.90319933471469,0.5817509556782754,0.04847924630652295,2
2019,155,2,Swift,1332.4488684465234,4.406704400732433,0.3672253667277028,7
2019,158,3,Swift,3978.6010529892255,13.1581174964013,1.096509791366775,18
2019,161,4,Swift,9174.17186046013,30.341024310898607,2.5284186925748844,58
2019,164,5,Swift,12082.993941440052,39.96114510408636,3.3300954253405304,77
2019,167,6,Swift,15998.4945751205,52.910575496583824,4.409214624715318,101
2019,170,7,Swift,19503.331857731988,64.50185096154176,5.375154246795146,127
2019,173,8,Swift,23987.01359411642,79.33038247753508,6.6108652064612565,152
2019,176,9,Swift,26126.82086884165,86.40720047599577,7.200600039666314,171
2019,179,10,Swift,28601.998091026373,94.59316139043656,7.882763449203048,196
2019,182,11,Swift,30236.856101014142,100,8.333333333333332,225
2019,185,12,Swift,30236.856101014142,100,8.333333333333332,229
2019,152,1,Takotna and Nixon Fork,387.7253212448257,1.4860502131539233,0.12383751776282693,2
2019,155,2,Takotna and Nixon Fork,758.0471743152907,2.9053974637386424,0.24211645531155354,7
2019,158,3,Takotna and Nixon Fork,1795.2804641718315,6.880842623040905,0.5734035519200755,18
2019,161,4,Takotna and Nixon Fork,4035.6498925642086,15.46759536830143,1.2889662806917859,58
2019,164,5,Takotna and Nixon Fork,5980.008133885416,22.919814299183358,1.909984524931947,77
2019,167,6,Takotna and Nixon Fork,7957.092339587636,30.497463331426566,2.5414552776188803,101
2019,170,7,Takotna and Nixon Fork,11140.572838149024,42.69891527237751,3.5582429393647934,127
2019,173,8,Takotna and Nixon Fork,15332.112834882255,58.76399682441643,4.896999735368037,152
2019,176,9,Takotna and Nixon Fork,20898.82587258743,80.09975862013613,6.674979885011344,171
2019,179,10,Takotna and Nixon Fork,24067.339423748403,92.2438461483032,7.686987179025266,196
2019,182,11,Takotna and Nixon Fork,26090.997317105164,100,8.333333333333334,225
2019,185,12,Takotna and Nixon Fork,26090.997317105164,100,8.333333333333334,229
2019,152,1,Tatlawiksuk,38.4505354710874,0.31932197235542514,0.02661016436295209,2
2019,155,2,Tatlawiksuk,527.9484692783346,4.384478511066564,0.365373209255547,7
2019,158,3,Tatlawiksuk,1698.2935874990196,14.103898719603999,1.175324893300333,18
2019,161,4,Tatlawiksuk,3973.156547190252,32.99606025199997,2.7496716876666643,58
2019,164,5,Tatlawiksuk,5158.8578867932965,42.84300999529327,3.570250832941106,77
2019,167,6,Tatlawiksuk,6864.7661732384195,57.01014686377015,4.750845571980846,101
2019,170,7,Tatlawiksuk,8218.697787423489,68.25420648944261,5.687850540786885,127
2019,173,8,Tatlawiksuk,10056.620949401542,83.5176935106275,6.959807792552292,152
2019,176,9,Tatlawiksuk,10542.20367464683,87.55033523244803,7.295861269370669,171
2019,179,10,Tatlawiksuk,11415.734265050673,94.80478585642697,7.900398821368915,196
2019,182,11,Tatlawiksuk,12041.305891813035,100,8.333333333333332,225
2019,185,12,Tatlawiksuk,12041.305891813035,100,8.333333333333332,229
2019,152,1,Tuluksak,4.530237780357286,0.018094874553351552,0.001507906212779296,2
2019,155,2,Tuluksak,212.72584440451698,0.84967890326762,0.07080657527230166,7
2019,158,3,Tuluksak,598.1756406731911,2.389259395121295,0.19910494959344124,18
2019,161,4,Tuluksak,2825.97341774901,11.287627043991842,0.94063558699932,58
2019,164,5,Tuluksak,4398.125862342633,17.56718733264031,1.4639322777200254,77
2019,167,6,Tuluksak,5288.239321520213,21.122517574223753,1.7602097978519793,101
2019,170,7,Tuluksak,7546.825432877649,30.143861339038615,2.511988444919884,127
2019,173,8,Tuluksak,14033.498722270688,56.05321646142829,4.67110137178569,152
2019,176,9,Tuluksak,17878.975681347118,71.41298929145489,5.951082440954573,171
2019,179,10,Tuluksak,21854.548038253688,87.29239486877604,7.27436623906467,196
2019,182,11,Tuluksak,24970.368923278475,99.73774338661693,8.31147861555141,225
2019,185,12,Tuluksak,25036.027561286355,100,8.333333333333332,229
2019,152,1,Upper Kusko Main,240.55454516193515,0.748577460611666,0.06238145505097216,2
2019,155,2,Upper Kusko Main,1027.0449322955092,3.1960430713720283,0.2663369226143357,7
2019,158,3,Upper Kusko Main,3003.807644280173,9.347496207180264,0.7789580172650219,18
2019,161,4,Upper Kusko Main,7294.16089979355,22.69857108700508,1.8915475905837569,58
2019,164,5,Upper Kusko Main,10324.269671320199,32.127913309741345,2.6773261091451124,77
2019,167,6,Upper Kusko Main,13710.038357483638,42.66402736903113,3.555335614085928,101
2019,170,7,Upper Kusko Main,17101.337494372197,53.217351540717914,4.434779295059826,127
2019,173,8,Upper Kusko Main,22412.434802570562,69.74486189541192,5.812071824617659,152
2019,176,9,Upper Kusko Main,26629.151378090606,82.86678808515408,6.905565673762841,171
2019,179,10,Upper Kusko Main,29904.050416947965,93.05788883786333,7.754824069821945,196
2019,182,11,Upper Kusko Main,32134.89021769063,100,8.333333333333332,225
2019,185,12,Upper Kusko Main,32134.89021769063,100,8.333333333333332,229
2020,153,1,Aniak,50.51525489746057,0.16446612572745262,0.009674477983967802,1
2020,156,2,Aniak,50.51525489746057,0.16446612572745262,0.009674477983967802,2
2020,159,3,Aniak,698.4947597508932,2.274139311191167,0.13377290065830394,15
2020,162,4,Aniak,4144.7045595489735,13.494210859226907,0.7937771093662886,36
2020,165,5,Aniak,5287.410742234583,17.21460104814302,1.0126235910672365,48
2020,168,6,Aniak,7316.5998114576305,23.821176928261703,1.401245701662453,62
2020,171,7,Aniak,8189.551590446679,26.663308425542017,1.5684299073848247,78
2020,174,8,Aniak,12048.07373219897,39.22577473350662,2.3073985137356834,91
2020,177,9,Aniak,13667.685658156528,44.49886103555372,2.617580060914925,117
2020,180,10,Aniak,17530.869337725904,57.07650424535251,3.3574414261972065,134
2020,183,11,Aniak,19718.354492840852,64.19845600583263,3.7763797650489783,148
2020,186,12,Aniak,21621.991547529375,70.39626321894795,4.140956659938115,177
2020,189,13,Aniak,23738.041206040805,77.28563732759507,4.546213960446768,192
2020,192,14,Aniak,25549.805206584297,83.18432687210408,4.893195698359063,203
2020,195,15,Aniak,27376.581135007702,89.13189182312388,5.243052460183757,226
2020,198,16,Aniak,29538.955757501375,96.17208942788298,5.6571817310519394,240
2020,201,17,Aniak,30714.6864887987,100,5.88235294117647,245
2020,153,1,Big River,0,0,0,1
2020,156,2,Big River,353.30299676192794,0.8902009282150751,0.05236476048323972,2
2020,159,3,Big River,3584.8617873677695,9.032607478243253,0.5313298516613678,15
2020,162,4,Big River,7158.609442791668,18.037211201456355,1.0610124236150797,36
2020,165,5,Big River,8475.959792746418,21.356476860287994,1.2562633447228233,48
2020,168,6,Big River,12485.05758986844,31.458011840213256,1.850471284718427,62
2020,171,7,Big River,16622.629207177757,41.88325625660031,2.4637209562706066,78
2020,174,8,Big River,20282.195703685735,51.104093673531196,3.0061231572665403,91
2020,177,9,Big River,23056.23194133688,58.09370218603224,3.417276599178367,117
2020,180,10,Big River,26741.04713406183,67.37815755416808,3.963421032598123,134
2020,183,11,Big River,30661.980361727237,77.25754841902702,4.544561671707472,148
2020,186,12,Big River,32884.12341259818,82.85657765071215,4.873916332394832,177
2020,189,13,Big River,34359.99008574883,86.57524942650157,5.092661730970681,192
2020,192,14,Big River,37419.734264253384,94.28474278707117,5.546161340415952,203
2020,195,15,Big River,38181.663721993835,96.2045405717812,5.659090621869481,226
2020,198,16,Big River,38648.69571190844,97.38129908993287,5.728311711172522,240
2020,201,17,Big River,39688.0058831582,100,5.88235294117647,245
2020,153,1,E. Fork Kuskokwim,0,0,0,1
2020,156,2,E. Fork Kuskokwim,9.627416620178657,0.9028114314732507,0.05310655479254416,2
2020,159,3,E. Fork Kuskokwim,228.39368913213517,21.41762858716019,1.2598605051270702,15
2020,162,4,E. Fork Kuskokwim,466.82764525739873,43.776783668296055,2.5751049216644737,36
2020,165,5,E. Fork Kuskokwim,557.9564783973586,52.32239414111337,3.077787890653728,48
2020,168,6,E. Fork Kuskokwim,667.6148607081664,62.60561393026841,3.6826831723687303,62
2020,171,7,E. Fork Kuskokwim,775.2211572656195,72.69639928456074,4.276258781444749,78
2020,174,8,E. Fork Kuskokwim,785.1296081856896,73.62556472028953,4.330915571781738,91
2020,177,9,E. Fork Kuskokwim,852.4809207294164,79.94143711764258,4.702437477508387,117
2020,180,10,E. Fork Kuskokwim,861.3045574153172,80.76887404921791,4.751110238189289,134
2020,183,11,E. Fork Kuskokwim,951.9113413245459,89.2655293316773,5.2509134900986645,148
2020,186,12,E. Fork Kuskokwim,1003.6322160109742,94.11565670799068,5.53621510047004,177
2020,189,13,E. Fork Kuskokwim,1006.1056257531711,94.34760081907156,5.549858871710092,192
2020,192,14,E. Fork Kuskokwim,1013.9978449600424,95.08769403418412,5.593393766716714,203
2020,195,15,E. Fork Kuskokwim,1063.8199678313583,99.75976587266805,5.868221521921651,226
2020,198,16,E. Fork Kuskokwim,1064.4872230264739,99.82233775894103,5.871902221114178,240
2020,201,17,E. Fork Kuskokwim,1066.3817807964815,100,5.882352941176471,245
2020,153,1,George,272.08292174700284,1.8054493219774055,0.10620290129278857,1
2020,156,2,George,272.08292174700284,1.8054493219774055,0.10620290129278857,2
2020,159,3,George,272.08292174700284,1.8054493219774055,0.10620290129278857,15
2020,162,4,George,334.6953496083395,2.220924004121268,0.13064258847772167,36
2020,165,5,George,915.0971722482979,6.072272227050686,0.35719248394415803,48
2020,168,6,George,1113.0446021470575,7.385783750681707,0.43445786768715927,62
2020,171,7,George,1909.7439456214313,12.672408432083627,0.7454357901225662,78
2020,174,8,George,3449.4218815805248,22.889185242962377,1.346422661350728,91
2020,177,9,George,4785.1471306208005,31.75260169609164,1.8678000997700968,117
2020,180,10,George,7295.897569413469,48.41308390595173,2.8478284650559846,134
2020,183,11,George,7472.498648128081,49.58494833529013,2.9167616667817726,148
2020,186,12,George,9267.481205300135,61.49583939746777,3.6174023174981045,177
2020,189,13,George,10489.173937391894,69.60257502297965,4.094269118998803,192
2020,192,14,George,12431.856136805016,82.49355045512888,4.85256179147817,203
2020,195,15,George,14437.261883201414,95.80073791795557,5.635337524585622,226
2020,198,16,George,15070.094653723427,100,5.882352941176471,240
2020,201,17,George,15070.094653723427,100,5.882352941176471,245
2020,153,1,Hoholitna,647.0736441499535,1.3595743047150017,0.07997495910088245,1
2020,156,2,Hoholitna,649.6403679652125,1.3649672793448222,0.08029219290263662,2
2020,159,3,Hoholitna,1249.8128366967253,2.62599695388313,0.15447040905194884,15
2020,162,4,Hoholitna,2138.0871228543497,4.492360861480484,0.26425652126355786,36
2020,165,5,Hoholitna,3293.314595492936,6.9196233564064835,0.4070366680239108,48
2020,168,6,Hoholitna,4941.766022236943,10.383204700870206,0.6107767471100122,62
2020,171,7,Hoholitna,8459.894690803863,17.775187640846557,1.045599272990974,78
2020,174,8,Hoholitna,13293.829175112614,27.93182618571506,1.6430485991597095,91
2020,177,9,Hoholitna,17899.942367152114,37.609786642182755,2.2123403907166326,117
2020,180,10,Hoholitna,25479.165964579293,53.534585536269084,3.1490932668393583,134
2020,183,11,Hoholitna,28084.736370941973,59.009181211186714,3.4711283065403955,148
2020,186,12,Hoholitna,32491.3947757602,68.26806478805955,4.0157685169446795,177
2020,189,13,Hoholitna,35604.553585668196,74.80916063196196,4.400538860703644,192
2020,192,14,Hoholitna,40563.597722130646,85.22866858880202,5.013451093458944,203
2020,195,15,Hoholitna,44993.00715738512,94.53535463246754,5.560903213674562,226
2020,198,16,Hoholitna,47146.61527492625,99.06032684468153,5.827078049687148,240
2020,201,17,Hoholitna,47593.841830189274,100,5.882352941176471,245
2020,153,1,Holitna,653.4595247141114,1.4357453382094183,0.08445560812996578,1
2020,156,2,Holitna,653.4595247141114,1.4357453382094183,0.08445560812996578,2
2020,159,3,Holitna,885.3894824987385,1.9453290891327364,0.11443112289016097,15
2020,162,4,Holitna,2019.5698550346774,4.4372878424610604,0.2610169319094741,36
2020,165,5,Holitna,3395.513504371149,7.460435574584142,0.4388491514461261,48
2020,168,6,Holitna,4408.50987568575,9.686135503549593,0.5697726766793878,62
2020,171,7,Holitna,7002.292019119667,15.385051013879533,0.9050030008164431,78
2020,174,8,Holitna,12409.490522329377,27.265450258427627,1.603850015201625,91
2020,177,9,Holitna,16547.826063943172,36.35797357028509,2.1387043276638287,117
2020,180,10,Holitna,23766.870567309215,52.21926122474033,3.071721248514137,134
2020,183,11,Holitna,25461.564868960097,55.942750364101826,3.2907500214177543,148
2020,186,12,Holitna,29711.079161838476,65.27954951524084,3.83997350089652,177
2020,189,13,Holitna,32801.180818299916,72.06895097021042,4.239350057071201,192
2020,192,14,Holitna,37730.53514986433,82.89945727436495,4.876438663197939,203
2020,195,15,Holitna,42701.58198339395,93.82156805143774,5.518915767731631,226
2020,198,16,Holitna,45266.43172719102,99.4569148840902,5.850406757887659,240
2020,201,17,Holitna,45513.60936536766,100,5.88235294117647,245
2020,153,1,Holokuk,0,0,0,1
2020,156,2,Holokuk,0,0,0,2
2020,159,3,Holokuk,129.20400503059548,2.4575418090242267,0.14456128288377804,15
2020,162,4,Holokuk,598.9449255194188,11.392310907222418,0.6701359357189658,36
2020,165,5,Holokuk,777.7948699322238,14.79414985046606,0.8702441088509446,48
2020,168,6,Holokuk,1098.6018154886187,20.8961006463683,1.2291823909628412,62
2020,171,7,Holokuk,1279.739982942848,24.34146303759903,1.43185076691759,78
2020,174,8,Holokuk,2487.3057825605983,47.310127507447746,2.7829486769086906,91
2020,177,9,Holokuk,2704.795694206852,51.44692304087635,3.026289590639785,117
2020,180,10,Holokuk,3476.9595058499362,66.1339666048822,3.890233329698953,134
2020,183,11,Holokuk,4010.019499350831,76.27310447786392,4.48665320458023,148
2020,186,12,Holokuk,4229.679349694553,80.45117361632344,4.732421977430791,177
2020,189,13,Holokuk,4498.211137306411,85.55881787976469,5.032871639986158,192
2020,192,14,Holokuk,4700.305751428758,89.40278512727129,5.258987360427723,203
2020,195,15,Holokuk,4944.838387497902,94.053950365287875,5.532585315605169,226
2020,198,16,Holokuk,5160.6949571511495,98.15967870203556,5.774098747178562,240
2020,201,17,Holokuk,5257.448909155945,100,5.88235294117647,245
2020,153,1,Kisaralik,12.97216815276092,0.0541320736175421,0.0031842396245613,1
2020,156,2,Kisaralik,12.97216815276092,0.0541320736175421,0.0031842396245613,2
2020,159,3,Kisaralik,587.5576689350978,2.4518426383932432,0.14422603755254373,15
2020,162,4,Kisaralik,2226.4716759405824,9.290931727841997,0.5465253957554116,36
2020,165,5,Kisaralik,2799.19239155861,11.680860656841276,0.687109450402428,48
2020,168,6,Kisaralik,3929.5355368925325,16.397714280364273,0.9645714282567219,62
2020,171,7,Kisaralik,4735.3476515265265,19.760319528584922,1.1623717369755837,78
2020,174,8,Kisaralik,10161.381950795634,42.40283269064486,2.4942842759202857,91
2020,177,9,Kisaralik,11719.6561530627,48.90541674907647,2.8767892205339103,117
2020,180,10,Kisaralik,14783.428168040713,61.69035218231451,3.6288442460185006,134
2020,183,11,Kisaralik,17294.90191439468,72.17058032345389,4.2453282543208175,148
2020,186,12,Kisaralik,18784.247832893758,78.38553081999206,4.610913577646592,177
2020,189,13,Kisaralik,19844.890755278808,82.81152962607851,4.871266448592854,192
2020,192,14,Kisaralik,20421.613934052584,85.21816059190364,5.012832975994332,203
2020,195,15,Kisaralik,21675.55850657624,90.45079550018,5.320635029422354,226
2020,198,16,Kisaralik,23501.495878047102,98.0703217851862,5.76884245795213,240
2020,201,17,Kisaralik,23963.922469353078,100,5.88235294117647,245
2020,153,1,Kwethluk,0,0,0,1
2020,156,2,Kwethluk,0,0,0,2
2020,159,3,Kwethluk,281.4817738518432,1.509652915277597,0.08880311266338806,15
2020,162,4,Kwethluk,1601.2044704742882,8.58763593723602,0.5051550551315305,36
2020,165,5,Kwethluk,2270.90969991191,12.179422496494045,0.7164366174408261,48
2020,168,6,Kwethluk,3909.5706904784497,20.967946555115798,1.2334086208891644,62
2020,171,7,Kwethluk,4239.756050175659,22.738808249028665,1.3375769558252155,78
2020,174,8,Kwethluk,6414.167848788764,34.400689819087496,2.023569989358088,91
2020,177,9,Kwethluk,7775.511943633055,41.7018981827926,2.4530528342819173,117
2020,180,10,Kwethluk,9113.849536824715,48.879717270471204,2.8752774864983057,134
2020,183,11,Kwethluk,11730.687822308097,62.91443608167692,3.700849181275112,148
2020,186,12,Kwethluk,13516.908697349221,72.49435848459194,4.264374028505409,177
2020,189,13,Kwethluk,14950.019074322849,80.1804662879752,4.716498016939717,192
2020,192,14,Kwethluk,16014.5114962171,85.88958935485415,5.052328785579656,203
2020,195,15,Kwethluk,16600.135092539065,89.03042635237905,5.237083903081121,226
2020,198,16,Kwethluk,17855.562378840244,95.76357797618962,5.633151645658213,240
2020,201,17,Kwethluk,18645.462874496814,100,5.88235294117647,245
2020,153,1,Lower Kusko,0.839979863763311,0.07488089924566009,0.004404758779156476,1
2020,156,2,Lower Kusko,0.839979863763311,0.07488089924566009,0.004404758779156476,2
2020,159,3,Lower Kusko,22.577841487382507,2.012725717050717,0.11839563041474807,15
2020,162,4,Lower Kusko,104.28593307883074,9.296680533065729,0.5468635607685722,36
2020,165,5,Lower Kusko,140.7680790595688,12.548920277492362,0.7381717810289625,48
2020,168,6,Lower Kusko,221.62415664826693,19.756921398129503,1.1621718469487945,62
2020,171,7,Lower Kusko,277.02462977928224,24.69565555789789,1.452685621052817,78
2020,174,8,Lower Kusko,362.07882554412583,32.27790239290361,1.898700140759036,91
2020,177,9,Lower Kusko,428.0670521718117,38.16049311045904,2.244734888850532,117
2020,180,10,Lower Kusko,611.7626447517695,54.53623228380617,3.208013663753305,134
2020,183,11,Lower Kusko,683.9902197476746,60.975036354412715,3.5867668443772183,148
2020,186,12,Lower Kusko,804.2436585677301,71.6951571866974,4.217362187452789,177
2020,189,13,Lower Kusko,896.5090850754932,79.9202568637683,4.701191580221665,192
2020,192,14,Lower Kusko,948.6616650157106,84.56945412715064,4.974673772185332,203
2020,195,15,Lower Kusko,1045.976620531546,93.24469944366275,5.484982320215457,226
2020,198,16,Lower Kusko,1101.3979577638502,98.18529355595366,5.775605503291392,240
2020,201,17,Lower Kusko,1121.7545091273648,100,5.88235294117647,245
2020,153,1,Middle Kusko Main,67.51052125692406,0.20293806706161172,0.011937533356565395,1
2020,156,2,Middle Kusko Main,91.97072291612864,0.2764659550446584,0.016262703237921082,2
2020,159,3,Middle Kusko Main,1069.7760279018914,3.2157695607926065,0.1891629153407416,15
2020,162,4,Middle Kusko Main,3501.1140339087005,10.524423473190737,0.6190837337171021,36
2020,165,5,Middle Kusko Main,4508.044790713483,13.551278808423245,0.7971340475543086,48
2020,168,6,Middle Kusko Main,6558.293633253345,19.714370565882795,1.159668856816635,62
2020,171,7,Middle Kusko Main,8123.559405152415,24.419592867129943,1.4364466392429378,78
2020,174,8,Middle Kusko Main,14566.323619946877,43.7866795366024,2.575687031564847,91
2020,177,9,Middle Kusko Main,16458.357323222735,49.47417321032137,2.9102454829600806,117
2020,180,10,Middle Kusko Main,21089.560969413003,63.39567016558517,3.729157068563834,134
2020,183,11,Middle Kusko Main,24194.15118382128,72.72813457854201,4.278125563443648,148
2020,186,12,Middle Kusko Main,26221.543776899907,78.82251996254182,4.636618821325989,177
2020,189,13,Middle Kusko Main,27861.252828687087,83.75152035118849,4.926560020658147,192
2020,192,14,Middle Kusko Main,29481.558136190626,88.62219267058957,5.2130701570935045,203
2020,195,15,Middle Kusko Main,31219.14722140849,93.8454225277476,5.520318972220447,226
2020,198,16,Middle Kusko Main,32690.617967625072,98.2686949809176,5.780511469465742,240
2020,201,17,Middle Kusko Main,33266.56365384025,100,5.882352941176471,245
2020,153,1,N. Fork Kusko,0,0,0,1
2020,156,2,N. Fork Kusko,20.097216309502016,1.091079386543213,0.06418114038489486,2
2020,159,3,N. Fork Kusko,222.06786514835443,12.05608111818304,0.709181242246061,15
2020,162,4,N. Fork Kusko,520.9744510825318,28.283742172942787,1.66374953958487,36
2020,165,5,N. Fork Kusko,625.041650717968,33.93355827627135,1.9960916633100794,48
2020,168,6,N. Fork Kusko,786.288115998737,42.68764101645768,2.511037706850452,62
2020,171,7,N. Fork Kusko,1063.833518732575,57.75560182700779,3.397388342765164,78
2020,174,8,N. Fork Kusko,1183.4930263700555,64.25192550569741,3.7795250297469067,91
2020,177,9,N. Fork Kusko,1291.4624840904762,70.11359549425708,4.124329146721005,117
2020,180,10,N. Fork Kusko,1379.4979692747843,74.89304861302134,4.405473447824783,134
2020,183,11,N. Fork Kusko,1574.19341664804,85.46307910935089,5.0272399476088765,148
2020,186,12,N. Fork Kusko,1655.0571036935137,89.85317476719993,5.285480868658819,177
2020,189,13,N. Fork Kusko,1678.5896091496595,91.1307562601541,5.360632721185535,192
2020,192,14,N. Fork Kusko,1775.5017218600744,96.39212215562355,5.670124832683738,203
2020,195,15,N. Fork Kusko,1812.167751414111,98.38272366066278,5.787219038862515,226
2020,198,16,N. Fork Kusko,1819.9291749280392,98.80409192758414,5.812005407504949,240
2020,201,17,N. Fork Kusko,1841.957290859885,100,5.88235294117647,245
2020,153,1,Oskakawlik,45.62960900555793,0.7488081406075487,0.04404753768279698,1
2020,156,2,Oskakawlik,45.62960900555793,0.7488081406075487,0.04404753768279698,2
2020,159,3,Oskakawlik,147.03408778875823,2.4129139890200753,0.1419361170011809,15
2020,162,4,Oskakawlik,534.3238753509992,8.768562262610365,0.5157977801535508,36
2020,165,5,Oskakawlik,731.9679634381251,12.012015479239253,0.7065891458376031,48
2020,168,6,Oskakawlik,975.2796546348644,16.004900341586335,0.9414647259756668,62
2020,171,7,Oskakawlik,1249.137492382526,20.499065046123953,1.2058273556543502,78
2020,174,8,Oskakawlik,2271.0612600359973,37.26942212295203,2.1923189484089427,91
2020,177,9,Oskakawlik,2717.343002454218,44.5931623217028,2.6231271953942823,117
2020,180,10,Oskakawlik,3670.3348420193697,60.23230679282959,3.5430768701664466,134
2020,183,11,Oskakawlik,4114.545151146045,67.52205357929306,3.9718855046642974,148
2020,186,12,Oskakawlik,4441.908443072843,72.89427357576537,4.287898445633257,177
2020,189,13,Oskakawlik,4791.0126322887945,78.6232742072032,4.624898482776659,192
2020,192,14,Oskakawlik,5238.243821620367,85.96259537614607,5.056623257420357,203
2020,195,15,Oskakawlik,5670.755384435803,93.06035900378623,5.474138764928601,226
2020,198,16,Oskakawlik,6013.70332606183,98.68833206975951,5.8051960041035,240
2020,201,17,Oskakawlik,6093.631536715954,100,5.88235294117647,245
2020,153,1,S. Fork Kusko,14.97171190695492,0.188309315165813,0.011077018539165472,1
2020,156,2,S. Fork Kusko,77.02594092032702,0.9688071928482124,0.05698865840283603,2
2020,159,3,S. Fork Kusko,668.7079354905778,8.410790573633667,0.49475238668433336,15
2020,162,4,S. Fork Kusko,1318.6360425361163,16.585374582821352,0.9756102695777267,36
2020,165,5,S. Fork Kusko,1625.0608943194181,20.439486547285103,1.2023227380755943,48
2020,168,6,S. Fork Kusko,2308.6954800979356,29.03801966571993,1.708118803865878,62
2020,171,7,S. Fork Kusko,3063.541163575066,38.5322227732094,2.266601339600553,78
2020,174,8,S. Fork Kusko,3699.9124097711915,46.53629300292973,2.7374290001723374,91
2020,177,9,S. Fork Kusko,4258.484657090545,53.56183276865782,3.150696045215166,117
2020,180,10,S. Fork Kusko,5075.1299355293095,63.83333104967678,3.7549018264515754,134
2020,183,11,S. Fork Kusko,5626.188626047153,70.76436774557926,4.162609867387016,148
2020,186,12,S. Fork Kusko,6246.522660272477,78.5667271474291,4.621572185142889,177
2020,189,13,S. Fork Kusko,6639.257022086769,83.50641201279021,4.912141883105307,192
2020,192,14,S. Fork Kusko,7215.344230603269,90.75224925476472,5.338367603221454,203
2020,195,15,S. Fork Kusko,7673.553734738702,96.5154591309932,5.677379948881953,226
2020,198,16,S. Fork Kusko,7830.6374121503795,98.49120645374119,5.793600379631835,240
2020,201,17,S. Fork Kusko,7950.5954836975525,100,5.882352941176471,245
2020,153,1,Stony,314.49584334094766,0.5655479444548498,0.033267526144402926,1
2020,156,2,Stony,378.9542274342406,0.6814614212104791,0.040085965953557595,2
2020,159,3,Stony,1926.9462826130912,3.465166654127467,0.20383333259573333,15
2020,162,4,Stony,4953.882323912177,8.90841015765809,0.5240241269210641,36
2020,165,5,Stony,6384.532624391769,11.481103418321611,0.6753590246071536,48
2020,168,6,Stony,9976.556219289403,17.940526026096276,1.0553250603586046,62
2020,171,7,Stony,13902.344467954117,25.00014707167675,1.4705968865692205,78
2020,174,8,Stony,19158.906384914302,34.45285638400174,2.026638610823632,91
2020,177,9,Stony,23346.076037448616,41.982511354694914,2.469559491452642,117
2020,180,10,Stony,31269.195714307338,56.23040728653219,3.307671016854835,134
2020,183,11,Stony,35472.83497033305,63.78967902513429,3.752334060302017,148
2020,186,12,Stony,40412.55192936324,72.67261605441536,4.2748597679067855,177
2020,189,13,Stony,43960.149550516144,79.05214883641418,4.650126402142011,192
2020,192,14,Stony,48091.54062078629,86.48149894390474,5.0871469967002785,203
2020,195,15,Stony,52002.54696070452,93.51453814974488,5.50085518527911,226
2020,198,16,Stony,54524.49484370086,98.04967739387342,5.767628081992554,240
2020,201,17,Stony,55609.05073116313,100,5.88235294117647,245
2020,153,1,Swift,41.165702440652595,0.10805965797047112,0.006356450468851242,1
2020,156,2,Swift,403.3156041816551,1.0587004146195411,0.06227649497762006,2
2020,159,3,Swift,3463.9530962059516,9.092850713319095,0.5348735713717114,15
2020,162,4,Swift,6894.630105424407,18.098351949639746,1.0646089382141026,36
2020,165,5,Swift,8284.903519495101,21.74780916044537,1.2792828917909043,48
2020,168,6,Swift,11817.094806841616,31.01978461008601,1.8246932123580004,62
2020,171,7,Swift,15737.451087615666,41.31069023555348,2.430040602091381,78
2020,174,8,Swift,19098.686046683073,50.13390661474316,2.9490533302790096,91
2020,177,9,Swift,21854.712862676028,57.36845618967139,3.37461506998067,117
2020,180,10,Swift,25524.26748074009,67.00100934490135,3.941235843817726,134
2020,183,11,Swift,28637.14966242393,75.17230155933822,4.421900091725777,148
2020,186,12,Swift,31043.99543934053,81.49025354415458,4.79354432612674,177
2020,189,13,Swift,32519.27412250146,85.36284894425313,5.021344055544302,192
2020,192,14,Swift,35186.49032868066,92.364271339232,5.4331924317195295,203
2020,195,15,Swift,36696.68523985894,96.32852157414392,5.666383622008466,226
2020,198,16,Swift,37289.221931083746,97.88392591301113,5.757877994883008,240
2020,201,17,Swift,38095.347712373594,100,5.88235294117647,245
2020,153,1,Takotna and Nixon Fork,183.03164520698408,0.6832050620101867,0.04018853305942275,1
2020,156,2,Takotna and Nixon Fork,214.19319201644055,0.7995222512930139,0.047030720664294944,2
2020,159,3,Takotna and Nixon Fork,643.5352630373138,2.4021340615277014,0.14130200361927653,15
2020,162,4,Takotna and Nixon Fork,1484.3099706701287,5.540506858293423,0.3259121681349072,36
2020,165,5,Takotna and Nixon Fork,2357.226360667393,8.798855411536021,0.5175797300903542,48
2020,168,6,Takotna and Nixon Fork,3745.910257896385,13.982417341747414,0.822495137749848,62
2020,171,7,Takotna and Nixon Fork,5513.171625500931,20.579101269693663,1.2105353688055096,78
2020,174,8,Takotna and Nixon Fork,7832.780803042974,29.237542438103915,1.7198554375355244,91
2020,177,9,Takotna and Nixon Fork,9721.016954958084,36.28579082050884,2.134458283559344,117
2020,180,10,Takotna and Nixon Fork,13359.1857694083,49.86604000457257,2.93329647085721,134
2020,183,11,Takotna and Nixon Fork,14483.389915669013,54.06237426463774,3.1801396626257494,148
2020,186,12,Takotna and Nixon Fork,18069.271744517268,67.44745100625242,3.9674971180148484,177
2020,189,13,Takotna and Nixon Fork,20168.805138641656,75.28441188317119,4.428494816657129,192
2020,192,14,Takotna and Nixon Fork,22632.656158228154,84.48126681345853,4.96948628314462,203
2020,195,15,Takotna and Nixon Fork,25554.101286367553,95.38619037283917,5.610952374872892,226
2020,198,16,Takotna and Nixon Fork,26609.41120687935,99.32536208747835,5.8426683580869625,240
2020,201,17,Takotna and Nixon Fork,26790.147700084668,100,5.88235294117647,245
2020,153,1,Tatlawiksuk,0,0,0,1
2020,156,2,Tatlawiksuk,168.05684903733066,1.0774892454818494,0.06338172032246173,2
2020,159,3,Tatlawiksuk,1746.7462968901089,11.199188609482169,0.6587758005577746,15
2020,162,4,Tatlawiksuk,3395.016502498573,21.767002003369935,1.2804118825511726,36
2020,165,5,Tatlawiksuk,4050.077797594425,25.96689926813662,1.5274646628315658,48
2020,168,6,Tatlawiksuk,5607.766658796346,35.95395427580914,2.1149384868123025,62
2020,171,7,Tatlawiksuk,7202.948554176121,46.18139425641513,2.7165526033185374,78
2020,174,8,Tatlawiksuk,8505.811623536836,54.53464468097719,3.2079202753515994,91
2020,177,9,Tatlawiksuk,9624.097804502182,61.70448833961603,3.629675784683296,117
2020,180,10,Tatlawiksuk,10903.753541449707,69.908945952491,4.112290938381824,134
2020,183,11,Tatlawiksuk,12176.452801707543,78.06880241484744,4.592282494991026,148
2020,186,12,Tatlawiksuk,12978.10801589179,83.20858027463645,4.894622369096262,177
2020,189,13,Tatlawiksuk,13508.313829597506,86.6079720009026,5.094586588288388,192
2020,192,14,Tatlawiksuk,14642.173720863373,93.87766583201096,5.522215637177115,203
2020,195,15,Tatlawiksuk,15100.007623516281,96.81304816930513,5.694885186429713,226
2020,198,16,Tatlawiksuk,15279.509939372974,97.96391953207659,5.7625835018868585,240
2020,201,17,Tatlawiksuk,15597.0790188422,100,5.88235294117647,245
2020,153,1,Tuluksak,180.79263566278166,0.7621948725112031,0.04483499250065901,1
2020,156,2,Tuluksak,180.79263566278166,0.7621948725112031,0.04483499250065901,2
2020,159,3,Tuluksak,615.2610466656863,2.593849098472991,0.15257935873370537,15
2020,162,4,Tuluksak,2211.870901762635,9.324918870726268,0.5485246394544864,36
2020,165,5,Tuluksak,2907.653393435893,12.258234409781709,0.7210726123401004,48
2020,168,6,Tuluksak,3911.667168654617,16.49100721381171,0.970059247871277,62
2020,171,7,Tuluksak,4913.328374620249,20.713861935640185,1.2184624668023638,78
2020,174,8,Tuluksak,8706.953201999702,36.70722018864487,2.1592482463908746,91
2020,177,9,Tuluksak,10442.518702048148,44.024106300707835,2.589653311806343,117
2020,180,10,Tuluksak,14453.619909295958,60.93431263781888,3.5843713316364045,134
2020,183,11,Tuluksak,16296.691782104781,68.70442963387137,4.041437037286551,148
2020,186,12,Tuluksak,17522.554772960135,73.87248574747304,4.345440338086649,177
2020,189,13,Tuluksak,18768.53427369994,79.12535007591455,4.654432357406738,192
2020,192,14,Tuluksak,20275.18012700921,85.4771449920777,5.0280673524751585,203
2020,195,15,Tuluksak,21967.180035507936,92.61036504730498,5.44766853219441,226
2020,198,16,Tuluksak,23332.51475710314,98.36641324167071,5.786259602451219,240
2020,201,17,Tuluksak,23720.001561690417,100,5.88235294117647,245
2020,153,1,Upper Kusko Main,200.46330840343197,0.5549298606368179,0.03264293297863634,1
2020,156,2,Upper Kusko Main,467.7392126591106,1.2948127922388983,0.07616545836699401,2
2020,159,3,Upper Kusko Main,2682.432219970731,7.425606959455844,0.4368004093797555,15
2020,162,4,Upper Kusko Main,5257.687908585686,14.55452392570304,0.8561484662178256,36
2020,165,5,Upper Kusko Main,6662.501241867191,18.443379564510316,1.0849046802653128,48
2020,168,6,Upper Kusko Main,9206.94385961332,25.486998661241067,1.4992352153671216,62
2020,171,7,Upper Kusko Main,12495.127899675643,34.58946995951859,2.034674703501093,78
2020,174,8,Upper Kusko Main,15812.993139391843,43.77410584002634,2.5749474023544905,91
2020,177,9,Upper Kusko Main,18600.65452806254,51.491012032178084,3.0288830607163577,117
2020,180,10,Upper Kusko Main,22313.367777532767,61.768680611640214,3.633451800684718,134
2020,183,11,Upper Kusko Main,24644.766029874434,68.22254250569411,4.013090735629064,148
2020,186,12,Upper Kusko Main,27358.301427307357,75.73425041834643,4.454955906961555,177
2020,189,13,Upper Kusko Main,29180.100977798065,80.77742255151033,4.7516130912653125,192
2020,192,14,Upper Kusko Main,32511.50612686105,89.99954010418388,5.294090594363757,203
2020,195,15,Upper Kusko Main,34758.85966473829,96.22074634640572,5.660043902729747,226
2020,198,16,Upper Kusko Main,35650.228119250074,98.68826509673386,5.805192064513755,240
2020,201,17,Upper Kusko Main,36124.08028888324,100,5.88235294117647,245
2021,153,1,Aniak,238.815671267086,0.7115826521685173,0.044473915760532334,1
2021,156,2,Aniak,776.7195658129165,2.3143379398004713,0.14464612123752946,5
2021,159,3,Aniak,776.7195658129165,2.3143379398004713,0.14464612123752946,11
2021,162,4,Aniak,1293.176913029536,3.8531904234522374,0.24082440146576484,32
2021,165,5,Aniak,2577.3208619182624,7.679465944100329,0.47996662150627056,46
2021,168,6,Aniak,3213.7391499032424,9.575757803215497,0.5984848627009686,57
2021,171,7,Aniak,5903.132286694567,17.589157806858942,1.099322362928684,80
2021,174,8,Aniak,9894.11043958146,29.480801281134024,1.8425500800708765,103
2021,177,9,Aniak,12122.363307899088,36.12017330109782,2.257510831318614,119
2021,180,10,Aniak,18234.25601504565,54.3313601936733,3.395710012104581,154
2021,183,11,Aniak,22751.634267096102,67.79148188663973,4.236967617914983,171
2021,186,12,Aniak,25312.504914755456,75.42193225722686,4.7138707660766785,186
2021,189,13,Aniak,28180.56873692472,83.96770502975703,5.247981564359814,202
2021,192,14,Aniak,30767.82750181964,91.67678226075324,5.729798891297078,216
2021,195,15,Aniak,31651.769323218326,94.31060299075924,5.894412686922452,228
2021,198,16,Aniak,33561.199185970254,100,6.25,236
2021,153,1,Big River,0,0,0,1
2021,156,2,Big River,855.9016475944746,2.630354779618407,0.16439717372615043,5
2021,159,3,Big River,2738.1498927879725,8.414875328314494,0.5259297080196559,11
2021,162,4,Big River,9239.893403591943,28.396017048933132,1.7747510655583207,32
2021,165,5,Big River,12897.805634432787,39.63750366933925,2.4773439793337033,46
2021,168,6,Big River,15201.84198879967,46.718262368842225,2.919891398052639,57
2021,171,7,Big River,17812.186767042174,54.74036734223432,3.421272958889645,80
2021,174,8,Big River,21474.91083056114,65.99664167466224,4.12479010466639,103
2021,177,9,Big River,24181.953465494455,74.31591825677876,4.644744891048672,119
2021,180,10,Big River,27218.930376137687,83.64914802091403,5.228071751307127,154
2021,183,11,Big River,28093.366606005846,86.33646323191942,5.396028951994964,171
2021,186,12,Big River,28585.939399201314,87.85023669471519,5.4906397934196995,186
2021,189,13,Big River,29956.016337852652,92.06075367894464,5.75379710493404,202
2021,192,14,Big River,31498.63237439893,96.80151738263598,6.050094836414749,216
2021,195,15,Big River,32539.399408267,100,6.25,228
2021,198,16,Big River,32539.399408267,100,6.25,236
2021,153,1,E. Fork Kuskokwim,0,0,0,1
2021,156,2,E. Fork Kuskokwim,2.2762361045605646,0.17348176699415838,0.010842610437134899,5
2021,159,3,E. Fork Kuskokwim,37.9195011401314,2.8900086630499042,0.18062554144061901,11
2021,162,4,E. Fork Kuskokwim,682.315782974364,52.00222746719281,3.2501392166995506,32
2021,165,5,E. Fork Kuskokwim,690.1567198703168,52.59981907241963,3.2874886920262267,46
2021,168,6,E. Fork Kuskokwim,903.8269075527116,68.88454526529908,4.305284079081193,57
2021,171,7,E. Fork Kuskokwim,1059.7305181184156,80.76663156887648,5.04791447305478,80
2021,174,8,E. Fork Kuskokwim,1212.110875192086,92.3801955341333,5.773762220883332,103
2021,177,9,E. Fork Kuskokwim,1219.1423291312776,92.91609295332677,5.807255809582923,119
2021,180,10,E. Fork Kuskokwim,1253.506178708393,95.53511008138973,5.970944380086858,154
2021,183,11,E. Fork Kuskokwim,1255.377856542656,95.67775871844508,5.979859919902817,171
2021,186,12,E. Fork Kuskokwim,1256.8529864375869,95.79018472741919,5.986886545463699,186
2021,189,13,E. Fork Kuskokwim,1287.7170561681717,98.14246854488655,6.13390428405541,202
2021,192,14,E. Fork Kuskokwim,1309.1178429500937,99.77351477008023,6.235844673130014,216
2021,195,15,E. Fork Kuskokwim,1312.0895319432686,100,6.25,228
2021,198,16,E. Fork Kuskokwim,1312.0895319432686,100,6.25,236
2021,153,1,George,0,0,0,1
2021,156,2,George,0,0,0,5
2021,159,3,George,0,0,0,11
2021,162,4,George,1034.7058297363974,7.133393279407642,0.4458370799629776,32
2021,165,5,George,1823.3334790006397,12.570292358878154,0.7856432724298846,46
2021,168,6,George,1980.4681335346784,13.653598605350851,0.8533499128344282,57
2021,171,7,George,3632.549725124166,25.043258723028817,1.565203670189301,80
2021,174,8,George,4740.770535498026,32.68347360693893,2.0427171004336833,103
2021,177,9,George,6091.590913195547,41.99620069035475,2.6247625431471717,119
2021,180,10,George,9969.946703753869,68.73407761772125,4.295879851107578,154
2021,183,11,George,11147.570929434065,76.85276845304287,4.803298028315179,171
2021,186,12,George,11882.689939180053,81.92077218220209,5.12004826138763,186
2021,189,13,George,12146.897652837448,83.74225368429381,5.233890855268363,202
2021,192,14,George,12867.551919972731,88.71053564252817,5.544408477658011,216
2021,195,15,George,14117.338441738817,97.32672250341761,6.082920156463601,228
2021,198,16,George,14505.100016332193,100,6.25,236
2021,153,1,Hoholitna,0,0,0,1
2021,156,2,Hoholitna,225.38847169163205,0.4982795756648139,0.03114247347905087,5
2021,159,3,Hoholitna,405.7485086527521,0.897012137314344,0.0560632585821465,11
2021,162,4,Hoholitna,3905.056800303184,8.633139178760882,0.5395711986725551,32
2021,165,5,Hoholitna,6753.526226551052,14.930418388972052,0.9331511493107533,46
2021,168,6,Hoholitna,8295.332231387143,18.338979776700352,1.146186236043772,57
2021,171,7,Hoholitna,12644.314600278973,27.953531368806612,1.7470957105504132,80
2021,174,8,Hoholitna,16351.124531606612,36.148394512379845,2.2592746570237403,103
2021,177,9,Hoholitna,20917.95281788291,46.24455091088968,2.890284431930605,119
2021,180,10,Hoholitna,31092.44682066353,68.73790434755502,4.2961190217221885,154
2021,183,11,Hoholitna,36054.13961181099,79.70701097486577,4.9816881859291104,171
2021,186,12,Hoholitna,37967.436756625604,83.93684971632221,5.246053107270138,186
2021,189,13,Hoholitna,38897.312363647696,85.99258051484306,5.374536282177691,202
2021,192,14,Hoholitna,41173.78986464785,91.02532347057324,5.689082716910828,216
2021,195,15,Hoholitna,44228.53136995824,97.77862052080683,6.111163782550427,228
2021,198,16,Hoholitna,45233.335400295015,100,6.25,236
2021,153,1,Holitna,103.81309090179705,0.22423540112775148,0.014014712570484467,1
2021,156,2,Holitna,217.4553889338673,0.4697018067895025,0.029356362924343907,5
2021,159,3,Holitna,217.4553889338673,0.4697018067895025,0.029356362924343907,11
2021,162,4,Holitna,2164.941750627476,4.676255929316184,0.2922659955822615,32
2021,165,5,Holitna,4201.945197565932,9.076166201277369,0.5672603875798355,46
2021,168,6,Holitna,5288.789818880623,11.423741420423648,0.713983838776478,57
2021,171,7,Holitna,10081.679809800275,21.77634339324911,1.3610214620780694,80
2021,174,8,Holitna,13825.202006202222,29.86231977685278,1.8663949860532987,103
2021,177,9,Holitna,18344.568052235954,39.62411233473116,2.4765070209206974,119
2021,180,10,Holitna,29087.02111460076,62.82772038271883,3.926732523919927,154
2021,183,11,Holitna,34865.95823640444,75.31017584515676,4.706885990322298,171
2021,186,12,Holitna,37484.08464827062,80.96530682207106,5.060331676379441,186
2021,189,13,Holitna,38759.9604552045,83.72118780848392,5.232574238030245,202
2021,192,14,Holitna,41585.70032561707,89.82476210552545,5.614047631595341,216
2021,195,15,Holitna,44728.50593081529,96.61319571660839,6.038324732288024,228
2021,198,16,Holitna,46296.476996802405,100,6.25,236
2021,153,1,Holokuk,76.54958429828942,1.7873947513704778,0.11171217196065486,1
2021,156,2,Holokuk,87.48710920929533,2.042780522542493,0.1276737826589058,5
2021,159,3,Holokuk,87.48710920929533,2.042780522542493,0.1276737826589058,11
2021,162,4,Holokuk,170.42159925751298,3.979259650138276,0.24870372813364225,32
2021,165,5,Holokuk,265.8703784238942,6.207941209556254,0.3879963255972659,46
2021,168,6,Holokuk,457.3953869639451,10.67995497891545,0.6674971861822157,57
2021,171,7,Holokuk,769.9550994327943,17.978068935742918,1.1236293084839324,80
2021,174,8,Holokuk,1255.4096160144607,29.313190646998937,1.8320744154374335,103
2021,177,9,Holokuk,1405.386993131578,32.81508787009642,2.0509429918810262,119
2021,180,10,Holokuk,2080.8412987104234,48.586610232356946,3.036663139522309,154
2021,183,11,Holokuk,2834.6962396061663,66.18874846737623,4.136796779211014,171
2021,186,12,Holokuk,3177.8929896726213,74.20222202676035,4.637638876672522,186
2021,189,13,Holokuk,3611.4138210194055,84.32471799668717,5.270294874792948,202
2021,192,14,Holokuk,3824.3465645312,89.2965917388729,5.581036983679557,216
2021,195,15,Holokuk,3953.7771046112557,92.31873052808783,5.769920658005489,228
2021,198,16,Holokuk,4282.74639609383,100,6.25,236
2021,153,1,Kisaralik,488.9782586080964,1.734666362511191,0.10841664765694944,1
2021,156,2,Kisaralik,696.1605555023385,2.469652335820676,0.15435327098879226,5
2021,159,3,Kisaralik,696.1605555023385,2.469652335820676,0.15435327098879226,11
2021,162,4,Kisaralik,876.0912830478226,3.1079624757107056,0.1942476547319191,32
2021,165,5,Kisaralik,1781.8702700230099,6.321243051922615,0.3950776907451634,46
2021,168,6,Kisaralik,3116.751565822088,11.056778100780248,0.6910486312987655,57
2021,171,7,Kisaralik,5377.160704058279,19.07565343640914,1.1922283397755713,80
2021,174,8,Kisaralik,8424.551206940367,29.886370898230645,1.8678981811394153,103
2021,177,9,Kisaralik,10814.692276214535,38.36547450158619,2.397842156349137,119
2021,180,10,Kisaralik,14170.23339220676,50.2693663402623,3.141835396266394,154
2021,183,11,Kisaralik,19582.771851185094,69.47052351913983,4.3419077199462395,171
2021,186,12,Kisaralik,21491.333877376223,76.24120971902137,4.765075607438836,186
2021,189,13,Kisaralik,23486.82976560634,83.3202966373142,5.2075185398321375,202
2021,192,14,Kisaralik,26258.618601861654,93.15330817431531,5.822081760894707,216
2021,195,15,Kisaralik,26678.696038266724,94.64354661693254,5.915221663558284,228
2021,198,16,Kisaralik,28188.605554109356,100,6.25,236
2021,153,1,Kwethluk,141.8175079718287,0.6997064409332948,0.043731652558330926,1
2021,156,2,Kwethluk,722.3840755985377,3.5641353296403104,0.2227584581025194,5
2021,159,3,Kwethluk,722.3840755985377,3.5641353296403104,0.2227584581025194,11
2021,162,4,Kwethluk,867.3866505311727,4.2795564161004656,0.2674722760062791,32
2021,165,5,Kwethluk,1452.0821726236384,7.164356950560727,0.4477723094100454,46
2021,168,6,Kwethluk,1810.962783917509,8.935020381611013,0.5584387738506883,57
2021,171,7,Kwethluk,3174.589033844867,15.66294899737418,0.9789343123358862,80
2021,174,8,Kwethluk,4865.762595689798,24.006947216508458,1.5004342010317786,103
2021,177,9,Kwethluk,7064.942743971027,34.857374195035575,2.1785858871897235,119
2021,180,10,Kwethluk,10139.843894750411,50.02847803970985,3.126779877481866,154
2021,183,11,Kwethluk,13553.370636456915,66.87031006474122,4.179394379046326,171
2021,186,12,Kwethluk,15073.258349746819,74.36920944390373,4.648075590243983,186
2021,189,13,Kwethluk,16777.27673485012,82.77658210597573,5.173536381623483,202
2021,192,14,Kwethluk,18681.175410511918,92.17013432175406,5.760633395109629,216
2021,195,15,Kwethluk,19145.11454043401,94.45914082066928,5.90369630129183,228
2021,198,16,Kwethluk,20268.143849393062,100,6.25,236
2021,153,1,Lower Kusko,0.7526771307663945,0.07972820640800579,0.004983012900500362,1
2021,156,2,Lower Kusko,6.149235142383406,0.6513649327754978,0.04071030829846861,5
2021,159,3,Lower Kusko,8.367200091402333,0.8863054670800884,0.055394091692505525,11
2021,162,4,Lower Kusko,71.55026123459164,7.579045201559026,0.47369032509743914,32
2021,165,5,Lower Kusko,118.35940460262218,12.537358523007027,0.7835849076879392,46
2021,168,6,Lower Kusko,176.36263971521194,18.681419119985538,1.1675886949990961,57
2021,171,7,Lower Kusko,256.13284397575694,27.131171411539377,1.695698213221211,80
2021,174,8,Lower Kusko,353.80289301256505,37.476985720468505,2.3423116075292816,103
2021,177,9,Lower Kusko,429.07371595123,45.45013577704557,2.840633486065348,119
2021,180,10,Lower Kusko,635.0228886878728,67.26554305105944,4.204096440691215,154
2021,183,11,Lower Kusko,721.2178414708509,76.39584435277719,4.774740272048574,171
2021,186,12,Lower Kusko,772.5266766840507,81.83079280174499,5.114424550109062,186
2021,189,13,Lower Kusko,834.8751786157378,88.43513087453586,5.527195679658491,202
2021,192,14,Lower Kusko,888.8318534919321,94.15055484023893,5.884409677514933,216
2021,195,15,Lower Kusko,911.2990018980456,96.53041384259498,6.033150865162186,228
2021,198,16,Lower Kusko,944.053760490485,100,6.25,236
2021,153,1,Middle Kusko Main,361.83792693301154,1.213041281223653,0.07581508007647832,1
2021,156,2,Middle Kusko Main,599.0147915650565,2.0081633685860667,0.12551021053662917,5
2021,159,3,Middle Kusko Main,781.9986194543101,2.6216063509384453,0.16385039693365283,11
2021,162,4,Middle Kusko Main,2300.0483207180046,7.710782519369822,0.48192390746061387,32
2021,165,5,Middle Kusko Main,3770.402943429341,12.64006362183724,0.7900039763648276,46
2021,168,6,Middle Kusko Main,5382.989256616843,18.04616846002586,1.1278855287516163,57
2021,171,7,Middle Kusko Main,7619.021318535814,25.542340075417393,1.596396254713587,80
2021,174,8,Middle Kusko Main,10810.482444598736,36.24153384470839,2.2650958652942745,103
2021,177,9,Middle Kusko Main,12702.838028583563,42.58554941428871,2.661596838393044,119
2021,180,10,Middle Kusko Main,17593.93207258203,58.98266686410124,3.6864166790063275,154
2021,183,11,Middle Kusko Main,21666.347670379557,72.63521090861227,4.539700681788267,171
2021,186,12,Middle Kusko Main,23299.60335840022,78.11060866239498,4.881913041399686,186
2021,189,13,Middle Kusko Main,25305.20379917302,84.8342712395028,5.302141952468925,202
2021,192,14,Middle Kusko Main,27343.5869567884,91.66783602939903,5.729239751837439,216
2021,195,15,Middle Kusko Main,28340.820836021292,95.01100647257995,5.938187904536247,228
2021,198,16,Middle Kusko Main,29828.98707025108,100,6.25,236
2021,153,1,N. Fork Kusko,0,0,0,1
2021,156,2,N. Fork Kusko,27.770630362380157,1.3968059319327455,0.0873003707457966,5
2021,159,3,N. Fork Kusko,120.58554657255148,6.065206463086426,0.3790754039429016,11
2021,162,4,N. Fork Kusko,1035.8687826901491,52.102082001193054,3.256380125074566,32
2021,165,5,N. Fork Kusko,1124.89217942362,56.57977685419014,3.536236053386884,46
2021,168,6,N. Fork Kusko,1321.2819685319641,66.45778173985398,4.153611358740874,57
2021,171,7,N. Fork Kusko,1479.8540971405262,74.43363561819058,4.652102226136911,80
2021,174,8,N. Fork Kusko,1656.6173768677186,83.32446720713791,5.20777920044612,103
2021,177,9,N. Fork Kusko,1740.1638140896314,87.52668219400049,5.47041763712503,119
2021,180,10,N. Fork Kusko,1809.006470719706,90.98932707804177,5.6868329423776105,154
2021,183,11,N. Fork Kusko,1824.1441563993612,91.75072171968878,5.734420107480549,171
2021,186,12,N. Fork Kusko,1844.835034463398,92.79143058512004,5.7994644115700025,186
2021,189,13,N. Fork Kusko,1896.276990582144,95.37885580807166,5.961178488004479,202
2021,192,14,N. Fork Kusko,1954.4687954815265,98.30578462505095,6.144111539065684,216
2021,195,15,N. Fork Kusko,1988.152378759892,100,6.25,228
2021,198,16,N. Fork Kusko,1988.152378759892,100,6.25,236
2021,153,1,Oskakawlik,44.26791020822029,0.7649041830447454,0.04780651144029659,1
2021,156,2,Oskakawlik,57.86890036748927,0.9999153732599863,0.06249471082874914,5
2021,159,3,Oskakawlik,57.86890036748927,0.9999153732599863,0.06249471082874914,11
2021,162,4,Oskakawlik,192.19825006485897,3.320989058597827,0.2075618161623642,32
2021,165,5,Oskakawlik,390.5499032535914,6.748302625564639,0.42176891409778994,46
2021,168,6,Oskakawlik,533.6346908353569,9.220661316918399,0.5762913323073999,57
2021,171,7,Oskakawlik,1059.8257460240006,18.312704227942984,1.1445440142464365,80
2021,174,8,Oskakawlik,1628.270592321785,28.134849405301317,1.7584280878313323,103
2021,177,9,Oskakawlik,2075.763718324623,35.867072642254094,2.241692040140881,119
2021,180,10,Oskakawlik,3180.839606312985,54.96165301273703,3.4351033132960644,154
2021,183,11,Oskakawlik,4077.6422058210374,70.45748411256905,4.4035927570355655,171
2021,186,12,Oskakawlik,4480.117798317158,77.4118504430702,4.838240652691887,186
2021,189,13,Oskakawlik,4847.678690806958,83.76292649040752,5.23518290565047,202
2021,192,14,Oskakawlik,5200.232523890745,89.85469590996715,5.615918494372947,216
2021,195,15,Oskakawlik,5483.141174812755,94.74306785912701,5.921441741195438,228
2021,198,16,Oskakawlik,5787.379803834947,100,6.25,236
2021,153,1,S. Fork Kusko,0,0,0,1
2021,156,2,S. Fork Kusko,114.37813574219761,1.7279991259387248,0.1079999453711703,5
2021,159,3,S. Fork Kusko,428.7928335622637,6.478105599434247,0.40488159996464046,11
2021,162,4,S. Fork Kusko,1534.196518810233,23.17829562721443,1.4486434767009018,32
2021,165,5,S. Fork Kusko,2073.147108961787,31.32063981443882,1.9575399884024263,46
2021,168,6,S. Fork Kusko,2570.456166055959,38.83387309459186,2.427117068411991,57
2021,171,7,S. Fork Kusko,3262.6608547253486,49.29154570159609,3.080721606349756,80
2021,174,8,S. Fork Kusko,3944.9869903089348,59.599975352444076,3.7249984595277548,103
2021,177,9,S. Fork Kusko,4508.685617055663,68.11620730525986,4.257262956578741,119
2021,180,10,S. Fork Kusko,5421.882022457629,81.91257301891095,5.119535813681934,154
2021,183,11,S. Fork Kusko,5634.196936189222,85.12017893914448,5.32001118369653,171
2021,186,12,S. Fork Kusko,5784.4403008770505,87.39002186999826,5.4618763668748915,186
2021,189,13,S. Fork Kusko,6020.678848613986,90.95906066708588,5.684941291692867,202
2021,192,14,S. Fork Kusko,6360.507563277305,96.09311638583503,6.0058197741146895,216
2021,195,15,S. Fork Kusko,6597.814623280352,99.67829802569513,6.2298936266059455,228
2021,198,16,S. Fork Kusko,6619.108425767426,100,6.25,236
2021,153,1,Stony,89.20581968258705,0.17309866947623492,0.010818666842264683,1
2021,156,2,Stony,703.4293424462429,1.3649634483629491,0.08531021552268432,5
2021,159,3,Stony,1284.4758872635707,2.4924502442863745,0.1557781402678984,11
2021,162,4,Stony,5960.044929107133,11.565118183073073,0.7228198864420671,32
2021,165,5,Stony,9602.110888679419,18.632333909467107,1.1645208693416942,46
2021,168,6,Stony,11952.549220422916,23.19322185779184,1.44957636611199,57
2021,171,7,Stony,16177.093187144535,31.390702048942533,1.9619188780589083,80
2021,174,8,Stony,21306.79165725011,41.3445815508522,2.5840363469282623,103
2021,177,9,Stony,26016.300450118095,50.48310758909459,3.1551942243184117,119
2021,180,10,Stony,35428.340941232615,68.7466210220236,4.296663813876475,154
2021,183,11,Stony,40701.59011805984,78.97905226443973,4.936190766527483,171
2021,186,12,Stony,42944.414659125876,83.33112195348671,5.20819512209292,186
2021,189,13,Stony,45135.484491099654,87.5827646601364,5.473922791258525,202
2021,192,14,Stony,48222.10883807437,93.57217846223355,5.848261153889597,216
2021,195,15,Stony,50260.11894243505,97.52681773015587,6.095426108134742,228
2021,198,16,Stony,51534.66514358986,100,6.25,236
2021,153,1,Swift,0,0,0,1
2021,156,2,Swift,665.1638484954873,2.0876288292766008,0.13047680182978755,5
2021,159,3,Swift,2418.2302327994776,7.589659542140172,0.47435372138376075,11
2021,162,4,Swift,8357.890962767618,26.231392709164076,1.6394620443227548,32
2021,165,5,Swift,11264.445772151643,35.35366781125692,2.2096042382035574,46
2021,168,6,Swift,13669.029919308317,42.90049886556041,2.6812811790975255,57
2021,171,7,Swift,16788.406978826177,52.690720468197206,3.2931700292623254,80
2021,174,8,Swift,20141.5699254972,63.214683327222,3.950917707951375,103
2021,177,9,Swift,22764.739118212983,71.44754752026277,4.465471720016423,119
2021,180,10,Swift,26384.986684891956,82.80976031401589,5.175610019625993,154
2021,183,11,Swift,27378.38810385465,85.92756872462267,5.370473045288917,171
2021,186,12,Swift,27932.226115816233,87.66579939235278,5.479112462022049,186
2021,189,13,Swift,29189.76645199228,91.6126125959226,5.725788287245162,202
2021,192,14,Swift,30743.064583347405,96.48766701569153,6.0304791884807205,216
2021,195,15,Swift,31797.010695523444,99.79549604647748,6.237218502904843,228
2021,198,16,Swift,31862.170093041783,100,6.25,236
2021,153,1,Takotna and Nixon Fork,18.33069575846554,0.07756018478001558,0.004847511548750974,1
2021,156,2,Takotna and Nixon Fork,172.3869925734822,0.7293976821090222,0.04558735513181389,5
2021,159,3,Takotna and Nixon Fork,352.7717504564177,1.4926352229665552,0.0932897014354097,11
2021,162,4,Takotna and Nixon Fork,2692.872228229226,11.39398473262941,0.7121240457893381,32
2021,165,5,Takotna and Nixon Fork,4305.860164957672,18.2188016446017,1.1386751027876063,46
2021,168,6,Takotna and Nixon Fork,5708.420735037554,24.15326580318778,1.5095791126992362,57
2021,171,7,Takotna and Nixon Fork,7851.812997732622,33.22231054328777,2.0763944089554855,80
2021,174,8,Takotna and Nixon Fork,10027.267262263378,42.42701487970422,2.6516884299815136,103
2021,177,9,Takotna and Nixon Fork,12410.57268042711,52.51117158906554,3.2819482243165963,119
2021,180,10,Takotna and Nixon Fork,17878.95836777179,75.64880967696917,4.728050604810573,154
2021,183,11,Takotna and Nixon Fork,19265.85909990483,81.51701448889509,5.094813405555943,171
2021,186,12,Takotna and Nixon Fork,20225.057070074894,85.57553865989654,5.348471166243534,186
2021,189,13,Takotna and Nixon Fork,20861.000062047387,88.266317919825255,5.516644869989078,202
2021,192,14,Takotna and Nixon Fork,22092.009271438106,93.47492009206694,5.842182505754184,216
2021,195,15,Takotna and Nixon Fork,23331.466949595106,98.71926912341615,6.16995432021351,228
2021,198,16,Takotna and Nixon Fork,23634.156894361462,100,6.25,236
2021,153,1,Tatlawiksuk,0,0,0,1
2021,156,2,Tatlawiksuk,310.41223868950806,2.4199860308270154,0.15124912692668846,5
2021,159,3,Tatlawiksuk,1172.5983257464893,9.141622701661742,0.5713514188538589,11
2021,162,4,Tatlawiksuk,3625.523474951066,28.26472371340025,1.7665452320875157,32
2021,165,5,Tatlawiksuk,4795.562359762491,37.386392912791166,2.336649557049448,46
2021,168,6,Tatlawiksuk,5835.234802529945,45.491720198709416,2.8432325124193385,57
2021,171,7,Tatlawiksuk,7200.094101830607,56.13221701770159,3.5082635636063495,80
2021,174,8,Tatlawiksuk,8571.623636250615,66.82471525222846,4.176544703264279,103
2021,177,9,Tatlawiksuk,9580.540086796842,74.69026761221654,4.668141725763534,119
2021,180,10,Tatlawiksuk,10734.402470228333,83.68582417013315,5.230364010633322,154
2021,183,11,Tatlawiksuk,11004.971867268014,85.79519383922101,5.362199614951313,171
2021,186,12,Tatlawiksuk,11211.010665155936,87.40148041736042,5.462592526085026,186
2021,189,13,Tatlawiksuk,11773.322623929736,91.78528658088193,5.736580411305121,202
2021,192,14,Tatlawiksuk,12422.382081766755,96.84537966153155,6.052836228845722,216
2021,195,15,Tatlawiksuk,12827.026054502745,100,6.25,228
2021,198,16,Tatlawiksuk,12827.026054502745,100,6.25,236
2021,153,1,Tuluksak,163.55784463195272,0.7329258953429997,0.04580786845893748,1
2021,156,2,Tuluksak,226.08894838936789,1.013136638589955,0.06332103991187218,5
2021,159,3,Tuluksak,226.82827003904086,1.0164496437426724,0.06352810273391703,11
2021,162,4,Tuluksak,702.3226314858671,3.147207305523937,0.19670045659524607,32
2021,165,5,Tuluksak,1398.0077513090612,6.2646709800458815,0.3915419362528676,46
2021,168,6,Tuluksak,1966.237420784719,8.810988707563437,0.5506867942227148,57
2021,171,7,Tuluksak,3939.948638368769,17.655468558416807,1.1034667849010504,80
2021,174,8,Tuluksak,5993.26073699013,26.856651245111806,1.6785407028194879,103
2021,177,9,Tuluksak,7471.525900187931,33.48096706884485,2.092560441802803,119
2021,180,10,Tuluksak,11711.71616432926,52.48186092852906,3.280116308033066,154
2021,183,11,Tuluksak,15518.211786972552,69.53930759898984,4.346206724936865,171
2021,186,12,Tuluksak,17133.94169484355,76.77962243698242,4.798726402311401,186
2021,189,13,Tuluksak,18613.44222745139,83.40947412622512,5.21309213288907,202
2021,192,14,Tuluksak,19943.590204736392,89.37005583591973,5.585628489744983,216
2021,195,15,Tuluksak,20994.49386829027,94.07930417715758,5.879956511072349,228
2021,198,16,Tuluksak,22315.74101436405,100,6.25,236
2021,153,1,Upper Kusko Main,0,0,0,1
2021,156,2,Upper Kusko Main,508.9198954971564,1.6072558128120817,0.10045348830075511,5
2021,159,3,Upper Kusko Main,1814.9572231247694,5.731944403593983,0.3582465252246239,11
2021,162,4,Upper Kusko Main,6353.333321021368,20.064910020797836,1.2540568762998647,32
2021,165,5,Upper Kusko Main,8774.643024974648,27.711818956231575,1.7319886847644734,46
2021,168,6,Upper Kusko Main,10529.222894513226,33.253081381439124,2.0783175863399452,57
2021,171,7,Upper Kusko Main,13849.299877811394,43.738450646039624,2.7336531653774765,80
2021,174,8,Upper Kusko Main,16838.224070073178,53.17798292719457,3.3236239329496606,103
2021,177,9,Upper Kusko Main,19724.89213835599,62.29457293174568,3.893410808234105,119
2021,180,10,Upper Kusko Main,24619.06285368392,77.75119862216229,4.859449913885143,154
2021,183,11,Upper Kusko Main,26178.642183365566,82.67661609031548,5.167288505644717,171
2021,186,12,Upper Kusko Main,27178.745851995627,85.83511401708662,5.364694626067914,186
2021,189,13,Upper Kusko Main,28216.099296251377,89.11125308724802,5.569453317953001,202
2021,192,14,Upper Kusko Main,29786.063181036254,94.06946675122852,5.879341671951782,216
2021,195,15,Upper Kusko Main,31373.860581914447,99.08400170006635,6.192750106254147,228
2021,198,16,Upper Kusko Main,31663.901380250205,100,6.25,236
2022,152,1,Aniak,0,0,0,1
2022,155,2,Aniak,0,0,0,1
2022,158,3,Aniak,98.54020013623706,0.2730855283903495,0.015171418243908306,5
2022,161,4,Aniak,389.674395491095,1.0799088904401666,0.05999493835778702,8
2022,164,5,Aniak,2899.794417356781,8.036231807855367,0.4464573226586316,22
2022,167,6,Aniak,4390.008569331952,12.166078495240596,0.6758932497355887,36
2022,170,7,Aniak,5894.520694105446,16.335549310150864,0.9075305172306034,62
2022,173,8,Aniak,12154.180579843158,33.683012833435676,1.8712784907464266,104
2022,176,9,Aniak,14485.55390212514,40.143973078191806,2.2302207265662113,119
2022,179,10,Aniak,22059.22020921069,61.13295688848615,3.3962753826936747,175
2022,182,11,Aniak,27032.5349097671,74.91555800940165,4.1619754449667585,209
2022,185,12,Aniak,30054.635682186447,83.29073874928254,4.627263263849031,226
2022,188,13,Aniak,31546.85966308135,87.42615529741254,4.85700862763403,232
2022,191,14,Aniak,34154.77198448935,94.65349107816775,5.258527282120431,248
2022,194,15,Aniak,35022.29706955952,97.05767278188596,5.392092932326998,254
2022,197,16,Aniak,35022.29706955952,97.05767278188596,5.392092932326998,254
2022,200,17,Aniak,35409.091314406454,98.12959987952057,5.451644437751143,257
2022,203,18,Aniak,36084.006617656916,100,5.555555555555556,259
2022,152,1,Big River,560.9749558557979,1.6540658732463638,0.09189254851368688,1
2022,155,2,Big River,560.9749558557979,1.6540658732463638,0.09189254851368688,1
2022,158,3,Big River,1363.1793663205513,4.019410216815516,0.22330056760086198,5
2022,161,4,Big River,2464.856182280845,7.267765612372705,0.403764756242928,8
2022,164,5,Big River,5580.526891478617,16.45449407246117,0.9141385595811761,22
2022,167,6,Big River,7473.504630309848,22.036044271683753,1.2242246817602083,36
2022,170,7,Big River,10756.067238925289,31.71486278404006,1.761936821335559,62
2022,173,8,Big River,17132.851124227716,50.51716491115575,2.806509161730875,104
2022,176,9,Big River,22314.536355470635,65.79565215454491,3.6553140085858282,119
2022,179,10,Big River,26483.217969282836,78.08724186253325,4.33818010347407,175
2022,182,11,Big River,29651.58562032133,87.42935018800307,4.857186121555726,209
2022,185,12,Big River,30353.062260299408,89.49769309521393,4.972094060845218,226
2022,188,13,Big River,31190.073417214324,91.96566706754098,5.109203725974498,232
2022,191,14,Big River,32411.24810225778,95.56636857964553,5.309242698869196,248
2022,194,15,Big River,33516.429127397154,98.82505633096179,5.490280907275655,254
2022,197,16,Big River,33516.429127397154,98.82505633096179,5.490280907275655,254
2022,200,17,Big River,33516.429127397154,98.82505633096179,5.490280907275655,257
2022,203,18,Big River,33914.910217861914,100,5.555555555555555,259
2022,152,1,E. Fork Kuskokwim,16.541606518634094,2.6427732734221965,0.14682073741234422,1
2022,155,2,E. Fork Kuskokwim,16.541606518634094,2.6427732734221965,0.14682073741234422,1
2022,158,3,E. Fork Kuskokwim,53.78364350333276,8.592755210188137,0.47737528945489655,5
2022,161,4,E. Fork Kuskokwim,56.674665131668874,9.054639893737185,0.5030355496520659,8
2022,164,5,E. Fork Kuskokwim,160.6593588592901,25.66777653912766,1.4259875855070925,22
2022,167,6,E. Fork Kuskokwim,246.74418763055988,39.42113746374864,2.1900631924304803,36
2022,170,7,E. Fork Kuskokwim,297.8445913085937,47.58520429421418,2.6436224607896768,62
2022,173,8,E. Fork Kuskokwim,482.11655370718483,77.02545344531472,4.27919185807304,104
2022,176,9,E. Fork Kuskokwim,496.77879910742894,79.3679701911019,4.409331677283439,119
2022,179,10,E. Fork Kuskokwim,576.2811725945523,92.06968375131228,5.1149824306284595,175
2022,182,11,E. Fork Kuskokwim,616.5817734043463,98.50831778622312,5.47268432145684,209
2022,185,12,E. Fork Kuskokwim,617.8977580964712,98.71856635964086,5.484364797757825,226
2022,188,13,E. Fork Kuskokwim,620.3616882910501,99.11221668970255,5.50623426053903,232
2022,191,14,E. Fork Kuskokwim,622.2916641999283,99.42055970007378,5.5233644277818765,248
2022,194,15,E. Fork Kuskokwim,625.1096286548186,99.87077238881406,5.548376243823004,254
2022,197,16,E. Fork Kuskokwim,625.1096286548186,99.87077238881406,5.548376243823004,254
2022,200,17,E. Fork Kuskokwim,625.1096286548186,99.87077238881406,5.548376243823004,257
2022,203,18,E. Fork Kuskokwim,625.9184881650455,100,5.555555555555556,259
2022,152,1,George,0,0,0,1
2022,155,2,George,0,0,0,1
2022,158,3,George,720.9115283205318,5.315442253999864,0.2953023474444369,5
2022,161,4,George,720.9115283205318,5.315442253999864,0.2953023474444369,8
2022,164,5,George,1099.258302499142,8.105077807225976,0.4502821004014432,22
2022,167,6,George,1884.7878347490057,13.896963085039415,0.772053504724412,36
2022,170,7,George,3558.9667195970424,26.241059185163024,1.4578366213979457,62
2022,173,8,George,4624.416556982495,34.09685960265598,1.8942699779253322,104
2022,176,9,George,7448.776791129876,54.92150054587721,3.051194474770956,119
2022,179,10,George,9887.897107427369,72.90568124283605,4.050315624602003,175
2022,182,11,George,11052.497520874234,81.492541077194,4.527363393177445,209
2022,185,12,George,11296.838806858706,83.29412413544281,4.627451340857934,226
2022,188,13,George,12012.87517677432,88.57362075400414,4.920756708555786,232
2022,191,14,George,12940.772847312166,95.41521821999994,5.300845456666664,248
2022,194,15,George,13278.02832557566,97.9018784399176,5.438993246662089,254
2022,197,16,George,13278.02832557566,97.9018784399176,5.438993246662089,254
2022,200,17,George,13562.587906548073,100,5.555555555555556,257
2022,203,18,George,13562.587906548073,100,5.555555555555556,259
2022,152,1,Hoholitna,0,0,0,1
2022,155,2,Hoholitna,0,0,0,1
2022,158,3,Hoholitna,2059.815948706747,4.950686699397937,0.27503814996655207,5
2022,161,4,Hoholitna,2426.6462872478273,5.8323490047564235,0.3240193891531346,8
2022,164,5,Hoholitna,3748.3555105803616,9.009025191059477,0.5005013995033043,22
2022,167,6,Hoholitna,5920.57349713852,14.229865771985315,0.7905480984436287,36
2022,170,7,Hoholitna,10561.00488801622,25.382960290313843,1.4101644605729915,62
2022,173,8,Hoholitna,15693.057621761409,37.71764738966998,2.0954248549816654,104
2022,176,9,Hoholitna,22400.812364222664,53.83947235523351,2.991081797512973,119
2022,179,10,Hoholitna,29221.258279987436,70.23214612802352,3.9017858960013063,175
2022,182,11,Hoholitna,32825.81678788792,78.89556087314604,4.38308671517478,209
2022,185,12,Hoholitna,34136.37484044942,82.04543565864746,4.558079758813748,226
2022,188,13,Hoholitna,35988.82599107479,86.49772921353686,4.805429400752048,232
2022,191,14,Hoholitna,38950.556181667525,93.6161313557179,5.200896186428772,248
2022,194,15,Hoholitna,40163.326654565026,96.53097753572045,5.3628320853178035,254
2022,197,16,Hoholitna,40163.326654565026,96.53097753572045,5.3628320853178035,254
2022,200,17,Hoholitna,41394.11323360053,99.48912471894535,5.527173595496964,257
2022,203,18,Hoholitna,41606.671433222495,100,5.555555555555556,259
2022,152,1,Holitna,0,0,0,1
2022,155,2,Holitna,0,0,0,1
2022,158,3,Holitna,1899.7863655064787,4.190958490202433,0.23283102723346843,5
2022,161,4,Holitna,2059.2851819574093,4.542815378492111,0.2523786321384506,8
2022,164,5,Holitna,3695.1870200578674,8.151640466410397,0.45286891480057756,22
2022,167,6,Holitna,6013.90166607334,13.266761307634336,0.7370422948685742,36
2022,170,7,Holitna,10426.744249441614,23.001561191706372,1.2778645106503541,62
2022,173,8,Holitna,15652.121255256876,34.52882474335931,1.9182680412977395,104
2022,176,9,Holitna,22799.480852857236,50.296012008179645,2.794222889343314,119
2022,179,10,Holitna,30699.18833636692,67.72289049791144,3.7623828054395245,175
2022,182,11,Holitna,35361.8317143485,78.00875484904782,4.33381971383599,209
2022,185,12,Holitna,37223.71245973942,82.11609294732934,4.562005163740519,226
2022,188,13,Holitna,39366.966672598755,86.84414532370815,4.8246747402060075,232
2022,191,14,Holitna,42751.49897390439,94.31047661287901,5.239470922937723,248
2022,194,15,Holitna,43985.67032575192,97.0330779533782,5.3907265529654556,254
2022,197,16,Holitna,43985.67032575192,97.0330779533782,5.3907265529654556,254
2022,200,17,Holitna,45141.60358425666,99.58308483404464,5.5323936018913695,257
2022,203,18,Holitna,45330.59370422719,100,5.555555555555556,259
2022,152,1,Holokuk,0,0,0,1
2022,155,2,Holokuk,0,0,0,1
2022,158,3,Holokuk,0,0,0,5
2022,161,4,Holokuk,62.533182968924976,1.1571958016911907,0.0642886556495106,8
2022,164,5,Holokuk,533.0780058012202,9.86477260550822,0.5480429225282344,22
2022,167,6,Holokuk,704.145004175076,13.03042007342157,0.7239122263011984,36
2022,170,7,Holokuk,1048.4571654788888,19.402022614907263,1.0778901452726257,62
2022,173,8,Holokuk,2028.2722903267666,37.533803136473544,2.0852112853596414,104
2022,176,9,Holokuk,2292.6547128919565,42.42628125621707,2.357015625345393,119
2022,179,10,Holokuk,3273.8200768149713,60.583048367540094,3.365724909307783,175
2022,182,11,Holokuk,4128.796957955827,76.40465875783292,4.244703264324051,209
2022,185,12,Holokuk,4637.524891341821,85.81882577712337,4.767712543173521,226
2022,188,13,Holokuk,4874.692867307596,90.20769218457262,5.011538454698479,232
2022,191,14,Holokuk,5193.147781858467,96.10079841473723,5.3389332452631795,248
2022,194,15,Holokuk,5318.14205089052,98.41385584268278,5.4674364357046,254
2022,197,16,Holokuk,5318.14205089052,98.41385584268278,5.4674364357046,254
2022,200,17,Holokuk,5321.572732795221,98.4773416674653,5.470963425970294,257
2022,203,18,Holokuk,5403.854980940605,100,5.555555555555556,259
2022,152,1,Kisaralik,0,0,0,1
2022,155,2,Kisaralik,0,0,0,1
2022,158,3,Kisaralik,120.3527993776589,0.3864678202625523,0.02147043445903068,5
2022,161,4,Kisaralik,739.0393110940513,2.373147223195167,0.13184151239973152,8
2022,164,5,Kisaralik,2891.986039510119,9.28652716595372,0.5159181758863177,22
2022,167,6,Kisaralik,3942.1998086704793,12.658894308852647,0.7032719060473693,36
2022,170,7,Kisaralik,5757.291478949397,18.48737960389119,1.0270766446606217,62
2022,173,8,Kisaralik,11276.482633336938,36.21018942699581,2.011677190388656,104
2022,176,9,Kisaralik,13401.920471986845,43.03523490042132,2.39084638335674,119
2022,179,10,Kisaralik,18873.14376726619,60.604013956912574,3.3668896642729207,175
2022,182,11,Kisaralik,23232.553934660842,74.60262266178134,4.144590147876741,209
2022,185,12,Kisaralik,26228.74112389772,84.22375269041866,4.6790973716899265,226
2022,188,13,Kisaralik,27196.90757165836,87.33265567109042,4.851814203949468,232
2022,191,14,Kisaralik,29271.609026419534,93.99478030020757,5.221932238900421,248
2022,194,15,Kisaralik,30269.507820109196,97.1991575447261,5.3999531969292285,254
2022,197,16,Kisaralik,30269.507820109196,97.1991575447261,5.3999531969292285,254
2022,200,17,Kisaralik,30967.014556108526,99.43893849933636,5.524385472185353,257
2022,203,18,Kisaralik,31141.738863508883,100,5.555555555555555,259
2022,152,1,Kwethluk,0,0,0,1
2022,155,2,Kwethluk,0,0,0,1
2022,158,3,Kwethluk,0,0,0,5
2022,161,4,Kwethluk,164.66484431989963,0.8001602258856054,0.04445334588253364,8
2022,164,5,Kwethluk,1331.0486538974983,6.467999869469663,0.359333326081648,22
2022,167,6,Kwethluk,2585.7948952833563,12.565221411099541,0.6980678561721969,36
2022,170,7,Kwethluk,3185.2107238664908,15.4779785741689,0.8598876985649391,62
2022,173,8,Kwethluk,6834.513934221206,33.211134022029185,1.8450630012238438,104
2022,176,9,Kwethluk,8554.478096478091,41.56900129036326,2.3093889605757365,119
2022,179,10,Kwethluk,13349.774297816697,64.8709107386072,3.6039394854781777,175
2022,182,11,Kwethluk,16084.373468441041,78.15922069396377,4.342178927442432,209
2022,185,12,Kwethluk,18405.804634898483,89.43981245720506,4.968878469844727,226
2022,188,13,Kwethluk,18906.278889994253,91.87178021973111,5.103987789985061,232
2022,191,14,Kwethluk,19733.253306769766,95.89031883895926,5.3272399354977376,248
2022,194,15,Kwethluk,20016.66263379464,97.26749726503394,5.4037498480574415,254
2022,197,16,Kwethluk,20016.66263379464,97.26749726503394,5.4037498480574415,254
2022,200,17,Kwethluk,20366.46551964924,98.9673036646142,5.498183536923011,257
2022,203,18,Kwethluk,20578.98393258063,100,5.555555555555556,259
2022,152,1,Lower Kusko,0,0,0,1
2022,155,2,Lower Kusko,0,0,0,1
2022,158,3,Lower Kusko,22.132950465024155,2.1405868359545286,0.1189214908863627,5
2022,161,4,Lower Kusko,37.33887793781532,3.611227102744669,0.20062372793025937,8
2022,164,5,Lower Kusko,127.83434459165389,12.363490156822644,0.6868605642679247,22
2022,167,6,Lower Kusko,154.9405048548857,14.98506064849475,0.8325033693608195,36
2022,170,7,Lower Kusko,242.99865152671956,23.501598462201684,1.3056443590112048,62
2022,173,8,Lower Kusko,433.3415464118517,41.910598913924595,2.328366606329144,104
2022,176,9,Lower Kusko,539.7741358975736,52.204219745440795,2.900234430302266,119
2022,179,10,Lower Kusko,713.3754771810046,68.99406195118742,3.8330034417326337,175
2022,182,11,Lower Kusko,844.4664551659936,81.67251719060576,4.537362066144764,209
2022,185,12,Lower Kusko,887.5751564703149,85.84177237747971,4.7689873543044285,226
2022,188,13,Lower Kusko,911.3926414130415,88.14527885369546,4.8969599363164145,232
2022,191,14,Lower Kusko,985.0935711249583,95.27325938156255,5.292958854531253,248
2022,194,15,Lower Kusko,1006.2466994123088,97.31908278060347,5.406615710033526,254
2022,197,16,Lower Kusko,1006.2466994123088,97.31908278060347,5.406615710033526,254
2022,200,17,Lower Kusko,1017.2117657726106,98.37956844623226,5.465531580346236,257
2022,203,18,Lower Kusko,1033.9664849501257,100,5.555555555555555,259
2022,152,1,Middle Kusko Main,37.64392007437711,0.11149121283869404,0.006193956268816336,1
2022,155,2,Middle Kusko Main,37.64392007437711,0.11149121283869404,0.006193956268816336,1
2022,158,3,Middle Kusko Main,352.4810198318095,1.043954410858962,0.05799746726994234,5
2022,161,4,Middle Kusko Main,953.1707983695031,2.82303671197561,0.1568353728875339,8
2022,164,5,Middle Kusko Main,3508.5303982678956,10.391327699438238,0.5772959833021243,22
2022,167,6,Middle Kusko Main,4675.082224272188,13.846341886681165,0.7692412159267314,36
2022,170,7,Middle Kusko Main,7200.801812456646,21.32684709497918,1.1848248386099545,62
2022,173,8,Middle Kusko Main,13069.915913841198,38.709591723040425,2.150532873502246,104
2022,176,9,Middle Kusko Main,15846.162996044792,46.93209229479805,2.6073384608221146,119
2022,179,10,Middle Kusko Main,21898.895922354255,64.85866672194626,3.6032592623303485,175
2022,182,11,Middle Kusko Main,26727.452997973312,79.1595600284342,4.397753334913012,209
2022,185,12,Middle Kusko Main,29211.49342092784,86.51662270810056,4.80647903933892,226
2022,188,13,Middle Kusko Main,30380.215572986006,89.97806482005281,4.998781378891823,232
2022,191,14,Middle Kusko Main,32400.193594357785,95.96069890984138,5.331149939435633,248
2022,194,15,Middle Kusko Main,33205.42596539471,98.34558160767156,5.4636434226484205,254
2022,197,16,Middle Kusko Main,33205.42596539471,98.34558160767156,5.4636434226484205,254
2022,200,17,Middle Kusko Main,33412.09025018029,98.95766588889575,5.497648104938653,257
2022,203,18,Middle Kusko Main,33764.024191610944,100,5.555555555555556,259
2022,152,1,N. Fork Kusko,33.4840490221619,2.450992528523034,0.136166251584613,1
2022,155,2,N. Fork Kusko,33.4840490221619,2.450992528523034,0.136166251584613,1
2022,158,3,N. Fork Kusko,77.63333625582308,5.682667798073048,0.3157037665596138,5
2022,161,4,N. Fork Kusko,108.0050745570575,7.905842886764164,0.4392134937091202,8
2022,164,5,N. Fork Kusko,265.3737789633263,19.42504471530728,1.0791691508504044,22
2022,167,6,N. Fork Kusko,369.57083913512173,27.052145482185995,1.5028969712325555,36
2022,170,7,N. Fork Kusko,487.55236108828655,35.688252442237065,1.9826806912353925,62
2022,173,8,N. Fork Kusko,757.1220667381116,55.42043399610386,3.078912999783548,104
2022,176,9,N. Fork Kusko,968.5994934133304,70.90032988292374,3.9389072157179856,119
2022,179,10,N. Fork Kusko,1111.9559371727894,81.39385091251935,4.521880606251076,175
2022,182,11,N. Fork Kusko,1243.9487727932706,91.055569353746293,5.058642741874794,209
2022,185,12,N. Fork Kusko,1259.3014433868907,92.17936656515681,5.121075920286489,226
2022,188,13,N. Fork Kusko,1288.5699333012453,94.32178518525124,5.240099176958403,232
2022,191,14,N. Fork Kusko,1318.8410779395772,96.53759693756606,5.363199829864781,248
2022,194,15,N. Fork Kusko,1360.0495788986839,99.55401015257345,5.530778341809637,254
2022,197,16,N. Fork Kusko,1360.0495788986839,99.55401015257345,5.530778341809637,254
2022,200,17,N. Fork Kusko,1360.0495788986839,99.55401015257345,5.530778341809637,257
2022,203,18,N. Fork Kusko,1366.142435462231,100,5.555555555555556,259
2022,152,1,Oskakawlik,0,0,0,1
2022,155,2,Oskakawlik,0,0,0,1
2022,158,3,Oskakawlik,127.36652036342846,2.010857096241827,0.11171428312454597,5
2022,161,4,Oskakawlik,167.00469190366437,2.636662828362785,0.14648126824237695,8
2022,164,5,Oskakawlik,509.1454334736272,8.038366008572687,0.44657588936514936,22
2022,167,6,Oskakawlik,767.9022850109611,12.123607951513012,0.6735337750840562,36
2022,170,7,Oskakawlik,1222.4107244319748,19.29936746903511,1.0721870816130619,62
2022,173,8,Oskakawlik,2149.8114220401726,33.941129436966975,1.8856183020537205,104
2022,176,9,Oskakawlik,2791.692727951093,44.07512363931279,2.448617979961822,119
2022,179,10,Oskakawlik,3911.83048261752,61.75980989997419,3.4311005499985656,175
2022,182,11,Oskakawlik,4733.495964174267,74.7322288654197,4.151790492523317,209
2022,185,12,Oskakawlik,5174.7635124730705,81.69894176851213,4.538830098250674,226
2022,188,13,Oskakawlik,5463.432168017688,86.25642997505308,4.792023887502949,232
2022,191,14,Oskakawlik,5939.890768515636,93.77873768309856,5.209929871283253,248
2022,194,15,Oskakawlik,6134.257804548248,96.84739601314031,5.380410889618906,254
2022,197,16,Oskakawlik,6134.257804548248,96.84739601314031,5.380410889618906,254
2022,200,17,Oskakawlik,6255.311802193583,98.75859127465002,5.4865884041472235,257
2022,203,18,Oskakawlik,6333.9419097194395,100,5.555555555555555,259
2022,152,1,S. Fork Kusko,103.66207343197085,1.435963107329222,0.07977572818495679,1
2022,155,2,S. Fork Kusko,103.66207343197085,1.435963107329222,0.07977572818495679,1
2022,158,3,S. Fork Kusko,363.8516109107321,5.040199105731745,0.28001106142954135,5
2022,161,4,S. Fork Kusko,516.8951364571761,7.160211268564988,0.39778951492027714,8
2022,164,5,S. Fork Kusko,1225.9414392077813,16.98216734593628,0.9434537414409045,22
2022,167,6,S. Fork Kusko,1643.9552841578254,22.77264056172645,1.2651466978736916,36
2022,170,7,S. Fork Kusko,2389.2057851237755,33.09610978895565,1.838672766053092,62
2022,173,8,S. Fork Kusko,3613.0695529234117,50.04949650768204,2.7805275837601138,104
2022,176,9,S. Fork Kusko,4668.296964781272,64.66687375187536,3.592604097326409,119
2022,179,10,S. Fork Kusko,5593.296100603995,77.48028360735665,4.304460200408703,175
2022,182,11,S. Fork Kusko,6331.578699598865,87.70723103220726,4.872623946233736,209
2022,185,12,S. Fork Kusko,6450.176772123954,89.35009279551306,4.96389404419517,226
2022,188,13,S. Fork Kusko,6614.188249829479,91.62203684762814,5.0901131582015635,232
2022,191,14,S. Fork Kusko,6925.344849392661,95.93228632250444,5.329571462361358,248
2022,194,15,S. Fork Kusko,7126.256474963809,98.71538406116817,5.4841880033982315,254
2022,197,16,S. Fork Kusko,7126.256474963809,98.71538406116817,5.4841880033982315,254
2022,200,17,S. Fork Kusko,7171.992641788688,99.34893735657162,5.519385408698424,257
2022,203,18,S. Fork Kusko,7218.99280718807,100,5.555555555555555,259
2022,152,1,Stony,101.09070400418241,0.1990170918049837,0.011056505100276873,1
2022,155,2,Stony,101.09070400418241,0.1990170918049837,0.011056505100276873,1
2022,158,3,Stony,1510.6266753997254,2.973968088387693,0.16522044935487182,5
2022,161,4,Stony,2257.5581998642533,4.44445087155481,0.24691393730860056,8
2022,164,5,Stony,5547.81178099043,10.921967330333977,0.6067759627963321,22
2022,167,6,Stony,7767.215191029853,15.2913029340294,0.8495168296683,36
2022,170,7,Stony,12391.445925844027,24.39501787739219,1.3552787709662328,62
2022,173,8,Stony,20923.21499594217,41.191496693212805,2.288416482956267,104
2022,176,9,Stony,26761.41364804758,52.685148147788915,2.926952674877162,119
2022,179,10,Stony,35257.4360809987,69.4112526217065,3.856180701205917,175
2022,182,11,Stony,40583.90276389843,79.89745824535105,4.43874768029728,209
2022,185,12,Stony,42782.91481184914,84.22664941023962,4.679258300568867,226
2022,188,13,Stony,44469.310424048854,87.54665349645892,4.863702972025495,232
2022,191,14,Stony,47884.41235162305,94.26995867608542,5.23721992644919,248
2022,194,15,Stony,49310.33399119395,97.07716810888802,5.393176006049334,254
2022,197,16,Stony,49310.33399119395,97.07716810888802,5.393176006049334,254
2022,200,17,Stony,50202.0468001909,98.83268155317548,5.49070453073197,257
2022,203,18,Stony,50794.986042324905,100,5.555555555555555,259
2022,152,1,Swift,582.9614434856351,1.7213874655940284,0.09563263697744603,1
2022,155,2,Swift,582.9614434856351,1.7213874655940284,0.09563263697744603,1
2022,158,3,Swift,1615.429858863896,4.770093702883393,0.2650052057157441,5
2022,161,4,Swift,2487.990977697163,7.346620486444679,0.40814558258025996,8
2022,164,5,Swift,5988.5269298102085,17.683116627251867,0.9823953681806594,22
2022,167,6,Swift,8024.396554306863,23.694698512046823,1.3163721395581571,36
2022,170,7,Swift,11383.822970112436,33.61452183548362,1.8674734353046458,62
2022,173,8,Swift,17433.976778329703,51.47961230889469,2.8599784616052606,104
2022,176,9,Swift,22283.157761573522,65.79843125692435,3.6554684031624642,119
2022,179,10,Swift,26589.102204360697,78.51316372197245,4.36184242899847,175
2022,182,11,Swift,29875.811921763678,88.21826681893738,4.9010148232742985,209
2022,185,12,Swift,30454.63247037774,89.92742691579558,4.995968161988643,226
2022,188,13,Swift,31222.72007091364,92.19546090469055,5.121970050260587,232
2022,191,14,Swift,32494.229063409584,95.95001391420969,5.330556328567205,248
2022,194,15,Swift,33459.875445496546,98.80140588343119,5.488966993523955,254
2022,197,16,Swift,33459.875445496546,98.80140588343119,5.488966993523955,254
2022,200,17,Swift,33585.98312202745,99.17378072249005,5.50965448458278,257
2022,203,18,Swift,33865.78879755364,100,5.555555555555556,259
2022,152,1,Takotna and Nixon Fork,42.102156255338834,0.17099470100787448,0.009499705611548582,1
2022,155,2,Takotna and Nixon Fork,42.102156255338834,0.17099470100787448,0.009499705611548582,1
2022,158,3,Takotna and Nixon Fork,984.2831659843062,3.9975911127646353,0.22208839515359086,5
2022,161,4,Takotna and Nixon Fork,1279.358001543485,5.196015083626967,0.2886675046459426,8
2022,164,5,Takotna and Nixon Fork,2910.237910609496,11.819709621721538,0.6566505345400855,22
2022,167,6,Takotna and Nixon Fork,3999.363150976376,16.24310883451241,0.9023949352506894,36
2022,170,7,Takotna and Nixon Fork,7056.406248702197,28.659056542595096,1.5921698079219497,62
2022,173,8,Takotna and Nixon Fork,10497.518627551477,42.63487238412254,2.368604021340141,104
2022,176,9,Takotna and Nixon Fork,14522.91298086853,58.983704964329206,3.2768724980182893,119
2022,179,10,Takotna and Nixon Fork,18314.484347821766,74.38288329406079,4.1323824052255995,175
2022,182,11,Takotna and Nixon Fork,20837.811492555782,84.631184308433,4.701732461579612,209
2022,185,12,Takotna and Nixon Fork,21256.087116750812,86.32997889900797,4.796109938833776,226
2022,188,13,Takotna and Nixon Fork,21916.54819688886,89.01239127334384,4.945132848519102,232
2022,191,14,Takotna and Nixon Fork,23480.77375928065,95.36537425901078,5.298076347722821,248
2022,194,15,Takotna and Nixon Fork,24075.894024202124,97.78240988889185,5.432356104938436,254
2022,197,16,Takotna and Nixon Fork,24075.894024202124,97.78240988889185,5.432356104938436,254
2022,200,17,Takotna and Nixon Fork,24507.516202986113,99.53541049441729,5.529745027467627,257
2022,203,18,Takotna and Nixon Fork,24621.906998977698,100,5.555555555555555,259
2022,152,1,Tatlawiksuk,279.2514085658023,1.962251209785812,0.10901395609921177,1
2022,155,2,Tatlawiksuk,279.2514085658023,1.962251209785812,0.10901395609921177,1
2022,158,3,Tatlawiksuk,688.7104965819663,4.8394491975917955,0.2688582887550997,5
2022,161,4,Tatlawiksuk,1087.6578925049728,7.642783348389294,0.4245990749105163,8
2022,164,5,Tatlawiksuk,2583.580730768212,18.154373654071065,1.0085763141150592,22
2022,167,6,Tatlawiksuk,3494.7734691958317,24.55716697393475,1.364287054107486,36
2022,170,7,Tatlawiksuk,4822.426365362364,33.88635358415925,1.8825751991199582,62
2022,173,8,Tatlawiksuk,7349.735251922415,51.645314749743896,2.8691841527635495,104
2022,176,9,Tatlawiksuk,9510.534228571587,66.82887435221826,3.712715241789904,119
2022,179,10,Tatlawiksuk,11183.364424078194,78.58356197136985,4.3657534428538805,175
2022,182,11,Tatlawiksuk,12603.509139080183,88.56267254916638,4.920148474953688,209
2022,185,12,Tatlawiksuk,12830.311895874174,90.15637618055521,5.008687565586401,226
2022,188,13,Tatlawiksuk,13200.276162902426,92.75605091194568,5.153113939552537,232
2022,191,14,Tatlawiksuk,13678.010060402154,96.11300414322592,5.339611341290329,248
2022,194,15,Tatlawiksuk,14116.745126430314,99.19591935038898,5.5108844083549435,254
2022,197,16,Tatlawiksuk,14116.745126430314,99.19591935038898,5.5108844083549435,254
2022,200,17,Tatlawiksuk,14116.745126430314,99.19591935038898,5.5108844083549435,257
2022,203,18,Tatlawiksuk,14231.175252850719,100,5.555555555555555,259
2022,152,1,Tuluksak,0,0,0,1
2022,155,2,Tuluksak,0,0,0,1
2022,158,3,Tuluksak,420.21650447655395,1.759149967023341,0.09773055372351894,5
2022,161,4,Tuluksak,600.0203975264803,2.511861983709717,0.13954788798387316,8
2022,164,5,Tuluksak,2037.2909892867517,8.528699702276219,0.4738166501264567,22
2022,167,6,Tuluksak,3005.6788209454767,12.582656184186131,0.6990364546770071,36
2022,170,7,Tuluksak,4613.536070653356,19.31361986045856,1.0729788811365866,62
2022,173,8,Tuluksak,8373.949055452655,35.05581538998451,1.947545299443584,104
2022,176,9,Tuluksak,10387.868685882984,43.48667570536473,2.4159264280758186,119
2022,179,10,Tuluksak,14742.54593030101,61.7166363311561,3.428702018397561,175
2022,182,11,Tuluksak,17872.172695281268,74.81817508977373,4.156565282765207,209
2022,185,12,Tuluksak,19563.849775443923,81.90003324641431,4.550001847023017,226
2022,188,13,Tuluksak,20661.68931558866,86.49591268063175,4.805328482257319,232
2022,191,14,Tuluksak,22474.446288582203,94.08464690523155,5.2269248280684195,248
2022,194,15,Tuluksak,23169.11434125532,96.99273183034488,5.388485101685827,254
2022,197,16,Tuluksak,23169.11434125532,96.99273183034488,5.388485101685827,254
2022,200,17,Tuluksak,23582.639644915267,98.72387046137716,5.484659470076509,257
2022,203,18,Tuluksak,23887.474766440897,100,5.555555555555556,259
2022,152,1,Upper Kusko Main,415.02103024005766,1.223276795148786,0.06795982195271032,1
2022,155,2,Upper Kusko Main,415.02103024005766,1.223276795148786,0.06795982195271032,1
2022,158,3,Upper Kusko Main,1673.5792232304439,4.93288406960186,0.2740491149778811,5
2022,161,4,Upper Kusko Main,2275.6807534536265,6.707581679068938,0.372643426614941,8
2022,164,5,Upper Kusko Main,4911.322900878015,14.476151569118764,0.8042306427288202,22
2022,167,6,Upper Kusko Main,6974.176443963274,20.556423861795206,1.1420235478775114,36
2022,170,7,Upper Kusko Main,10459.728216024227,30.83010709800523,1.7127837276669569,62
2022,173,8,Upper Kusko Main,15380.081541828693,45.33287589482561,2.5184931052680897,104
2022,176,9,Upper Kusko Main,21297.112151020643,62.7733565283561,3.4874086960197834,119
2022,179,10,Upper Kusko Main,25727.871848338425,75.83304538189257,4.212946965660698,175
2022,182,11,Upper Kusko Main,29010.739408189154,85.50931577520072,4.750517543066706,209
2022,185,12,Upper Kusko Main,29614.666352292403,87.28939380223298,4.849410766790721,226
2022,188,13,Upper Kusko Main,30637.590906646357,90.30446961611479,5.016914978673044,232
2022,191,14,Upper Kusko Main,32244.785872249548,95.041685717104,5.2800936509502225,248
2022,194,15,Upper Kusko Main,33313.165033382786,98.1907392373048,5.455041068739155,254
2022,197,16,Upper Kusko Main,33313.165033382786,98.1907392373048,5.455041068739155,254
2022,200,17,Upper Kusko Main,33731.68789447127,99.42433769835795,5.523574316575441,257
2022,203,18,Upper Kusko Main,33926.992802113855,100,5.555555555555555,259
